# This file is brought to you by Roblox Corporation
# Generated by Roblox Studio

mtllib palmera.mtl

g MeshespalmTreecylinder0011

v -6.19474 -0.000688553 -31.0896 
v -9.69588 -0.000688553 -33.111 
v -6.19474 -0.000688553 -27.0469 
v -9.69588 -0.00069046 -25.0255 
v -9.68532 44.0751 -37.2987 
v -9.67812 45.0412 -35.3135 
v -8.72752 44.3149 -36.805 
v -8.72392 44.798 -35.8125 
v -9.69588 5.71033 -25.6472 
v -6.91744 5.33673 -27.4641 
v -6.73314 5.71034 -30.7788 
v -6.73314 5.71033 -27.3577 
v -6.91744 5.33673 -27.4641 
v -6.91744 5.33674 -30.6724 
v -7.09557 10.6977 -27.5769 
v -7.09557 10.6977 -27.5769 
v -7.32138 10.2565 -30.4387 
v -7.09557 10.6202 -30.5785 
v -7.32138 10.3273 -27.6978 
v -9.69588 10.2212 -31.8092 
v -9.68635 15.3082 -26.867 
v -7.62397 15.2587 -28.0657 
v -11.1781 37.9922 -32.1445 
v -8.38758 41.3509 -33.9195 
v -7.38795 15.7265 -27.9497 
v -7.63176 15.1619 -30.4497 
v -7.39663 15.5707 -30.6028 
v -7.62397 15.2587 -28.0657 
v -9.70192 15.1146 -31.635 
v -9.67886 41.624 -33.3597 
v -9.68523 20.1911 -27.4123 
v -7.85306 20.1278 -28.4762 
v -8.35407 37.1805 -31.9844 
v -8.16858 34.1516 -30.8926 
v -9.68607 10.7808 -26.0776 
v -9.68151 30.1319 -28.7821 
v -7.54788 20.7161 -28.3378 
v -7.85998 20.0036 -30.5922 
v -7.55595 20.4253 -30.7918 
v -7.85306 20.1278 -28.4762 
v -8.31646 33.272 -30.7791 
v -7.90954 29.9066 -29.788 
v -9.683 25.1834 -27.888 
v -8.50337 40.1597 -34.929 
v -8.18593 37.9868 -32.1528 
v -8.19157 37.2308 -33.7061 
v -8.49891 40.7572 -33.7013 
v -8.72752 44.3149 -36.805 
v -8.38758 41.3509 -33.9195 
v -8.39246 40.6974 -35.2623 
v -8.72392 44.798 -35.8125 
v -7.89925 24.527 -28.993 
v -7.90954 29.9066 -29.788 
v -8.32161 32.9278 -32.3205 
v -8.31646 33.272 -30.7791 
v -7.91623 29.46 -31.7887 
v -8.16858 34.1516 -30.8926 
v -8.35908 36.7086 -33.4441 
v -8.35407 37.1805 -31.9844 
v -8.1743 33.6134 -32.5572 
v -7.77973 25.0199 -28.983 
v -8.11648 28.8272 -31.5799 
v -8.11054 29.0944 -29.781 
v -7.78691 24.6964 -31.161 
v -7.54788 20.7161 -28.3378 
v -7.90599 24.2841 -31.043 
v -7.89925 24.527 -28.993 
v -7.55595 20.4253 -30.7918 
v -7.78691 24.6964 -31.161 
v -7.77973 25.0199 -28.983 
v -7.89925 24.527 -28.993 
v -7.90599 24.2841 -31.043 
v -7.38795 15.7265 -27.9497 
v -7.85998 20.0036 -30.5922 
v -7.85306 20.1278 -28.4762 
v -7.39663 15.5707 -30.6028 
v -10.868 40.7299 -35.1979 
v -9.69193 32.7573 -33.0869 
v -8.50337 40.1597 -34.929 
v -8.49866 41.3231 -33.9768 
v -8.49891 40.7572 -33.7013 
v -8.50312 40.7257 -35.2044 
v -7.63176 15.1619 -30.4497 
v -7.62397 15.2587 -28.0657 
v -7.09068 10.7185 -27.5861 
v -7.10049 10.5967 -30.5862 
v -9.69711 24.1641 -32.0623 
v -7.32138 10.2565 -30.4387 
v -7.32138 10.3273 -27.6978 
v -6.73314 5.71033 -27.3577 
v -6.73314 5.71034 -30.7788 
v -6.91744 5.33674 -30.6724 
v -6.19474 -0.000688553 -27.0469 
v -6.19474 -0.000688553 -31.0896 
v -6.91744 5.33673 -27.4641 
v -7.91623 29.46 -31.7887 
v -7.90954 29.9066 -29.788 
v -8.11054 29.0944 -29.781 
v -8.11648 28.8272 -31.5799 
v -9.69015 36.4745 -34.17 
v -8.1743 33.6134 -32.5572 
v -8.16858 34.1516 -30.8926 
v -8.31646 33.272 -30.7791 
v -8.32161 32.9278 -32.3205 
v -8.35407 37.1805 -31.9844 
v -8.19157 37.2308 -33.7061 
v -8.18593 37.9868 -32.1528 
v -8.35908 36.7086 -33.4441 
v -9.68532 44.0751 -37.2987 
v -9.67812 45.0412 -35.3135 
v -8.72752 44.3149 -36.805 
v -8.72392 44.798 -35.8125 
v -10.6359 44.8014 -35.8072 
v -10.6395 44.3184 -36.7998 
v -6.19474 -0.000688553 -27.0469 
v -13.197 -0.000688553 -27.0469 
v -9.69588 -0.00069046 -25.0255 
v -9.67812 45.0412 -35.3135 
v -8.72392 44.798 -35.8125 
v -10.6359 44.8014 -35.8072 
v -9.69588 5.71033 -25.6472 
v -12.6586 5.71033 -27.3577 
v -12.4743 5.33673 -27.4641 
v -9.69588 5.33673 -25.86 
v -9.69588 5.71033 -25.6472 
v -6.91744 5.33673 -27.4641 
v -6.73314 5.71033 -27.3577 
v -9.69588 5.33673 -25.86 
v -9.69588 10.7365 -26.0762 
v -12.2962 10.6977 -27.5769 
v -12.0704 10.3273 -27.6978 
v -9.69588 10.3627 -26.3273 
v -9.69588 10.7365 -26.0762 
v -7.32138 10.3273 -27.6978 
v -7.09557 10.6977 -27.5769 
v -9.69588 10.3627 -26.3273 
v -7.32138 10.2565 -30.4387 
v -9.68528 15.8058 -26.6156 
v -11.9913 15.7293 -27.9348 
v -11.7565 15.261 -28.0523 
v -9.68635 15.3082 -26.867 
v -9.68528 15.8058 -26.6156 
v -7.62397 15.2587 -28.0657 
v -7.38795 15.7265 -27.9497 
v -9.68635 15.3082 -26.867 
v -10.8638 40.7614 -33.6948 
v -9.67922 38.3675 -31.372 
v -9.67911 41.058 -33.0842 
v -11.1781 37.9922 -32.1445 
v -9.67911 41.058 -33.0842 
v -9.67922 38.3675 -31.372 
v -8.49891 40.7572 -33.7013 
v -8.18593 37.9868 -32.1528 
v -10.6359 44.8014 -35.8072 
v -9.67844 41.68 -33.2445 
v -9.67812 45.0412 -35.3135 
v -10.9742 41.3556 -33.9124 
v -9.67812 45.0412 -35.3135 
v -9.67844 41.68 -33.2445 
v -8.72392 44.798 -35.8125 
v -8.38758 41.3509 -33.9195 
v -10.8635 41.3274 -33.9702 
v -9.67911 41.058 -33.0842 
v -9.67886 41.624 -33.3597 
v -10.8638 40.7614 -33.6948 
v -8.49866 41.3231 -33.9768 
v -9.67886 41.624 -33.3597 
v -9.67911 41.058 -33.0842 
v -8.49891 40.7572 -33.7013 
v -9.68388 20.8632 -27.104 
v -11.8279 20.7195 -28.3242 
v -11.5243 20.13 -28.4643 
v -9.68523 20.1911 -27.4123 
v -9.68388 20.8632 -27.104 
v -7.85306 20.1278 -28.4762 
v -7.54788 20.7161 -28.3378 
v -9.68523 20.1911 -27.4123 
v -11.0112 37.1842 -31.9765 
v -9.68074 34.4228 -30.0558 
v -9.68013 37.4184 -31.2506 
v -11.1986 34.1558 -30.8836 
v -9.68013 37.4184 -31.2506 
v -9.68074 34.4228 -30.0558 
v -8.35407 37.1805 -31.9844 
v -8.16858 34.1516 -30.8926 
v -12.2913 10.7213 -27.5692 
v -9.69588 10.7365 -26.0762 
v -9.68607 10.7808 -26.0776 
v -12.2962 10.6977 -27.5769 
v -9.68607 10.7808 -26.0776 
v -7.09557 10.6977 -27.5769 
v -7.09068 10.7185 -27.5861 
v -9.69588 10.7365 -26.0762 
v -11.0519 33.275 -30.7706 
v -9.68151 30.1319 -28.7821 
v -9.68162 33.4455 -30.0041 
v -11.4602 29.9106 -29.777 
v -7.85998 20.0036 -30.5922 
v -9.68162 33.4455 -30.0041 
v -9.68151 30.1319 -28.7821 
v -8.31646 33.272 -30.7791 
v -7.90954 29.9066 -29.788 
v -11.2605 29.0972 -29.771 
v -9.683 25.1834 -27.888 
v -9.68256 29.2294 -28.8765 
v -11.5935 25.0233 -28.9709 
v -9.68256 29.2294 -28.8765 
v -9.683 25.1834 -27.888 
v -8.11054 29.0944 -29.781 
v -7.77973 25.0199 -28.983 
v -8.39246 40.6974 -35.2623 
v -11.4748 24.5298 -28.9816 
v -9.68388 20.8632 -27.104 
v -9.68363 24.6499 -27.9623 
v -11.8279 20.7195 -28.3242 
v -9.68363 24.6499 -27.9623 
v -9.68388 20.8632 -27.104 
v -7.89925 24.527 -28.993 
v -7.54788 20.7161 -28.3378 
v -9.683 25.1834 -27.888 
v -11.5935 25.0233 -28.9709 
v -11.4748 24.5298 -28.9816 
v -9.68363 24.6499 -27.9623 
v -9.683 25.1834 -27.888 
v -7.89925 24.527 -28.993 
v -7.77973 25.0199 -28.983 
v -9.68363 24.6499 -27.9623 
v -11.5243 20.13 -28.4643 
v -9.68528 15.8058 -26.6156 
v -9.68523 20.1911 -27.4123 
v -11.9913 15.7293 -27.9348 
v -9.68523 20.1911 -27.4123 
v -9.68528 15.8058 -26.6156 
v -7.85306 20.1278 -28.4762 
v -7.38795 15.7265 -27.9497 
v -7.91623 29.46 -31.7887 
v -9.69588 10.3627 -26.3273 
v -9.69588 5.71033 -25.6472 
v -7.32138 10.3273 -27.6978 
v -6.73314 5.71033 -27.3577 
v -12.0704 10.3273 -27.6978 
v -9.69588 5.71033 -25.6472 
v -9.69588 10.3627 -26.3273 
v -12.6586 5.71033 -27.3577 
v -12.2962 10.6202 -30.5785 
v -12.2962 10.6977 -27.5769 
v -9.69588 10.7365 -26.0762 
v -9.69588 10.5815 -32.0793 
v -7.09557 10.6202 -30.5785 
v -7.09557 10.6977 -27.5769 
v -9.69588 10.7365 -26.0762 
v -11.7565 15.261 -28.0523 
v -9.68607 10.7808 -26.0776 
v -9.68635 15.3082 -26.867 
v -12.2913 10.7213 -27.5692 
v -9.68635 15.3082 -26.867 
v -9.68607 10.7808 -26.0776 
v -7.62397 15.2587 -28.0657 
v -7.09068 10.7185 -27.5861 
v -8.11648 28.8272 -31.5799 
v -12.4743 5.33673 -27.4641 
v -9.69588 -0.00069046 -25.0255 
v -9.69588 5.33673 -25.86 
v -13.197 -0.000688553 -27.0469 
v -9.69588 -0.00069046 -25.0255 
v -6.91744 5.33673 -27.4641 
v -9.69588 5.33673 -25.86 
v -6.19474 -0.000688553 -27.0469 
v -9.68151 30.1319 -28.7821 
v -11.4602 29.9106 -29.777 
v -11.2605 29.0972 -29.771 
v -9.68256 29.2294 -28.8765 
v -9.68151 30.1319 -28.7821 
v -8.11054 29.0944 -29.781 
v -7.90954 29.9066 -29.788 
v -9.68256 29.2294 -28.8765 
v -10.868 40.7299 -35.1979 
v -11.1986 34.1558 -30.8836 
v -9.68162 33.4455 -30.0041 
v -9.68074 34.4228 -30.0558 
v -11.0519 33.275 -30.7706 
v -8.16858 34.1516 -30.8926 
v -9.68074 34.4228 -30.0558 
v -9.68162 33.4455 -30.0041 
v -8.31646 33.272 -30.7791 
v -8.50312 40.7257 -35.2044 
v -11.1781 37.9922 -32.1445 
v -9.68013 37.4184 -31.2506 
v -9.67922 38.3675 -31.372 
v -11.0112 37.1842 -31.9765 
v -8.18593 37.9868 -32.1528 
v -9.67922 38.3675 -31.372 
v -9.68013 37.4184 -31.2506 
v -8.35407 37.1805 -31.9844 
v -9.69588 10.5815 -32.0793 
v -7.10049 10.5967 -30.5862 
v -7.09557 10.6202 -30.5785 
v -9.70568 10.5372 -32.0778 
v -9.70568 10.5372 -32.0778 
v -12.2962 10.6202 -30.5785 
v -12.3011 10.5995 -30.5693 
v -9.69588 10.5815 -32.0793 
v -13.197 -0.000688553 -31.0896 
v -9.69588 -0.000688553 -33.111 
v -13.197 -0.000688553 -27.0469 
v -9.69588 -0.00069046 -25.0255 
v -9.68532 44.0751 -37.2987 
v -10.6359 44.8014 -35.8072 
v -12.4743 5.33673 -27.4641 
v -12.6586 5.71033 -27.3577 
v -12.6586 5.71034 -30.7788 
v -12.4743 5.33674 -30.6724 
v -12.4743 5.33673 -27.4641 
v -12.2962 10.6977 -27.5769 
v -12.0704 10.3273 -27.6978 
v -12.2962 10.6977 -27.5769 
v -12.2962 10.6202 -30.5785 
v -12.0704 10.2565 -30.4387 
v -12.0704 10.3273 -27.6978 
v -11.9913 15.7293 -27.9348 
v -11.7565 15.261 -28.0523 
v -9.68635 15.3082 -26.867 
v -11.1781 37.9922 -32.1445 
v -10.9742 41.3556 -33.9124 
v -11.9913 15.7293 -27.9348 
v -12 15.5734 -30.5879 
v -11.7643 15.1642 -30.4363 
v -11.7565 15.261 -28.0523 
v -9.70192 15.1146 -31.635 
v -10.8635 41.3274 -33.9702 
v -9.67886 41.624 -33.3597 
v -11.5243 20.13 -28.4643 
v -9.68523 20.1911 -27.4123 
v -11.0112 37.1842 -31.9765 
v -9.68074 34.4228 -30.0558 
v -11.8279 20.7195 -28.3242 
v -11.836 20.4287 -30.7781 
v -11.5312 20.0058 -30.5803 
v -11.5243 20.13 -28.4643 
v -11.0519 33.275 -30.7706 
v -9.68151 30.1319 -28.7821 
v -11.2605 29.0972 -29.771 
v -9.683 25.1834 -27.888 
v -11.1781 37.9922 -32.1445 
v -10.8638 40.7614 -33.6948 
v -11.1838 37.2362 -33.6979 
v -10.8682 40.1639 -34.9225 
v -10.9742 41.3556 -33.9124 
v -10.6359 44.8014 -35.8072 
v -10.979 40.7021 -35.2552 
v -10.6395 44.3184 -36.7998 
v -11.4748 24.5298 -28.9816 
v -11.0571 32.9309 -32.312 
v -11.4669 29.4639 -31.7777 
v -11.0519 33.275 -30.7706 
v -11.4602 29.9106 -29.777 
v -11.0162 36.7123 -33.4362 
v -11.2043 33.6176 -32.5481 
v -11.0112 37.1842 -31.9765 
v -11.1986 34.1558 -30.8836 
v -11.2665 28.8299 -31.5699 
v -11.6006 24.6997 -31.1489 
v -11.2605 29.0972 -29.771 
v -11.5935 25.0233 -28.9709 
v -11.4815 24.2869 -31.0316 
v -11.836 20.4287 -30.7781 
v -11.4748 24.5298 -28.9816 
v -11.8279 20.7195 -28.3242 
v -11.6006 24.6997 -31.1489 
v -11.4748 24.5298 -28.9816 
v -11.5935 25.0233 -28.9709 
v -11.4815 24.2869 -31.0316 
v -11.5312 20.0058 -30.5803 
v -12 15.5734 -30.5879 
v -11.5243 20.13 -28.4643 
v -11.9913 15.7293 -27.9348 
v -10.8635 41.3274 -33.9702 
v -10.868 40.7299 -35.1979 
v -10.8682 40.1639 -34.9225 
v -10.8638 40.7614 -33.6948 
v -9.69193 32.7573 -33.0869 
v -9.69489 29.2386 -32.7835 
v -11.7643 15.1642 -30.4363 
v -12.2913 10.7213 -27.5692 
v -11.7565 15.261 -28.0523 
v -12.3011 10.5995 -30.5693 
v -9.69711 24.1641 -32.0623 
v -12.0704 10.2565 -30.4387 
v -12.6586 5.71033 -27.3577 
v -12.0704 10.3273 -27.6978 
v -12.6586 5.71034 -30.7788 
v -12.4743 5.33674 -30.6724 
v -13.197 -0.000688553 -27.0469 
v -12.4743 5.33673 -27.4641 
v -13.197 -0.000688553 -31.0896 
v -11.4669 29.4639 -31.7777 
v -11.2605 29.0972 -29.771 
v -11.4602 29.9106 -29.777 
v -11.2665 28.8299 -31.5699 
v -9.69015 36.4745 -34.17 
v -12.2913 10.7213 -27.5692 
v -12.3011 10.5995 -30.5693 
v -12.2962 10.6977 -27.5769 
v -11.2043 33.6176 -32.5481 
v -11.0519 33.275 -30.7706 
v -11.1986 34.1558 -30.8836 
v -11.0571 32.9309 -32.312 
v -11.1838 37.2362 -33.6979 
v -11.0112 37.1842 -31.9765 
v -11.1781 37.9922 -32.1445 
v -11.0162 36.7123 -33.4362 
v -7.10049 10.5967 -30.5862 
v -7.09068 10.7185 -27.5861 
v -7.09557 10.6202 -30.5785 
v -6.19474 -0.000688553 -31.0896 
v -13.197 -0.000688553 -31.0896 
v -9.69588 -0.000688553 -33.111 
v -6.19474 -0.000688553 -27.0469 
v -13.197 -0.000688553 -27.0469 
v -9.69588 -0.00069046 -25.0255 
v -11.9913 15.7293 -27.9348 
v -9.68635 15.3082 -26.867 
v -10.9742 41.3556 -33.9124 
v -8.38758 41.3509 -33.9195 
v -11.7643 15.1642 -30.4363 
v -9.67886 41.624 -33.3597 
v -9.68074 34.4228 -30.0558 
v -8.35407 37.1805 -31.9844 
v -8.16858 34.1516 -30.8926 
v -11.0519 33.275 -30.7706 
v -9.70001 20.2816 -32.0119 
v -11.5312 20.0058 -30.5803 
v -9.69907 19.9425 -31.6442 
v -9.70001 20.2816 -32.0119 
v -7.85998 20.0036 -30.5922 
v -9.69907 19.9425 -31.6442 
v -11.2605 29.0972 -29.771 
v -8.19157 37.2308 -33.7061 
v -7.89925 24.527 -28.993 
v -11.2043 33.6176 -32.5481 
v -8.11648 28.8272 -31.5799 
v -7.78691 24.6964 -31.161 
v -10.868 40.7299 -35.1979 
v -9.69193 32.7573 -33.0869 
v -9.69489 29.2386 -32.7835 
v -8.50312 40.7257 -35.2044 
v -9.69711 24.1641 -32.0623 
v -9.69015 36.4745 -34.17 
v -8.39246 40.6974 -35.2623 
v -8.49866 41.3231 -33.9768 
v -8.50312 40.7257 -35.2044 
v -8.38758 41.3509 -33.9195 
v -9.68819 40.373 -35.9301 
v -10.868 40.7299 -35.1979 
v -10.979 40.7021 -35.2552 
v -9.68777 40.429 -35.815 
v -9.67844 41.68 -33.2445 
v -10.8635 41.3274 -33.9702 
v -9.67886 41.624 -33.3597 
v -10.9742 41.3556 -33.9124 
v -9.67844 41.68 -33.2445 
v -8.49866 41.3231 -33.9768 
v -8.38758 41.3509 -33.9195 
v -9.67886 41.624 -33.3597 
v -9.68819 40.373 -35.9301 
v -8.39246 40.6974 -35.2623 
v -8.50312 40.7257 -35.2044 
v -9.68777 40.429 -35.815 
v -10.9742 41.3556 -33.9124 
v -10.979 40.7021 -35.2552 
v -10.868 40.7299 -35.1979 
v -10.8635 41.3274 -33.9702 
v -6.19474 -0.000688553 -31.0896 
v -13.197 -0.000688553 -31.0896 
v -9.69588 -0.000688553 -33.111 
v -9.68532 44.0751 -37.2987 
v -8.72752 44.3149 -36.805 
v -8.72392 44.798 -35.8125 
v -12.4743 5.33674 -30.6724 
v -6.91744 5.33674 -30.6724 
v -12.0704 10.3273 -27.6978 
v -9.69588 5.71034 -32.4893 
v -12.4743 5.33674 -30.6724 
v -12.6586 5.71034 -30.7788 
v -9.69588 5.33674 -32.2765 
v -9.69588 5.71034 -32.4893 
v -6.73314 5.71034 -30.7788 
v -6.91744 5.33674 -30.6724 
v -9.69588 5.33674 -32.2765 
v -12.0704 10.2565 -30.4387 
v -7.32138 10.2565 -30.4387 
v -9.69588 10.5815 -32.0793 
v -12.0704 10.2565 -30.4387 
v -12.2962 10.6202 -30.5785 
v -9.69588 10.2212 -31.8092 
v -9.69588 10.5815 -32.0793 
v -7.09557 10.6202 -30.5785 
v -7.32138 10.2565 -30.4387 
v -9.69588 10.2212 -31.8092 
v -11.7565 15.261 -28.0523 
v -7.63176 15.1619 -30.4497 
v -12 15.5734 -30.5879 
v -11.7643 15.1642 -30.4363 
v -9.70263 15.4941 -31.922 
v -11.7643 15.1642 -30.4363 
v -12 15.5734 -30.5879 
v -9.70192 15.1146 -31.635 
v -9.70263 15.4941 -31.922 
v -7.39663 15.5707 -30.6028 
v -7.63176 15.1619 -30.4497 
v -9.70192 15.1146 -31.635 
v -11.0112 37.1842 -31.9765 
v -8.35407 37.1805 -31.9844 
v -11.836 20.4287 -30.7781 
v -7.85998 20.0036 -30.5922 
v -9.70001 20.2816 -32.0119 
v -11.5312 20.0058 -30.5803 
v -11.836 20.4287 -30.7781 
v -9.69907 19.9425 -31.6442 
v -9.70001 20.2816 -32.0119 
v -7.55595 20.4253 -30.7918 
v -7.85998 20.0036 -30.5922 
v -11.2605 29.0972 -29.771 
v -8.19157 37.2308 -33.7061 
v -8.39246 40.6974 -35.2623 
v -8.32161 32.9278 -32.3205 
v -7.91623 29.46 -31.7887 
v -8.1743 33.6134 -32.5572 
v -11.2043 33.6176 -32.5481 
v -11.2665 28.8299 -31.5699 
v -11.6006 24.6997 -31.1489 
v -8.11648 28.8272 -31.5799 
v -7.78691 24.6964 -31.161 
v -10.868 40.7299 -35.1979 
v -8.32161 32.9278 -32.3205 
v -7.91623 29.46 -31.7887 
v -9.69193 32.7573 -33.0869 
v -9.69489 29.2386 -32.7835 
v -9.69193 32.7573 -33.0869 
v -11.4669 29.4639 -31.7777 
v -11.0571 32.9309 -32.312 
v -9.69489 29.2386 -32.7835 
v -8.50312 40.7257 -35.2044 
v -9.69443 28.6949 -32.4743 
v -11.6006 24.6997 -31.1489 
v -11.2665 28.8299 -31.5699 
v -9.69738 24.5363 -32.2439 
v -8.11648 28.8272 -31.5799 
v -7.78691 24.6964 -31.161 
v -9.69443 28.6949 -32.4743 
v -9.69738 24.5363 -32.2439 
v -9.69711 24.1641 -32.0623 
v -11.836 20.4287 -30.7781 
v -11.4815 24.2869 -31.0316 
v -9.70001 20.2816 -32.0119 
v -7.90599 24.2841 -31.043 
v -7.55595 20.4253 -30.7918 
v -9.69711 24.1641 -32.0623 
v -9.70001 20.2816 -32.0119 
v -9.69738 24.5363 -32.2439 
v -11.4815 24.2869 -31.0316 
v -11.6006 24.6997 -31.1489 
v -9.69711 24.1641 -32.0623 
v -9.69738 24.5363 -32.2439 
v -7.78691 24.6964 -31.161 
v -7.90599 24.2841 -31.043 
v -9.69711 24.1641 -32.0623 
v -9.69907 19.9425 -31.6442 
v -9.70263 15.4941 -31.922 
v -11.5312 20.0058 -30.5803 
v -12 15.5734 -30.5879 
v -7.85998 20.0036 -30.5922 
v -9.70263 15.4941 -31.922 
v -9.69907 19.9425 -31.6442 
v -7.39663 15.5707 -30.6028 
v -9.69015 36.4745 -34.17 
v -11.2043 33.6176 -32.5481 
v -11.0162 36.7123 -33.4362 
v -9.69216 33.3465 -33.3849 
v -8.35908 36.7086 -33.4441 
v -8.1743 33.6134 -32.5572 
v -9.69015 36.4745 -34.17 
v -9.69216 33.3465 -33.3849 
v -9.70192 15.1146 -31.635 
v -9.70568 10.5372 -32.0778 
v -11.7643 15.1642 -30.4363 
v -12.3011 10.5995 -30.5693 
v -7.63176 15.1619 -30.4497 
v -9.70568 10.5372 -32.0778 
v -9.70192 15.1146 -31.635 
v -7.10049 10.5967 -30.5862 
v -9.69489 29.2386 -32.7835 
v -11.2665 28.8299 -31.5699 
v -11.4669 29.4639 -31.7777 
v -9.69443 28.6949 -32.4743 
v -9.69489 29.2386 -32.7835 
v -7.91623 29.46 -31.7887 
v -8.11648 28.8272 -31.5799 
v -9.69443 28.6949 -32.4743 
v -9.68803 39.863 -35.5396 
v -11.1838 37.2362 -33.6979 
v -10.8682 40.1639 -34.9225 
v -9.6905 36.8555 -34.4787 
v -8.50337 40.1597 -34.929 
v -8.19157 37.2308 -33.7061 
v -9.68803 39.863 -35.5396 
v -9.6905 36.8555 -34.4787 
v -9.68532 44.0751 -37.2987 
v -10.979 40.7021 -35.2552 
v -10.6395 44.3184 -36.7998 
v -9.68819 40.373 -35.9301 
v -8.72752 44.3149 -36.805 
v -8.39246 40.6974 -35.2623 
v -9.68532 44.0751 -37.2987 
v -9.68819 40.373 -35.9301 
v -9.69588 10.2212 -31.8092 
v -9.69588 5.71034 -32.4893 
v -12.0704 10.2565 -30.4387 
v -12.6586 5.71034 -30.7788 
v -7.32138 10.2565 -30.4387 
v -9.69588 5.71034 -32.4893 
v -9.69588 10.2212 -31.8092 
v -6.73314 5.71034 -30.7788 
v -9.69588 -0.000688553 -33.111 
v -12.4743 5.33674 -30.6724 
v -9.69588 5.33674 -32.2765 
v -13.197 -0.000688553 -31.0896 
v -6.91744 5.33674 -30.6724 
v -9.69588 -0.000688553 -33.111 
v -9.69588 5.33674 -32.2765 
v -6.19474 -0.000688553 -31.0896 
v -9.69216 33.3465 -33.3849 
v -11.0571 32.9309 -32.312 
v -11.2043 33.6176 -32.5481 
v -9.69193 32.7573 -33.0869 
v -9.69216 33.3465 -33.3849 
v -8.1743 33.6134 -32.5572 
v -8.32161 32.9278 -32.3205 
v -9.69193 32.7573 -33.0869 
v -9.68777 40.429 -35.815 
v -10.8682 40.1639 -34.9225 
v -10.868 40.7299 -35.1979 
v -9.68803 39.863 -35.5396 
v -9.68777 40.429 -35.815 
v -8.50312 40.7257 -35.2044 
v -8.50337 40.1597 -34.929 
v -9.68803 39.863 -35.5396 
v -9.6905 36.8555 -34.4787 
v -8.19157 37.2308 -33.7061 
v -8.35908 36.7086 -33.4441 
v -9.69015 36.4745 -34.17 
v -9.6905 36.8555 -34.4787 
v -11.0162 36.7123 -33.4362 
v -11.1838 37.2362 -33.6979 
v -9.69015 36.4745 -34.17 

vn 0 -1 0 
vn 0 -1 0 
vn 0 -1 0 
vn 0 -1 0 
vn 0 0.897638 -0.440945 
vn 0 0.897638 -0.440945 
vn 0 0.897638 -0.440945 
vn 0 0.897638 -0.440945 
vn -0.448819 -0.440945 0.779528 
vn 0.448819 -0.440945 0.779528 
vn 0.897638 -0.440945 0 
vn 0.897638 -0.440945 0 
vn 0.897638 -0.440945 0 
vn 0.897638 -0.440945 0 
vn 0.425197 -0.503937 0.748031 
vn 0.850394 -0.519685 0.015748 
vn 0.850394 -0.519685 0.015748 
vn 0.850394 -0.519685 0.015748 
vn 0.850394 -0.519685 0.015748 
vn -0.425197 -0.543307 -0.724409 
vn -0.440945 -0.409449 0.795276 
vn 0.448819 -0.409449 0.795276 
vn -0.496063 0.464567 0.732283 
vn 0.503937 0.456693 0.740157 
vn 0.88189 -0.472441 0.023622 
vn 0.88189 -0.472441 0.023622 
vn 0.88189 -0.472441 0.023622 
vn 0.88189 -0.472441 0.023622 
vn -0.433071 -0.535433 -0.724409 
vn -0.496063 0.377953 0.779528 
vn -0.440945 -0.393701 0.811024 
vn 0.448819 -0.393701 0.80315 
vn 0.503937 0.322835 0.80315 
vn 0.503937 0.322835 0.80315 
vn -0.496063 0.0314961 0.866142 
vn -0.496063 0.299213 0.818898 
vn 0.858268 -0.511811 0.0472441 
vn 0.858268 -0.511811 0.0472441 
vn 0.858268 -0.511811 0.0472441 
vn 0.858268 -0.511811 0.0472441 
vn 0.496063 0.299213 0.811024 
vn 0.496063 0.299213 0.811024 
vn -0.496063 0.204724 0.84252 
vn 0.992126 0.0866142 -0.0472441 
vn 0.992126 0.0866142 -0.0472441 
vn 0.992126 0.0866142 -0.0472441 
vn 0.992126 0.0866142 -0.0472441 
vn 1 0.0708661 -0.0393701 
vn 1 0.0708661 -0.0393701 
vn 1 0.0708661 -0.0393701 
vn 1 0.0708661 -0.0393701 
vn 0.503937 0.188976 0.84252 
vn 0.992126 0.110236 -0.0314961 
vn 0.992126 0.110236 -0.0314961 
vn 0.992126 0.110236 -0.0314961 
vn 0.992126 0.110236 -0.0314961 
vn 1 0.0551181 -0.023622 
vn 1 0.0551181 -0.023622 
vn 1 0.0551181 -0.023622 
vn 1 0.0551181 -0.023622 
vn 1 0.0787402 -0.015748 
vn 1 0.0787402 -0.015748 
vn 1 0.0787402 -0.015748 
vn 1 0.0787402 -0.015748 
vn 0.992126 0.0866142 -0.015748 
vn 0.992126 0.0866142 -0.015748 
vn 0.992126 0.0866142 -0.015748 
vn 0.992126 0.0866142 -0.015748 
vn 0.968504 -0.251969 0.0314961 
vn 0.968504 -0.251969 0.0314961 
vn 0.968504 -0.251969 0.0314961 
vn 0.968504 -0.251969 0.0314961 
vn 0.992126 0.102362 -0.00787402 
vn 0.992126 0.102362 -0.00787402 
vn 0.992126 0.102362 -0.00787402 
vn 0.992126 0.102362 -0.00787402 
vn -1 0 0 
vn 0.496063 -0.0708661 -0.866142 
vn 1 0 0 
vn 1 0 0 
vn 1 0 0 
vn 1 0 0 
vn 0.992126 0.11811 -0.00787402 
vn 0.992126 0.11811 -0.00787402 
vn 0.992126 0.11811 -0.00787402 
vn 0.992126 0.11811 -0.00787402 
vn -0.503937 -0.00787402 -0.866142 
vn 0.992126 0.125984 0 
vn 0.992126 0.125984 0 
vn 0.992126 0.125984 0 
vn 0.992126 0.125984 0 
vn 0.992126 0.133858 0 
vn 0.992126 0.133858 0 
vn 0.992126 0.133858 0 
vn 0.992126 0.133858 0 
vn 0.96063 -0.259843 0.0472441 
vn 0.96063 -0.259843 0.0472441 
vn 0.96063 -0.259843 0.0472441 
vn 0.96063 -0.259843 0.0472441 
vn -0.503937 -0.212598 -0.84252 
vn 0.984252 -0.173228 0.0472441 
vn 0.984252 -0.173228 0.0472441 
vn 0.984252 -0.173228 0.0472441 
vn 0.984252 -0.173228 0.0472441 
vn 0.968504 -0.220472 0.0866142 
vn 0.968504 -0.220472 0.0866142 
vn 0.968504 -0.220472 0.0866142 
vn 0.968504 -0.220472 0.0866142 
vn 0 0.897638 -0.440945 
vn 0 0.897638 -0.440945 
vn 0 0.897638 -0.440945 
vn 0 0.897638 -0.440945 
vn 0 0.897638 -0.440945 
vn 0 0.897638 -0.440945 
vn 0 -1 0 
vn 0 -1 0 
vn 0 -1 0 
vn 0 0.897638 -0.440945 
vn 0 0.897638 -0.440945 
vn 0 0.897638 -0.440945 
vn -0.448819 -0.440945 0.779528 
vn -0.448819 -0.440945 0.779528 
vn -0.448819 -0.440945 0.779528 
vn -0.448819 -0.440945 0.779528 
vn 0.448819 -0.440945 0.779528 
vn 0.448819 -0.440945 0.779528 
vn 0.448819 -0.440945 0.779528 
vn 0.448819 -0.440945 0.779528 
vn -0.425197 -0.503937 0.748031 
vn -0.425197 -0.503937 0.748031 
vn -0.425197 -0.503937 0.748031 
vn -0.425197 -0.503937 0.748031 
vn 0.425197 -0.503937 0.748031 
vn 0.425197 -0.503937 0.748031 
vn 0.425197 -0.503937 0.748031 
vn 0.425197 -0.503937 0.748031 
vn 0.850394 -0.519685 0.015748 
vn -0.440945 -0.409449 0.795276 
vn -0.440945 -0.409449 0.795276 
vn -0.440945 -0.409449 0.795276 
vn -0.440945 -0.409449 0.795276 
vn 0.448819 -0.409449 0.795276 
vn 0.448819 -0.409449 0.795276 
vn 0.448819 -0.409449 0.795276 
vn 0.448819 -0.409449 0.795276 
vn -0.496063 0.464567 0.732283 
vn -0.496063 0.464567 0.732283 
vn -0.496063 0.464567 0.732283 
vn -0.496063 0.464567 0.732283 
vn 0.503937 0.464567 0.732283 
vn 0.503937 0.464567 0.732283 
vn 0.503937 0.464567 0.732283 
vn 0.503937 0.464567 0.732283 
vn -0.496063 0.456693 0.740157 
vn -0.496063 0.456693 0.740157 
vn -0.496063 0.456693 0.740157 
vn -0.496063 0.456693 0.740157 
vn 0.503937 0.456693 0.740157 
vn 0.503937 0.456693 0.740157 
vn 0.503937 0.456693 0.740157 
vn 0.503937 0.456693 0.740157 
vn -0.496063 0.377953 0.779528 
vn -0.496063 0.377953 0.779528 
vn -0.496063 0.377953 0.779528 
vn -0.496063 0.377953 0.779528 
vn 0.503937 0.377953 0.779528 
vn 0.503937 0.377953 0.779528 
vn 0.503937 0.377953 0.779528 
vn 0.503937 0.377953 0.779528 
vn -0.440945 -0.393701 0.811024 
vn -0.440945 -0.393701 0.811024 
vn -0.440945 -0.393701 0.811024 
vn -0.440945 -0.393701 0.811024 
vn 0.448819 -0.393701 0.80315 
vn 0.448819 -0.393701 0.80315 
vn 0.448819 -0.393701 0.80315 
vn 0.448819 -0.393701 0.80315 
vn -0.496063 0.322835 0.80315 
vn -0.496063 0.322835 0.80315 
vn -0.496063 0.322835 0.80315 
vn -0.496063 0.322835 0.80315 
vn 0.503937 0.322835 0.80315 
vn 0.503937 0.322835 0.80315 
vn 0.503937 0.322835 0.80315 
vn 0.503937 0.322835 0.80315 
vn -0.496063 0.0314961 0.866142 
vn -0.496063 0.0314961 0.866142 
vn -0.496063 0.0314961 0.866142 
vn -0.496063 0.0314961 0.866142 
vn 0.503937 0.0314961 0.866142 
vn 0.503937 0.0314961 0.866142 
vn 0.503937 0.0314961 0.866142 
vn 0.503937 0.0314961 0.866142 
vn -0.496063 0.299213 0.818898 
vn -0.496063 0.299213 0.818898 
vn -0.496063 0.299213 0.818898 
vn -0.496063 0.299213 0.818898 
vn 0.858268 -0.511811 0.0472441 
vn 0.496063 0.299213 0.811024 
vn 0.496063 0.299213 0.811024 
vn 0.496063 0.299213 0.811024 
vn 0.496063 0.299213 0.811024 
vn -0.496063 0.204724 0.84252 
vn -0.496063 0.204724 0.84252 
vn -0.496063 0.204724 0.84252 
vn -0.496063 0.204724 0.84252 
vn 0.503937 0.204724 0.84252 
vn 0.503937 0.204724 0.84252 
vn 0.503937 0.204724 0.84252 
vn 0.503937 0.204724 0.84252 
vn 1 0.0708661 -0.0393701 
vn -0.496063 0.188976 0.850394 
vn -0.496063 0.188976 0.850394 
vn -0.496063 0.188976 0.850394 
vn -0.496063 0.188976 0.850394 
vn 0.503937 0.188976 0.84252 
vn 0.503937 0.188976 0.84252 
vn 0.503937 0.188976 0.84252 
vn 0.503937 0.188976 0.84252 
vn -0.480315 -0.125984 0.866142 
vn -0.480315 -0.125984 0.866142 
vn -0.480315 -0.125984 0.866142 
vn -0.480315 -0.125984 0.866142 
vn 0.488189 -0.125984 0.866142 
vn 0.488189 -0.125984 0.866142 
vn 0.488189 -0.125984 0.866142 
vn 0.488189 -0.125984 0.866142 
vn -0.496063 0.15748 0.858268 
vn -0.496063 0.15748 0.858268 
vn -0.496063 0.15748 0.858268 
vn -0.496063 0.15748 0.858268 
vn 0.496063 0.15748 0.850394 
vn 0.496063 0.15748 0.850394 
vn 0.496063 0.15748 0.850394 
vn 0.496063 0.15748 0.850394 
vn 0.992126 0.110236 -0.0314961 
vn 0.496063 0.125984 0.858268 
vn 0.496063 0.125984 0.858268 
vn 0.496063 0.125984 0.858268 
vn 0.496063 0.125984 0.858268 
vn -0.496063 0.125984 0.858268 
vn -0.496063 0.125984 0.858268 
vn -0.496063 0.125984 0.858268 
vn -0.496063 0.125984 0.858268 
vn 0 1 0 
vn 0 1 0 
vn 0 1 0 
vn 0 1 0 
vn 0 1 0 
vn 0 1 0 
vn 0 1 0 
vn -0.496063 0.149606 0.858268 
vn -0.496063 0.149606 0.858268 
vn -0.496063 0.149606 0.858268 
vn -0.496063 0.149606 0.858268 
vn 0.496063 0.149606 0.850394 
vn 0.496063 0.149606 0.850394 
vn 0.496063 0.149606 0.850394 
vn 0.496063 0.149606 0.850394 
vn 1 0.0787402 -0.015748 
vn -0.496063 0.133858 0.858268 
vn -0.496063 0.133858 0.858268 
vn -0.496063 0.133858 0.858268 
vn -0.496063 0.133858 0.858268 
vn 0.496063 0.133858 0.858268 
vn 0.496063 0.133858 0.858268 
vn 0.496063 0.133858 0.858268 
vn 0.496063 0.133858 0.858268 
vn -0.480315 -0.102362 0.874016 
vn -0.480315 -0.102362 0.874016 
vn -0.480315 -0.102362 0.874016 
vn -0.480315 -0.102362 0.874016 
vn 0.488189 -0.102362 0.866142 
vn 0.488189 -0.102362 0.866142 
vn 0.488189 -0.102362 0.866142 
vn 0.488189 -0.102362 0.866142 
vn -1 0 0 
vn -0.488189 0.0393701 0.874016 
vn -0.488189 0.0393701 0.874016 
vn -0.488189 0.0393701 0.874016 
vn -0.488189 0.0393701 0.874016 
vn 0.496063 0.0393701 0.866142 
vn 0.496063 0.0393701 0.866142 
vn 0.496063 0.0393701 0.866142 
vn 0.496063 0.0393701 0.866142 
vn 1 0 0 
vn -0.480315 0.0944882 0.874016 
vn -0.480315 0.0944882 0.874016 
vn -0.480315 0.0944882 0.874016 
vn -0.480315 0.0944882 0.874016 
vn 0.488189 0.0944882 0.866142 
vn 0.488189 0.0944882 0.866142 
vn 0.488189 0.0944882 0.866142 
vn 0.488189 0.0944882 0.866142 
vn -0.496063 0.0314961 0.866142 
vn -0.496063 0.0314961 0.866142 
vn -0.496063 0.0314961 0.866142 
vn -0.496063 0.0314961 0.866142 
vn 0.503937 0.0314961 0.866142 
vn 0.503937 0.0314961 0.866142 
vn 0.503937 0.0314961 0.866142 
vn 0.503937 0.0314961 0.866142 
vn 0 -1 0 
vn 0 -1 0 
vn 0 -1 0 
vn 0 -1 0 
vn 0 0.897638 -0.440945 
vn 0 0.897638 -0.440945 
vn -0.448819 -0.440945 0.779528 
vn -0.897638 -0.440945 0 
vn -0.897638 -0.440945 0 
vn -0.897638 -0.440945 0 
vn -0.897638 -0.440945 0 
vn -0.425197 -0.503937 0.748031 
vn -0.425197 -0.503937 0.748031 
vn -0.850394 -0.519685 0.015748 
vn -0.850394 -0.519685 0.015748 
vn -0.850394 -0.519685 0.015748 
vn -0.850394 -0.519685 0.015748 
vn -0.440945 -0.409449 0.795276 
vn -0.440945 -0.409449 0.795276 
vn -0.440945 -0.409449 0.795276 
vn -0.496063 0.464567 0.732283 
vn -0.496063 0.456693 0.740157 
vn -0.88189 -0.472441 0.023622 
vn -0.88189 -0.472441 0.023622 
vn -0.88189 -0.472441 0.023622 
vn -0.88189 -0.472441 0.023622 
vn -0.433071 -0.535433 -0.724409 
vn -0.496063 0.377953 0.779528 
vn -0.496063 0.377953 0.779528 
vn -0.440945 -0.393701 0.811024 
vn -0.440945 -0.393701 0.811024 
vn -0.496063 0.322835 0.80315 
vn -0.496063 0.322835 0.80315 
vn -0.858268 -0.511811 0.0472441 
vn -0.858268 -0.511811 0.0472441 
vn -0.858268 -0.511811 0.0472441 
vn -0.858268 -0.511811 0.0472441 
vn -0.496063 0.299213 0.818898 
vn -0.496063 0.299213 0.818898 
vn -0.496063 0.204724 0.84252 
vn -0.496063 0.204724 0.84252 
vn -0.992126 0.0866142 -0.0393701 
vn -0.992126 0.0866142 -0.0393701 
vn -0.992126 0.0866142 -0.0393701 
vn -0.992126 0.0866142 -0.0393701 
vn -1 0.0787402 -0.0314961 
vn -1 0.0787402 -0.0314961 
vn -1 0.0787402 -0.0314961 
vn -1 0.0787402 -0.0314961 
vn -0.496063 0.188976 0.850394 
vn -0.992126 0.110236 -0.023622 
vn -0.992126 0.110236 -0.023622 
vn -0.992126 0.110236 -0.023622 
vn -0.992126 0.110236 -0.023622 
vn -1 0.0551181 -0.015748 
vn -1 0.0551181 -0.015748 
vn -1 0.0551181 -0.015748 
vn -1 0.0551181 -0.015748 
vn -1 0.0787402 -0.00787402 
vn -1 0.0787402 -0.00787402 
vn -1 0.0787402 -0.00787402 
vn -1 0.0787402 -0.00787402 
vn -0.992126 0.0944882 -0.00787402 
vn -0.992126 0.0944882 -0.00787402 
vn -0.992126 0.0944882 -0.00787402 
vn -0.992126 0.0944882 -0.00787402 
vn -0.968504 -0.251969 0.0393701 
vn -0.968504 -0.251969 0.0393701 
vn -0.968504 -0.251969 0.0393701 
vn -0.968504 -0.251969 0.0393701 
vn -0.992126 0.102362 0 
vn -0.992126 0.102362 0 
vn -0.992126 0.102362 0 
vn -0.992126 0.102362 0 
vn -1 0 0 
vn -1 0 0 
vn -1 0 0 
vn -1 0 0 
vn 0.496063 -0.0708661 -0.866142 
vn 0.496063 -0.0708661 -0.866142 
vn -0.992126 0.11811 0 
vn -0.992126 0.11811 0 
vn -0.992126 0.11811 0 
vn -0.992126 0.11811 0 
vn -0.503937 -0.00787402 -0.866142 
vn -0.992126 0.125984 0 
vn -0.992126 0.125984 0 
vn -0.992126 0.125984 0 
vn -0.992126 0.125984 0 
vn -0.992126 0.133858 0 
vn -0.992126 0.133858 0 
vn -0.992126 0.133858 0 
vn -0.992126 0.133858 0 
vn -0.96063 -0.259843 0.0551181 
vn -0.96063 -0.259843 0.0551181 
vn -0.96063 -0.259843 0.0551181 
vn -0.96063 -0.259843 0.0551181 
vn -0.503937 -0.212598 -0.84252 
vn -1 0 0 
vn -1 0 0 
vn -1 0 0 
vn -0.984252 -0.173228 0.0472441 
vn -0.984252 -0.173228 0.0472441 
vn -0.984252 -0.173228 0.0472441 
vn -0.984252 -0.173228 0.0472441 
vn -0.976378 -0.212598 0.0944882 
vn -0.976378 -0.212598 0.0944882 
vn -0.976378 -0.212598 0.0944882 
vn -0.976378 -0.212598 0.0944882 
vn -1 0 0 
vn -1 0 0 
vn -1 0 0 
vn 0 -1 0 
vn 0 -1 0 
vn 0 -1 0 
vn 0 -1 0 
vn 0 -1 0 
vn 0 -1 0 
vn -0.440945 -0.409449 0.795276 
vn -0.440945 -0.409449 0.795276 
vn -0.496063 0.456693 0.740157 
vn 0.503937 0.456693 0.740157 
vn -0.88189 -0.472441 0.023622 
vn -0.496063 0.377953 0.779528 
vn -0.496063 0.322835 0.80315 
vn 0.503937 0.322835 0.80315 
vn 0.503937 0.322835 0.80315 
vn -0.496063 0.299213 0.818898 
vn -0.409449 -0.645669 -0.645669 
vn -0.409449 -0.645669 -0.645669 
vn -0.409449 -0.645669 -0.645669 
vn 0.401575 -0.645669 -0.645669 
vn 0.401575 -0.645669 -0.645669 
vn 0.401575 -0.645669 -0.645669 
vn -0.496063 0.204724 0.84252 
vn 0.992126 0.0866142 -0.0472441 
vn 0.503937 0.188976 0.84252 
vn -1 0.0551181 -0.015748 
vn 1 0.0787402 -0.015748 
vn 1 0.0787402 -0.015748 
vn -1 0 0 
vn 0.496063 -0.0708661 -0.866142 
vn 0.496063 -0.0708661 -0.866142 
vn 1 0 0 
vn -0.503937 -0.00787402 -0.866142 
vn -0.503937 -0.212598 -0.84252 
vn 0 -0.897638 0.440945 
vn 0 -0.897638 0.440945 
vn 0 -0.897638 0.440945 
vn 0 -0.897638 0.440945 
vn 0 -0.897638 0.440945 
vn 0 -0.897638 0.440945 
vn 0 -0.897638 0.440945 
vn 0 -0.897638 0.440945 
vn 0 -0.897638 0.440945 
vn 0 -0.897638 0.440945 
vn 0 -0.897638 0.440945 
vn 0 -0.897638 0.440945 
vn 0 -0.897638 0.440945 
vn 0 -0.897638 0.440945 
vn 0 -0.897638 0.440945 
vn 0 -0.897638 0.440945 
vn 0 -0.897638 0.440945 
vn 0 -0.897638 0.440945 
vn 0 -0.897638 0.440945 
vn 0 -0.897638 0.440945 
vn 0 -0.897638 0.440945 
vn 0 -0.897638 0.440945 
vn 0 -0.897638 0.440945 
vn 0 -0.897638 0.440945 
vn 0 -1 0 
vn 0 -1 0 
vn 0 -1 0 
vn 0 0.897638 -0.440945 
vn 0 0.897638 -0.440945 
vn 0 0.897638 -0.440945 
vn -0.897638 -0.440945 0 
vn 0.897638 -0.440945 0 
vn -0.425197 -0.503937 0.748031 
vn -0.448819 -0.440945 -0.779528 
vn -0.448819 -0.440945 -0.779528 
vn -0.448819 -0.440945 -0.779528 
vn -0.448819 -0.440945 -0.779528 
vn 0.448819 -0.440945 -0.779528 
vn 0.448819 -0.440945 -0.779528 
vn 0.448819 -0.440945 -0.779528 
vn 0.448819 -0.440945 -0.779528 
vn -0.850394 -0.519685 0.015748 
vn 0.850394 -0.519685 0.015748 
vn -0.425197 -0.543307 -0.724409 
vn -0.425197 -0.543307 -0.724409 
vn -0.425197 -0.543307 -0.724409 
vn -0.425197 -0.543307 -0.724409 
vn 0.425197 -0.543307 -0.724409 
vn 0.425197 -0.543307 -0.724409 
vn 0.425197 -0.543307 -0.724409 
vn 0.425197 -0.543307 -0.724409 
vn -0.440945 -0.409449 0.795276 
vn 0.88189 -0.472441 0.023622 
vn -0.88189 -0.472441 0.023622 
vn -0.88189 -0.472441 0.023622 
vn -0.433071 -0.535433 -0.724409 
vn -0.433071 -0.535433 -0.724409 
vn -0.433071 -0.535433 -0.724409 
vn -0.433071 -0.535433 -0.724409 
vn 0.433071 -0.535433 -0.724409 
vn 0.433071 -0.535433 -0.724409 
vn 0.433071 -0.535433 -0.724409 
vn 0.433071 -0.535433 -0.724409 
vn -0.496063 0.322835 0.80315 
vn 0.503937 0.322835 0.80315 
vn -0.858268 -0.511811 0.0472441 
vn 0.858268 -0.511811 0.0472441 
vn -0.409449 -0.645669 -0.645669 
vn -0.409449 -0.645669 -0.645669 
vn -0.409449 -0.645669 -0.645669 
vn -0.409449 -0.645669 -0.645669 
vn 0.401575 -0.645669 -0.645669 
vn 0.401575 -0.645669 -0.645669 
vn 0.401575 -0.645669 -0.645669 
vn -0.496063 0.204724 0.84252 
vn 0.992126 0.0866142 -0.0472441 
vn 1 0.0708661 -0.0393701 
vn 0.992126 0.110236 -0.0314961 
vn 0.992126 0.110236 -0.0314961 
vn 1 0.0551181 -0.023622 
vn -1 0.0551181 -0.015748 
vn -1 0.0787402 -0.00787402 
vn -1 0.0787402 -0.00787402 
vn 1 0.0787402 -0.015748 
vn 1 0.0787402 -0.015748 
vn -1 0 0 
vn 0.496063 -0.0708661 -0.866142 
vn 0.496063 -0.0708661 -0.866142 
vn 0.496063 -0.0708661 -0.866142 
vn 0.496063 -0.0708661 -0.866142 
vn -0.496063 -0.0708661 -0.866142 
vn -0.496063 -0.0708661 -0.866142 
vn -0.496063 -0.0708661 -0.866142 
vn -0.496063 -0.0708661 -0.866142 
vn 1 0 0 
vn -0.503937 -0.0472441 -0.866142 
vn -0.503937 -0.0472441 -0.866142 
vn -0.503937 -0.0472441 -0.866142 
vn -0.503937 -0.0472441 -0.866142 
vn 0.496063 -0.0472441 -0.866142 
vn 0.496063 -0.0472441 -0.866142 
vn 0.496063 -0.0472441 -0.866142 
vn 0.496063 -0.0472441 -0.866142 
vn -0.503937 -0.00787402 -0.866142 
vn -0.503937 -0.00787402 -0.866142 
vn -0.503937 -0.00787402 -0.866142 
vn -0.503937 -0.00787402 -0.866142 
vn 0.496063 -0.00787402 -0.866142 
vn 0.496063 -0.00787402 -0.866142 
vn 0.496063 -0.00787402 -0.866142 
vn 0.496063 -0.00787402 -0.866142 
vn -0.488189 -0.377953 -0.787402 
vn -0.488189 -0.377953 -0.787402 
vn -0.488189 -0.377953 -0.787402 
vn -0.488189 -0.377953 -0.787402 
vn 0.480315 -0.377953 -0.795276 
vn 0.480315 -0.377953 -0.795276 
vn 0.480315 -0.377953 -0.795276 
vn 0.480315 -0.377953 -0.795276 
vn -0.503937 0.0551181 -0.866142 
vn -0.503937 0.0551181 -0.866142 
vn -0.503937 0.0551181 -0.866142 
vn -0.503937 0.0551181 -0.866142 
vn 0.496063 0.0551181 -0.866142 
vn 0.496063 0.0551181 -0.866142 
vn 0.496063 0.0551181 -0.866142 
vn 0.496063 0.0551181 -0.866142 
vn -0.503937 -0.212598 -0.84252 
vn -0.503937 -0.212598 -0.84252 
vn -0.503937 -0.212598 -0.84252 
vn -0.503937 -0.212598 -0.84252 
vn 0.496063 -0.212598 -0.84252 
vn 0.496063 -0.212598 -0.84252 
vn 0.496063 -0.212598 -0.84252 
vn 0.496063 -0.212598 -0.84252 
vn -0.496063 0.0866142 -0.866142 
vn -0.496063 0.0866142 -0.866142 
vn -0.496063 0.0866142 -0.866142 
vn -0.496063 0.0866142 -0.866142 
vn 0.496063 0.0866142 -0.866142 
vn 0.496063 0.0866142 -0.866142 
vn 0.496063 0.0866142 -0.866142 
vn 0.496063 0.0866142 -0.866142 
vn -0.480315 -0.417323 -0.771654 
vn -0.480315 -0.417323 -0.771654 
vn -0.480315 -0.417323 -0.771654 
vn -0.480315 -0.417323 -0.771654 
vn 0.480315 -0.417323 -0.771654 
vn 0.480315 -0.417323 -0.771654 
vn 0.480315 -0.417323 -0.771654 
vn 0.480315 -0.417323 -0.771654 
vn -0.503937 -0.291339 -0.818898 
vn -0.503937 -0.291339 -0.818898 
vn -0.503937 -0.291339 -0.818898 
vn -0.503937 -0.291339 -0.818898 
vn 0.496063 -0.291339 -0.818898 
vn 0.496063 -0.291339 -0.818898 
vn 0.496063 -0.291339 -0.818898 
vn 0.496063 -0.291339 -0.818898 
vn -0.503937 -0.299213 -0.811024 
vn -0.503937 -0.299213 -0.811024 
vn -0.503937 -0.299213 -0.811024 
vn -0.503937 -0.299213 -0.811024 
vn 0.496063 -0.299213 -0.811024 
vn 0.496063 -0.299213 -0.811024 
vn 0.496063 -0.299213 -0.811024 
vn 0.496063 -0.299213 -0.811024 
vn -0.496063 0.125984 -0.858268 
vn -0.496063 0.125984 -0.858268 
vn -0.496063 0.125984 -0.858268 
vn -0.496063 0.125984 -0.858268 
vn 0.496063 0.125984 -0.858268 
vn 0.496063 0.125984 -0.858268 
vn 0.496063 0.125984 -0.858268 
vn 0.496063 0.125984 -0.858268 
vn -0.496063 0.133858 -0.858268 
vn -0.496063 0.133858 -0.858268 
vn -0.496063 0.133858 -0.858268 
vn -0.496063 0.133858 -0.858268 
vn 0.496063 0.133858 -0.858268 
vn 0.496063 0.133858 -0.858268 
vn 0.496063 0.133858 -0.858268 
vn 0.496063 0.133858 -0.858268 
vn -0.496063 -0.385827 -0.779528 
vn -0.496063 -0.385827 -0.779528 
vn -0.496063 -0.385827 -0.779528 
vn -0.496063 -0.385827 -0.779528 
vn 0.488189 -0.385827 -0.779528 
vn 0.488189 -0.385827 -0.779528 
vn 0.488189 -0.385827 -0.779528 
vn 0.488189 -0.385827 -0.779528 
vn -0.503937 -0.377953 -0.779528 
vn -0.503937 -0.377953 -0.779528 
vn -0.503937 -0.377953 -0.779528 
vn -0.503937 -0.377953 -0.779528 
vn 0.496063 -0.377953 -0.779528 
vn 0.496063 -0.377953 -0.779528 
vn 0.496063 -0.377953 -0.779528 
vn 0.496063 -0.377953 -0.779528 
vn 0.480315 -0.527559 -0.692913 
vn 0.480315 -0.527559 -0.692913 
vn 0.480315 -0.527559 -0.692913 
vn 0.480315 -0.527559 -0.692913 
vn -0.488189 -0.527559 -0.692913 
vn -0.488189 -0.527559 -0.692913 
vn -0.488189 -0.527559 -0.692913 
vn -0.488189 -0.527559 -0.692913 

vt 17.9909 -43.8151 
vt 18.2436 -43.8151 
vt 17.4856 -43.8151 
vt 17.2329 -43.8151 
vt 18.7671 -38.3056 
vt 18.5189 -38.1849 
vt 18.7054 -38.2757 
vt 18.5813 -38.2153 
vt 17.3106 -43.1012 
vt 17.5378 -43.1479 
vt 17.9521 -43.1012 
vt 17.5245 -43.1012 
vt 17.5378 -43.1479 
vt 17.9388 -43.1479 
vt 17.5519 -42.4778 
vt 17.5519 -42.4778 
vt 17.9096 -42.533 
vt 17.9271 -42.4875 
vt 17.567 -42.5241 
vt 18.0809 -42.5374 
vt 17.4631 -41.9015 
vt 17.613 -41.9077 
vt 18.1228 -39.066 
vt 18.3447 -38.6462 
vt 17.5984 -41.8492 
vt 17.9109 -41.9198 
vt 17.9301 -41.8687 
vt 17.613 -41.9077 
vt 18.0591 -41.9257 
vt 18.2747 -38.612 
vt 17.5313 -41.2911 
vt 17.6643 -41.2991 
vt 18.1028 -39.1675 
vt 17.9663 -39.5461 
vt 17.3644 -42.4674 
vt 17.7025 -40.0485 
vt 17.647 -41.2255 
vt 17.9288 -41.3146 
vt 17.9537 -41.2619 
vt 17.6643 -41.2991 
vt 17.9521 -39.656 
vt 17.8282 -40.0767 
vt 17.5907 -40.6671 
vt 18.4709 -38.7951 
vt 18.1238 -39.0667 
vt 18.318 -39.1612 
vt 18.3174 -38.7204 
vt 18.7054 -38.2757 
vt 18.3447 -38.6462 
vt 18.5125 -38.7279 
vt 18.5813 -38.2153 
vt 17.7289 -40.7492 
vt 17.8282 -40.0767 
vt 18.1448 -39.6991 
vt 17.9521 -39.656 
vt 18.0783 -40.1325 
vt 17.9663 -39.5461 
vt 18.2853 -39.2265 
vt 18.1028 -39.1675 
vt 18.1744 -39.6134 
vt 17.7276 -40.6875 
vt 18.0522 -40.2116 
vt 17.8274 -40.1782 
vt 17.9999 -40.728 
vt 17.647 -41.2255 
vt 17.9851 -40.7795 
vt 17.7289 -40.7492 
vt 17.9537 -41.2619 
vt 17.9999 -40.728 
vt 17.7276 -40.6875 
vt 17.7289 -40.7492 
vt 17.9851 -40.7795 
vt 17.5984 -41.8492 
vt 17.9288 -41.3146 
vt 17.6643 -41.2991 
vt 17.9301 -41.8687 
vt 18.5045 -38.7238 
vt 18.2406 -39.7204 
vt 18.4709 -38.7951 
vt 18.3518 -38.6496 
vt 18.3174 -38.7204 
vt 18.5053 -38.7243 
vt 17.9109 -41.9198 
vt 17.613 -41.9077 
vt 17.553 -42.4752 
vt 17.928 -42.4905 
vt 18.1125 -40.7945 
vt 17.9096 -42.533 
vt 17.567 -42.5241 
vt 17.5245 -43.1012 
vt 17.9521 -43.1012 
vt 17.9388 -43.1479 
vt 17.4856 -43.8151 
vt 17.9909 -43.8151 
vt 17.5378 -43.1479 
vt 18.0783 -40.1325 
vt 17.8282 -40.0767 
vt 17.8274 -40.1782 
vt 18.0522 -40.2116 
vt 18.376 -39.2557 
vt 18.1744 -39.6134 
vt 17.9663 -39.5461 
vt 17.9521 -39.656 
vt 18.1448 -39.6991 
vt 18.1028 -39.1675 
vt 18.318 -39.1612 
vt 18.1238 -39.0667 
vt 18.2853 -39.2265 
vt 17.9987 -41.7671 
vt 17.9978 -41.5189 
vt 17.879 -41.7054 
vt 17.8785 -41.5813 
vt 18.1175 -41.5806 
vt 18.118 -41.7047 
vt 18.4376 -43.8151 
vt 17.5624 -43.8151 
vt 18 -43.8151 
vt 18.0022 -38.1849 
vt 18.1215 -38.2153 
vt 17.8825 -38.2149 
vt 18 -43.1012 
vt 17.6297 -43.1012 
vt 17.6527 -43.1479 
vt 18 -43.1479 
vt 18 -43.1012 
vt 18.3473 -43.1479 
vt 18.3703 -43.1012 
vt 18 -43.1479 
vt 18 -42.473 
vt 17.675 -42.4778 
vt 17.7032 -42.5241 
vt 18 -42.5197 
vt 18 -42.473 
vt 18.2968 -42.5241 
vt 18.325 -42.4778 
vt 18 -42.5197 
vt 18.2968 -42.533 
vt 18.0013 -41.8393 
vt 17.7131 -41.8489 
vt 17.7424 -41.9074 
vt 18.0012 -41.9015 
vt 18.0013 -41.8393 
vt 18.259 -41.9077 
vt 18.2885 -41.8492 
vt 18.0012 -41.9015 
vt 17.854 -38.7199 
vt 18.0021 -39.0191 
vt 18.0021 -38.6828 
vt 17.8147 -39.066 
vt 18.0021 -38.6828 
vt 18.0021 -39.0191 
vt 18.1496 -38.7204 
vt 18.1887 -39.0667 
vt 17.8825 -38.2149 
vt 18.0022 -38.605 
vt 18.0022 -38.1849 
vt 17.8402 -38.6456 
vt 18.0022 -38.1849 
vt 18.0022 -38.605 
vt 18.1215 -38.2153 
vt 18.1635 -38.6462 
vt 17.854 -38.6491 
vt 18.0021 -38.6828 
vt 18.0021 -38.612 
vt 17.854 -38.7199 
vt 18.1497 -38.6496 
vt 18.0021 -38.612 
vt 18.0021 -38.6828 
vt 18.1496 -38.7204 
vt 18.0015 -41.2071 
vt 17.7335 -41.2251 
vt 17.7714 -41.2988 
vt 18.0013 -41.2911 
vt 18.0015 -41.2071 
vt 18.2304 -41.2991 
vt 18.2685 -41.2255 
vt 18.0013 -41.2911 
vt 17.8356 -39.167 
vt 18.0019 -39.5122 
vt 18.002 -39.1377 
vt 17.8122 -39.5456 
vt 18.002 -39.1377 
vt 18.0019 -39.5122 
vt 18.1677 -39.1675 
vt 18.1909 -39.5461 
vt 17.6756 -42.4749 
vt 18 -42.473 
vt 18.0012 -42.4674 
vt 17.675 -42.4778 
vt 18.0012 -42.4674 
vt 18.325 -42.4778 
vt 18.3256 -42.4752 
vt 18 -42.473 
vt 17.8305 -39.6557 
vt 18.0018 -40.0485 
vt 18.0018 -39.6343 
vt 17.7795 -40.0762 
vt 18.2295 -41.3146 
vt 18.0018 -39.6343 
vt 18.0018 -40.0485 
vt 18.1724 -39.656 
vt 18.2233 -40.0767 
vt 17.8044 -40.1779 
vt 18.0016 -40.6671 
vt 18.0017 -40.1614 
vt 17.7628 -40.6871 
vt 18.0017 -40.1614 
vt 18.0016 -40.6671 
vt 18.1982 -40.1782 
vt 18.2395 -40.6875 
vt 18.1629 -38.7279 
vt 17.7776 -40.7488 
vt 18.0015 -41.2071 
vt 18.0015 -40.7338 
vt 17.7335 -41.2251 
vt 18.0015 -40.7338 
vt 18.0015 -41.2071 
vt 18.2246 -40.7492 
vt 18.2685 -41.2255 
vt 18.0016 -40.6671 
vt 17.7628 -40.6871 
vt 17.7776 -40.7488 
vt 18.0015 -40.7338 
vt 18.0016 -40.6671 
vt 18.2246 -40.7492 
vt 18.2395 -40.6875 
vt 18.0015 -40.7338 
vt 17.7714 -41.2988 
vt 18.0013 -41.8393 
vt 18.0013 -41.2911 
vt 17.7131 -41.8489 
vt 18.0013 -41.2911 
vt 18.0013 -41.8393 
vt 18.2304 -41.2991 
vt 18.2885 -41.8492 
vt 18.2225 -40.1325 
vt 18 -42.5197 
vt 18 -43.1012 
vt 18.2968 -42.5241 
vt 18.3703 -43.1012 
vt 17.7032 -42.5241 
vt 18 -43.1012 
vt 18 -42.5197 
vt 17.6297 -43.1012 
vt 17.675 -42.4875 
vt 17.675 -42.4778 
vt 18 -42.473 
vt 18 -42.4924 
vt 18.325 -42.4875 
vt 18.325 -42.4778 
vt 18 -42.473 
vt 17.7424 -41.9074 
vt 18.0012 -42.4674 
vt 18.0012 -41.9015 
vt 17.6756 -42.4749 
vt 18.0012 -41.9015 
vt 18.0012 -42.4674 
vt 18.259 -41.9077 
vt 18.3256 -42.4752 
vt 18.1974 -40.2116 
vt 17.6527 -43.1479 
vt 18 -43.8151 
vt 18 -43.1479 
vt 17.5624 -43.8151 
vt 18 -43.8151 
vt 18.3473 -43.1479 
vt 18 -43.1479 
vt 18.4376 -43.8151 
vt 18.0018 -40.0485 
vt 17.7795 -40.0762 
vt 17.8044 -40.1779 
vt 18.0017 -40.1614 
vt 18.0018 -40.0485 
vt 18.1982 -40.1782 
vt 18.2233 -40.0767 
vt 18.0017 -40.1614 
vt 17.8535 -38.7238 
vt 17.8122 -39.5456 
vt 18.0018 -39.6343 
vt 18.0019 -39.5122 
vt 17.8305 -39.6557 
vt 18.1909 -39.5461 
vt 18.0019 -39.5122 
vt 18.0018 -39.6343 
vt 18.1724 -39.656 
vt 18.1491 -38.7243 
vt 17.8147 -39.066 
vt 18.002 -39.1377 
vt 18.0021 -39.0191 
vt 17.8356 -39.167 
vt 18.1887 -39.0667 
vt 18.0021 -39.0191 
vt 18.002 -39.1377 
vt 18.1677 -39.1675 
vt 18 -42.4924 
vt 18.3244 -42.4905 
vt 18.325 -42.4875 
vt 17.9988 -42.4979 
vt 17.9988 -42.4979 
vt 17.675 -42.4875 
vt 17.6744 -42.4901 
vt 18 -42.4924 
vt 18.0091 -43.8151 
vt 17.7564 -43.8151 
vt 18.5144 -43.8151 
vt 18.7671 -43.8151 
vt 17.2329 -38.3056 
vt 17.4194 -38.2149 
vt 18.4622 -43.1479 
vt 18.4755 -43.1012 
vt 18.0479 -43.1012 
vt 18.0612 -43.1479 
vt 18.4622 -43.1479 
vt 18.4481 -42.4778 
vt 18.433 -42.5241 
vt 18.4481 -42.4778 
vt 18.0729 -42.4875 
vt 18.0904 -42.533 
vt 18.433 -42.5241 
vt 18.4034 -41.8489 
vt 18.3887 -41.9074 
vt 18.5369 -41.9015 
vt 17.8772 -39.066 
vt 17.6562 -38.6456 
vt 18.4034 -41.8489 
vt 18.0718 -41.8684 
vt 18.0907 -41.9195 
vt 18.3887 -41.9074 
vt 17.9409 -41.9257 
vt 17.649 -38.6491 
vt 17.7253 -38.612 
vt 18.3372 -41.2988 
vt 18.4687 -41.2911 
vt 17.8982 -39.167 
vt 18.1383 -39.5122 
vt 18.3547 -41.2251 
vt 18.048 -41.2614 
vt 18.0727 -41.3143 
vt 18.3372 -41.2988 
vt 18.0489 -39.6557 
vt 18.2975 -40.0485 
vt 18.1739 -40.1779 
vt 18.4093 -40.6671 
vt 17.8772 -39.066 
vt 17.6834 -38.7199 
vt 17.683 -39.1605 
vt 17.53 -38.7945 
vt 17.6562 -38.6456 
vt 17.4194 -38.2149 
vt 17.4884 -38.7273 
vt 17.2953 -38.2752 
vt 18.2726 -40.7488 
vt 17.8563 -39.6987 
vt 17.9231 -40.132 
vt 18.0489 -39.6557 
vt 18.1731 -40.0762 
vt 17.7157 -39.226 
vt 17.8267 -39.6128 
vt 17.8982 -39.167 
vt 18.0348 -39.5456 
vt 17.949 -40.2113 
vt 18.0016 -40.7276 
vt 18.1739 -40.1779 
vt 18.2739 -40.6871 
vt 18.0163 -40.7792 
vt 18.048 -41.2614 
vt 18.2726 -40.7488 
vt 18.3547 -41.2251 
vt 18.0016 -40.7276 
vt 18.2726 -40.7488 
vt 18.2739 -40.6871 
vt 18.0163 -40.7792 
vt 18.0727 -41.3143 
vt 18.0718 -41.8684 
vt 18.3372 -41.2988 
vt 18.4034 -41.8489 
vt 17.649 -38.6491 
vt 17.4955 -38.7238 
vt 17.53 -38.7945 
vt 17.6834 -38.7199 
vt 17.7594 -39.7204 
vt 17.7973 -40.1602 
vt 18.0907 -41.9195 
vt 18.4491 -42.4749 
vt 18.3887 -41.9074 
vt 18.0741 -42.4901 
vt 17.8875 -40.7945 
vt 18.0904 -42.533 
vt 18.4755 -43.1012 
vt 18.433 -42.5241 
vt 18.0479 -43.1012 
vt 18.0612 -43.1479 
vt 18.5144 -43.8151 
vt 18.4622 -43.1479 
vt 18.0091 -43.8151 
vt 17.9231 -40.132 
vt 18.1739 -40.1779 
vt 18.1731 -40.0762 
vt 17.949 -40.2113 
vt 17.624 -39.2557 
vt 18.4491 -42.4749 
vt 18.0741 -42.4901 
vt 18.4481 -42.4778 
vt 17.8267 -39.6128 
vt 18.0489 -39.6557 
vt 18.0348 -39.5456 
vt 17.8563 -39.6987 
vt 17.683 -39.1605 
vt 17.8982 -39.167 
vt 17.8772 -39.066 
vt 17.7157 -39.226 
vt 18.072 -42.4905 
vt 18.447 -42.4752 
vt 18.0729 -42.4875 
vt 18.4376 -40.9909 
vt 17.5624 -40.9909 
vt 18 -41.2436 
vt 18.4376 -40.4856 
vt 17.5624 -40.4856 
vt 18 -40.2329 
vt 17.7131 -40.5966 
vt 18.0012 -40.4631 
vt 17.8402 -41.3438 
vt 18.1635 -41.3447 
vt 17.7414 -40.9093 
vt 18.0021 -41.2747 
vt 18.0019 -40.8617 
vt 18.1677 -41.1028 
vt 18.1909 -40.9663 
vt 17.8305 -40.9511 
vt 17.9995 -41.1062 
vt 17.7706 -40.9273 
vt 17.9996 -41.0603 
vt 17.9995 -41.1062 
vt 18.2295 -40.9288 
vt 17.9996 -41.0603 
vt 17.8044 -40.8261 
vt 18.188 -41.318 
vt 18.2246 -40.7289 
vt 17.8114 -41.1733 
vt 18.1974 -41.0522 
vt 18.2386 -40.9999 
vt 17.8535 -41.5045 
vt 18.0005 -41.2406 
vt 18.0001 -41.2027 
vt 18.1491 -41.5053 
vt 17.9998 -41.1125 
vt 18.0007 -41.376 
vt 18.1629 -41.5125 
vt 18.1497 -41.3518 
vt 18.1491 -41.5053 
vt 18.1635 -41.3447 
vt 18.001 -41.596 
vt 17.8535 -41.5045 
vt 17.8396 -41.5116 
vt 18.001 -41.5816 
vt 18.0022 -41.2603 
vt 17.854 -41.351 
vt 18.0021 -41.2747 
vt 17.8402 -41.3438 
vt 18.0022 -41.2603 
vt 18.1497 -41.3518 
vt 18.1635 -41.3447 
vt 18.0021 -41.2747 
vt 18.001 -41.596 
vt 18.1629 -41.5125 
vt 18.1491 -41.5053 
vt 18.001 -41.5816 
vt 17.8402 -41.3438 
vt 17.8396 -41.5116 
vt 17.8535 -41.5045 
vt 17.854 -41.351 
vt 17.5624 -43.8151 
vt 18.4376 -43.8151 
vt 18 -43.8151 
vt 17.9987 -38.3056 
vt 17.879 -38.2757 
vt 17.8785 -38.2153 
vt 18.3473 -43.1479 
vt 17.6527 -43.1479 
vt 18.2968 -42.5241 
vt 18 -43.1012 
vt 18.3473 -43.1479 
vt 18.3703 -43.1012 
vt 18 -43.1479 
vt 18 -43.1012 
vt 17.6297 -43.1012 
vt 17.6527 -43.1479 
vt 18 -43.1479 
vt 18.2968 -42.533 
vt 17.7032 -42.533 
vt 18 -42.4924 
vt 18.2968 -42.533 
vt 18.325 -42.4875 
vt 18 -42.5374 
vt 18 -42.4924 
vt 17.675 -42.4875 
vt 17.7032 -42.533 
vt 18 -42.5374 
vt 18.2576 -41.9074 
vt 17.742 -41.9198 
vt 18.288 -41.8684 
vt 18.2586 -41.9195 
vt 18.0008 -41.8783 
vt 18.2586 -41.9195 
vt 18.288 -41.8684 
vt 18.0008 -41.9257 
vt 18.0008 -41.8783 
vt 17.7126 -41.8687 
vt 17.742 -41.9198 
vt 18.0008 -41.9257 
vt 18.1644 -39.167 
vt 17.8323 -39.1675 
vt 18.2675 -41.2614 
vt 17.7705 -41.3146 
vt 18.0005 -41.2798 
vt 18.2294 -41.3143 
vt 18.2675 -41.2614 
vt 18.0004 -41.3222 
vt 18.0005 -41.2798 
vt 17.7325 -41.2619 
vt 17.7705 -41.3146 
vt 18.1956 -40.1779 
vt 17.812 -39.1612 
vt 17.8371 -38.7279 
vt 17.8282 -39.6991 
vt 17.7775 -40.1325 
vt 17.8098 -39.6134 
vt 18.1886 -39.6128 
vt 18.1963 -40.2113 
vt 18.2381 -40.7276 
vt 17.8026 -40.2116 
vt 17.7614 -40.728 
vt 18.1465 -38.7238 
vt 17.8282 -39.6991 
vt 17.7775 -40.1325 
vt 17.9995 -39.7204 
vt 17.9999 -40.1602 
vt 17.9995 -39.7204 
vt 18.2214 -40.132 
vt 18.1702 -39.6987 
vt 17.9999 -40.1602 
vt 17.8509 -38.7243 
vt 17.9998 -40.2282 
vt 18.2381 -40.7276 
vt 18.1963 -40.2113 
vt 18.0002 -40.748 
vt 17.8026 -40.2116 
vt 17.7614 -40.728 
vt 17.9998 -40.2282 
vt 18.0002 -40.748 
vt 18.0002 -40.7945 
vt 18.2675 -41.2614 
vt 18.2232 -40.7792 
vt 18.0005 -41.2798 
vt 17.7763 -40.7795 
vt 17.7325 -41.2619 
vt 18.0002 -40.7945 
vt 18.0005 -41.2798 
vt 18.0002 -40.748 
vt 18.2232 -40.7792 
vt 18.2381 -40.7276 
vt 18.0002 -40.7945 
vt 18.0002 -40.748 
vt 17.7614 -40.728 
vt 17.7763 -40.7795 
vt 18.0002 -40.7945 
vt 18.0004 -41.3222 
vt 18.0008 -41.8783 
vt 18.2294 -41.3143 
vt 18.288 -41.8684 
vt 17.7705 -41.3146 
vt 18.0008 -41.8783 
vt 18.0004 -41.3222 
vt 17.7126 -41.8687 
vt 17.9993 -39.2557 
vt 18.1886 -39.6128 
vt 18.165 -39.226 
vt 17.9995 -39.6467 
vt 17.8329 -39.2265 
vt 17.8098 -39.6134 
vt 17.9993 -39.2557 
vt 17.9995 -39.6467 
vt 18.0008 -41.9257 
vt 18.0012 -42.4979 
vt 18.2586 -41.9195 
vt 18.3256 -42.4901 
vt 17.742 -41.9198 
vt 18.0012 -42.4979 
vt 18.0008 -41.9257 
vt 17.6756 -42.4905 
vt 17.9999 -40.1602 
vt 18.1963 -40.2113 
vt 18.2214 -40.132 
vt 17.9998 -40.2282 
vt 17.9999 -40.1602 
vt 17.7775 -40.1325 
vt 17.8026 -40.2116 
vt 17.9998 -40.2282 
vt 17.999 -38.8322 
vt 18.186 -39.1605 
vt 18.1465 -38.7945 
vt 17.9993 -39.2081 
vt 17.8509 -38.7951 
vt 17.812 -39.1612 
vt 17.999 -38.8322 
vt 17.9993 -39.2081 
vt 17.9987 -38.3056 
vt 18.1604 -38.7273 
vt 18.118 -38.2752 
vt 17.999 -38.7684 
vt 17.879 -38.2757 
vt 17.8371 -38.7279 
vt 17.9987 -38.3056 
vt 17.999 -38.7684 
vt 18 -42.5374 
vt 18 -43.1012 
vt 18.2968 -42.533 
vt 18.3703 -43.1012 
vt 17.7032 -42.533 
vt 18 -43.1012 
vt 18 -42.5374 
vt 17.6297 -43.1012 
vt 18 -43.8151 
vt 18.3473 -43.1479 
vt 18 -43.1479 
vt 18.4376 -43.8151 
vt 17.6527 -43.1479 
vt 18 -43.8151 
vt 18 -43.1479 
vt 17.5624 -43.8151 
vt 17.9995 -39.6467 
vt 18.1702 -39.6987 
vt 18.1886 -39.6128 
vt 17.9995 -39.7204 
vt 17.9995 -39.6467 
vt 17.8098 -39.6134 
vt 17.8282 -39.6991 
vt 17.9995 -39.7204 
vt 17.999 -38.7614 
vt 18.1465 -38.7945 
vt 18.1465 -38.7238 
vt 17.999 -38.8322 
vt 17.999 -38.7614 
vt 17.8509 -38.7243 
vt 17.8509 -38.7951 
vt 17.999 -38.8322 
vt 17.9993 -39.2081 
vt 17.812 -39.1612 
vt 17.8329 -39.2265 
vt 17.9993 -39.2557 
vt 17.9993 -39.2081 
vt 18.165 -39.226 
vt 18.186 -39.1605 
vt 17.9993 -39.2557 

usemtl MeshespalmTreecylinder0011Mtl

f 11/11/11 12/12/12 13/13/13 
f 11/11/11 13/13/13 14/14/14 
f 16/16/16 17/17/17 18/18/18 
f 17/17/17 16/16/16 19/19/19 
f 25/25/25 26/26/26 27/27/27 
f 26/26/26 25/25/25 28/28/28 
f 37/37/37 38/38/38 39/39/39 
f 38/38/38 37/37/37 40/40/40 
f 44/44/44 45/45/45 46/46/46 
f 45/45/45 44/44/44 47/47/47 
f 48/48/48 49/49/49 50/50/50 
f 49/49/49 48/48/48 51/51/51 
f 53/53/53 54/54/54 55/55/55 
f 54/54/54 53/53/53 56/56/56 
f 57/57/57 58/58/58 59/59/59 
f 58/58/58 57/57/57 60/60/60 
f 61/61/61 62/62/62 63/63/63 
f 62/62/62 61/61/61 64/64/64 
f 65/65/65 66/66/66 67/67/67 
f 66/66/66 65/65/65 68/68/68 
f 69/69/69 70/70/70 71/71/71 
f 69/69/69 71/71/71 72/72/72 
f 73/73/73 74/74/74 75/75/75 
f 74/74/74 73/73/73 76/76/76 
f 79/79/79 80/80/80 81/81/81 
f 80/80/80 79/79/79 82/82/82 
f 83/83/83 84/84/84 85/85/85 
f 83/83/83 85/85/85 86/86/86 
f 88/88/88 89/89/89 90/90/90 
f 88/88/88 90/90/90 91/91/91 
f 92/92/92 93/93/93 94/94/94 
f 93/93/93 92/92/92 95/95/95 
f 96/96/96 97/97/97 98/98/98 
f 96/96/96 98/98/98 99/99/99 
f 101/101/101 102/102/102 103/103/103 
f 101/101/101 103/103/103 104/104/104 
f 105/105/105 106/106/106 107/107/107 
f 106/106/106 105/105/105 108/108/108 
f 109/109/109 110/110/110 111/111/111 
f 111/111/111 110/110/110 112/112/112 
f 109/109/109 113/113/113 110/110/110 
f 113/113/113 109/109/109 114/114/114 
f 121/121/121 122/122/122 123/123/123 
f 121/121/121 123/123/123 124/124/124 
f 125/125/125 126/126/126 127/127/127 
f 126/126/126 125/125/125 128/128/128 
f 129/129/129 130/130/130 131/131/131 
f 129/129/129 131/131/131 132/132/132 
f 133/133/133 134/134/134 135/135/135 
f 134/134/134 133/133/133 136/136/136 
f 138/138/138 139/139/139 140/140/140 
f 138/138/138 140/140/140 141/141/141 
f 142/142/142 143/143/143 144/144/144 
f 143/143/143 142/142/142 145/145/145 
f 146/146/146 147/147/147 148/148/148 
f 147/147/147 146/146/146 149/149/149 
f 150/150/150 151/151/151 152/152/152 
f 151/151/151 153/153/153 152/152/152 
f 154/154/154 155/155/155 156/156/156 
f 155/155/155 154/154/154 157/157/157 
f 158/158/158 159/159/159 160/160/160 
f 159/159/159 161/161/161 160/160/160 
f 162/162/162 163/163/163 164/164/164 
f 163/163/163 162/162/162 165/165/165 
f 166/166/166 167/167/167 168/168/168 
f 166/166/166 168/168/168 169/169/169 
f 170/170/170 171/171/171 172/172/172 
f 170/170/170 172/172/172 173/173/173 
f 174/174/174 175/175/175 176/176/176 
f 175/175/175 174/174/174 177/177/177 
f 178/178/178 179/179/179 180/180/180 
f 179/179/179 178/178/178 181/181/181 
f 182/182/182 183/183/183 184/184/184 
f 184/184/184 183/183/183 185/185/185 
f 186/186/186 187/187/187 188/188/188 
f 187/187/187 186/186/186 189/189/189 
f 190/190/190 191/191/191 192/192/192 
f 191/191/191 190/190/190 193/193/193 
f 194/194/194 195/195/195 196/196/196 
f 195/195/195 194/194/194 197/197/197 
f 199/199/199 200/200/200 201/201/201 
f 200/200/200 202/202/202 201/201/201 
f 203/203/203 204/204/204 205/205/205 
f 204/204/204 203/203/203 206/206/206 
f 207/207/207 208/208/208 209/209/209 
f 209/209/209 208/208/208 210/210/210 
f 212/212/212 213/213/213 214/214/214 
f 213/213/213 212/212/212 215/215/215 
f 216/216/216 217/217/217 218/218/218 
f 218/218/218 217/217/217 219/219/219 
f 220/220/220 221/221/221 222/222/222 
f 220/220/220 222/222/222 223/223/223 
f 224/224/224 225/225/225 226/226/226 
f 225/225/225 224/224/224 227/227/227 
f 228/228/228 229/229/229 230/230/230 
f 229/229/229 228/228/228 231/231/231 
f 232/232/232 233/233/233 234/234/234 
f 233/233/233 235/235/235 234/234/234 
f 237/237/237 238/238/238 239/239/239 
f 238/238/238 240/240/240 239/239/239 
f 241/241/241 242/242/242 243/243/243 
f 242/242/242 241/241/241 244/244/244 
f 245/245/245 246/246/246 245/245/245 
f 246/246/246 247/247/247 246/246/246 
f 248/248/248 245/245/245 248/248/248 
f 249/249/249 248/248/248 249/249/249 
f 250/250/250 249/249/249 250/250/250 
f 251/251/251 250/250/250 251/251/251 
f 252/252/252 253/253/253 254/254/254 
f 253/253/253 252/252/252 255/255/255 
f 256/256/256 257/257/257 258/258/258 
f 257/257/257 259/259/259 258/258/258 
f 261/261/261 262/262/262 263/263/263 
f 262/262/262 261/261/261 264/264/264 
f 265/265/265 266/266/266 267/267/267 
f 266/266/266 265/265/265 268/268/268 
f 269/269/269 270/270/270 271/271/271 
f 269/269/269 271/271/271 272/272/272 
f 273/273/273 274/274/274 275/275/275 
f 274/274/274 273/273/273 276/276/276 
f 278/278/278 279/279/279 280/280/280 
f 279/279/279 278/278/278 281/281/281 
f 282/282/282 283/283/283 284/284/284 
f 282/282/282 284/284/284 285/285/285 
f 287/287/287 288/288/288 289/289/289 
f 288/288/288 287/287/287 290/290/290 
f 291/291/291 292/292/292 293/293/293 
f 291/291/291 293/293/293 294/294/294 
f 295/295/295 296/296/296 297/297/297 
f 296/296/296 295/295/295 298/298/298 
f 299/299/299 300/300/300 301/301/301 
f 300/300/300 299/299/299 302/302/302 
f 310/310/310 311/311/311 312/312/312 
f 310/310/310 312/312/312 313/313/313 
f 316/316/316 317/317/317 318/318/318 
f 316/316/316 318/318/318 319/319/319 
f 325/325/325 326/326/326 327/327/327 
f 325/325/325 327/327/327 328/328/328 
f 336/336/336 337/337/337 338/338/338 
f 336/336/336 338/338/338 339/339/339 
f 344/344/344 345/345/345 346/346/346 
f 347/347/347 346/346/346 345/345/345 
f 348/348/348 349/349/349 350/350/350 
f 351/351/351 350/350/350 349/349/349 
f 353/353/353 354/354/354 355/355/355 
f 354/354/354 356/356/356 355/355/355 
f 357/357/357 358/358/358 359/359/359 
f 358/358/358 360/360/360 359/359/359 
f 361/361/361 362/362/362 363/363/363 
f 362/362/362 364/364/364 363/363/363 
f 365/365/365 366/366/366 367/367/367 
f 366/366/366 368/368/368 367/367/367 
f 369/369/369 370/370/370 371/371/371 
f 370/370/370 369/369/369 372/372/372 
f 373/373/373 374/374/374 375/375/375 
f 374/374/374 376/376/376 375/375/375 
f 377/377/377 378/378/378 379/379/379 
f 379/379/379 380/380/380 377/377/377 
f 383/383/383 384/384/384 385/385/385 
f 384/384/384 383/383/383 386/386/386 
f 388/388/388 389/389/389 390/390/390 
f 389/389/389 388/388/388 391/391/391 
f 392/392/392 393/393/393 394/394/394 
f 393/393/393 392/392/392 395/395/395 
f 396/396/396 397/397/397 398/398/398 
f 397/397/397 396/396/396 399/399/399 
f 401/401/401 402/402/402 403/403/403 
f 404/404/404 405/405/405 406/406/406 
f 405/405/405 404/404/404 407/407/407 
f 408/408/408 409/409/409 410/410/410 
f 409/409/409 408/408/408 411/411/411 
f 412/412/412 413/413/413 414/414/414 
f 415/415/415 416/416/416 417/417/417 
f 416/416/416 415/415/415 418/418/418 
f 416/416/416 418/418/418 419/419/419 
f 419/419/419 418/418/418 420/420/420 
f 432/432/432 431/431/431 433/433/433 
f 434/434/434 435/435/435 436/436/436 
f 449/449/449 450/450/450 451/451/451 
f 449/449/449 452/452/452 450/450/450 
f 453/453/453 454/454/454 455/455/455 
f 454/454/454 453/453/453 456/456/456 
f 457/457/457 458/458/458 459/459/459 
f 457/457/457 460/460/460 458/458/458 
f 461/461/461 462/462/462 463/463/463 
f 462/462/462 461/461/461 464/464/464 
f 465/465/465 466/466/466 467/467/467 
f 465/465/465 467/467/467 468/468/468 
f 469/469/469 470/470/470 471/471/471 
f 469/469/469 471/471/471 472/472/472 
f 482/482/482 483/483/483 484/484/484 
f 483/483/483 482/482/482 485/485/485 
f 486/486/486 487/487/487 488/488/488 
f 486/486/486 488/488/488 489/489/489 
f 492/492/492 493/493/493 494/494/494 
f 493/493/493 492/492/492 495/495/495 
f 496/496/496 497/497/497 498/498/498 
f 496/496/496 498/498/498 499/499/499 
f 504/504/504 505/505/505 506/506/506 
f 505/505/505 504/504/504 507/507/507 
f 508/508/508 509/509/509 510/510/510 
f 508/508/508 510/510/510 511/511/511 
f 516/516/516 517/517/517 518/518/518 
f 520/520/520 521/521/521 522/522/522 
f 535/535/535 536/536/536 537/537/537 
f 537/537/537 536/536/536 538/538/538 
f 539/539/539 540/540/540 541/541/541 
f 540/540/540 539/539/539 542/542/542 
f 544/544/544 545/545/545 546/546/546 
f 545/545/545 544/544/544 547/547/547 
f 548/548/548 549/549/549 550/550/550 
f 550/550/550 549/549/549 551/551/551 
f 552/552/552 553/553/553 554/554/554 
f 553/553/553 552/552/552 555/555/555 
f 556/556/556 557/557/557 558/558/558 
f 558/558/558 557/557/557 559/559/559 
f 560/560/560 561/561/561 562/562/562 
f 561/561/561 560/560/560 563/563/563 
f 564/564/564 565/565/565 566/566/566 
f 564/564/564 566/566/566 567/567/567 
f 568/568/568 569/569/569 570/570/570 
f 569/569/569 571/571/571 570/570/570 
f 572/572/572 573/573/573 574/574/574 
f 573/573/573 572/572/572 575/575/575 
f 576/576/576 577/577/577 578/578/578 
f 577/577/577 576/576/576 579/579/579 
f 580/580/580 581/581/581 582/582/582 
f 582/582/582 581/581/581 583/583/583 
f 584/584/584 585/585/585 586/586/586 
f 585/585/585 587/587/587 586/586/586 
f 588/588/588 589/589/589 590/590/590 
f 589/589/589 588/588/588 591/591/591 
f 592/592/592 593/593/593 594/594/594 
f 593/593/593 592/592/592 595/595/595 
f 596/596/596 597/597/597 598/598/598 
f 596/596/596 598/598/598 599/599/599 
f 600/600/600 601/601/601 602/602/602 
f 601/601/601 600/600/600 603/603/603 
f 604/604/604 605/605/605 606/606/606 
f 606/606/606 605/605/605 607/607/607 
f 608/608/608 609/609/609 610/610/610 
f 609/609/609 608/608/608 611/611/611 
f 612/612/612 613/613/613 614/614/614 
f 614/614/614 613/613/613 615/615/615 
f 616/616/616 617/617/617 618/618/618 
f 617/617/617 619/619/619 618/618/618 
f 620/620/620 621/621/621 622/622/622 
f 621/621/621 620/620/620 623/623/623 
f 624/624/624 625/625/625 626/626/626 
f 625/625/625 624/624/624 627/627/627 
f 628/628/628 629/629/629 630/630/630 
f 629/629/629 628/628/628 631/631/631 
f 632/632/632 633/633/633 634/634/634 
f 633/633/633 632/632/632 635/635/635 
f 636/636/636 637/637/637 638/638/638 
f 636/636/636 638/638/638 639/639/639 
f 640/640/640 641/641/641 642/642/642 
f 641/641/641 640/640/640 643/643/643 
f 644/644/644 645/645/645 646/646/646 
f 644/644/644 646/646/646 647/647/647 
f 648/648/648 649/649/649 650/650/650 
f 648/648/648 650/650/650 651/651/651 
f 652/652/652 653/653/653 654/654/654 
f 653/653/653 652/652/652 655/655/655 

g MeshespalmTreecube1

v -0.00107956 39.7919 -17.0491 
v -31.7656 41.3766 -35.2207 
v 11.7767 41.1481 -34.4144 
v 11.769 41.0028 -34.627 
v 11.7794 41.1055 -34.6951 
v 11.7871 41.2509 -34.4825 
v 11.769 41.0028 -34.627 
v 11.762 40.864 -34.8299 
v 11.7724 40.9668 -34.898 
v 11.7794 41.1055 -34.6951 
v -0.586834 34.259 -53.8533 
v 11.762 40.864 -34.8299 
v 11.7689 40.745 -35.0321 
v 11.7793 40.8478 -35.1002 
v 11.7724 40.9668 -34.898 
v 0.0840712 41.4838 -20.0585 
v 1.4759 41.0181 -20.8938 
v 1.23448 40.1675 -20.8505 
v 9.09566 41.3356 -36.1392 
v 9.06826 40.3807 -37.5317 
v 9.13355 41.1166 -38.0194 
v 9.16285 42.07 -36.6258 
v -2.82448 36.8246 -52.8621 
v 0.776042 39.6581 -18.1053 
v 0.876163 40.0069 -18.1211 
v 0.436908 39.7935 -17.2863 
v 0.402591 39.6748 -17.2813 
v 11.2666 40.791 -35.9183 
v 11.7689 40.745 -35.0321 
v 11.2376 40.4892 -35.7183 
v 11.7793 40.8478 -35.1002 
v 11.2445 41.6567 -33.8933 
v 11.7767 41.1481 -34.4144 
v 11.7871 41.2509 -34.4825 
v 11.2763 41.9588 -34.0935 
v -0.177345 34.6132 -53.1321 
v -0.586834 34.259 -53.8533 
v -0.574768 34.3727 -53.9005 
v -0.141354 34.9472 -53.2717 
v -3.24161 41.4603 -18.2864 
v 9.06016 43.2313 -33.0422 
v 0.876163 40.0069 -18.1211 
v 0.776042 39.6581 -18.1053 
v 1.06563 40.0018 -20.1518 
v 1.30915 40.8552 -20.193 
v 9.5953 40.3879 -37.0156 
v -28.9708 40.912 -37.8261 
v -29.0337 41.6676 -38.2794 
v 0.308982 36.2166 -50.8588 
v -0.177345 34.6132 -53.1321 
v -0.141354 34.9472 -53.2717 
v 0.396571 37.0274 -51.198 
v -4.07238 45.3931 -24.8421 
v -4.43645 44.1162 -24.78 
v -17.7536 49.3875 -28.2336 
v 2.77455 44.9546 -35.9005 
v 2.87588 46.0594 -36.6326 
v 1.94182 46.1001 -34.0435 
v 2.05653 47.2085 -34.778 
v -21.8789 44.1978 -40.432 
v -22.6782 44.2346 -37.939 
v -22.7574 45.3727 -38.6212 
v -1.88858 42.4692 -45.9642 
v -2.01982 41.2431 -45.4538 
v -3.46625 42.0906 -47.6372 
v -3.59127 40.8645 -47.1394 
v -12.6661 45.2986 -48.4396 
v -19.9028 46.0862 -35.8286 
v -19.2109 47.4155 -33.6369 
v -19.9692 47.2286 -36.513 
v -19.2717 48.5601 -34.3224 
v -3.10649 45.2857 -28.6787 
v -3.46547 44.0037 -28.6049 
v -1.35119 44.6661 -30.5741 
v -9.71337 43.2954 -47.0796 
v -12.4484 49.4935 -28.0469 
v -0.0679283 43.9353 -38.4435 
v -0.830532 42.5559 -40.58 
v -0.747475 43.667 -41.3163 
v 0.0206747 45.0443 -39.1784 
v 5.63252 42.3423 -40.2495 
v 5.63898 43.6905 -38.2122 
v -0.0769882 40.1716 -48.1613 
v 5.66055 45.0589 -36.0425 
v 1.26849 42.9504 -24.7611 
v -5.35897 44.6302 -21.208 
v 1.26849 42.9504 -24.7611 
v 1.4759 41.0181 -20.8938 
v 0.9295 41.7307 -24.6866 
v 1.23448 40.1675 -20.8505 
v 5.55331 41.2872 -39.5504 
v -15.6225 48.7729 -18.6013 
v -15.6921 47.9167 -18.3872 
v -12.9452 48.5937 -21.4282 
v -12.8394 49.8164 -21.7474 
v -25.1556 41.6932 -39.5613 
v -0.202335 39.0054 -47.6748 
v 0.308982 36.2166 -50.8588 
v 0.396571 37.0274 -51.198 
v -0.0769882 40.1716 -48.1613 
v -14.3438 42.7108 -51.313 
v -1.04327 41.9011 -46.3429 
v -11.3818 49.9989 -24.3802 
v -1.82624 44.7286 -26.1611 
v -2.46471 42.2858 -43.3126 
v -2.01982 41.2431 -45.4538 
v -1.88858 42.4692 -45.9642 
v -2.33038 43.5127 -43.8295 
v -12.6661 45.2986 -48.4396 
v -11.1918 44.0792 -46.5067 
v -12.8854 43.9978 -48.2372 
v -10.9749 45.383 -46.7151 
v 1.26849 42.9504 -24.7611 
v 0.9295 41.7307 -24.6866 
v -0.0423012 42.7728 -27.3161 
v 0.311328 44.0537 -27.3985 
v -12.8394 49.8164 -21.7474 
v -11.495 48.7164 -24.041 
v -11.3818 49.9989 -24.3802 
v -12.9452 48.5937 -21.4282 
v 0.311328 44.0537 -27.3985 
v -0.0423012 42.7728 -27.3161 
v -0.655952 43.1136 -28.5629 
v -0.301617 44.3953 -28.6445 
v -10.7633 49.8577 -25.6617 
v -11.495 48.7164 -24.041 
v -10.8762 48.5741 -25.3231 
v -11.3818 49.9989 -24.3802 
v -10.7032 42.7442 -44.7135 
v -1.17554 40.6773 -45.8308 
v -0.202335 39.0054 -47.6748 
v -0.0769882 40.1716 -48.1613 
v -1.04327 41.9011 -46.3429 
v -12.6855 44.8465 -49.4275 
v -12.9033 43.5472 -49.223 
v -14.1356 43.9484 -51.5065 
v -14.3438 42.7108 -51.313 
v -1.35119 44.6661 -30.5741 
v -2.87661 43.4665 -32.3393 
v -2.55897 44.6919 -32.4539 
v -1.70801 43.3816 -30.4953 
v -9.00055 48.5963 -29.5343 
v -9.94304 48.078 -27.2715 
v -9.12601 47.3835 -29.175 
v -9.83138 49.3656 -27.608 
v -15.9252 47.95 -33.1266 
v -16.031 46.7127 -32.8065 
v -9.63574 45.354 -43.949 
v -11.1918 44.0792 -46.5067 
v -10.9749 45.383 -46.7151 
v -9.85959 44.1029 -43.7783 
v -2.33038 43.5127 -43.8295 
v -3.91882 43.2836 -40.8409 
v -2.46471 42.2858 -43.3126 
v -3.8046 44.472 -41.3092 
v -16.9972 47.2068 -36.4624 
v -12.0379 46.1821 -42.9029 
v -10.8181 43.5262 -41.3443 
v -9.72395 44.389 -40.0051 
v -9.96987 45.3325 -32.9029 
v -6.13718 43.1708 -39.109 
v -9.12601 47.3835 -29.175 
v -9.15763 46.0277 -32.3589 
v -9.10374 46.7583 -32.53 
v -9.00055 48.5963 -29.5343 
v -7.03875 44.4686 -37.9965 
v -9.85959 44.1029 -43.7783 
v -9.63574 45.354 -43.949 
v -9.49753 44.8145 -39.8333 
v -9.61526 44.0826 -39.7089 
v -10.6936 44.3216 -36.641 
v -9.11719 46.0786 -32.2518 
v -9.82439 44.1346 -35.6544 
v -9.81577 44.2617 -35.6826 
v -9.06314 46.8089 -32.4233 
v -10.3112 44.0078 -36.938 
v -9.8013 43.6914 -39.7093 
v -10.3314 43.8806 -36.916 
v -9.61526 44.0826 -39.7089 
v -10.3112 44.0078 -36.938 
v -9.49753 44.8145 -39.8333 
v -9.57849 43.657 -35.7169 
v -12.8236 44.3756 -38.9116 
v -10.6821 44.2101 -36.574 
v -12.7595 43.7335 -38.5261 
v -10.6936 44.3216 -36.641 
v -10.7 44.546 -35.9104 
v -10.6682 44.4183 -36.1077 
v -10.6795 44.5298 -36.1747 
v -10.7113 44.6574 -35.9773 
v -10.6838 44.4278 -36.4021 
v -10.6682 44.4183 -36.1077 
v -10.6721 44.3161 -36.3351 
v -10.6795 44.5298 -36.1747 
v -10.6936 44.3216 -36.641 
v -10.6721 44.3161 -36.3351 
v -10.6821 44.2101 -36.574 
v -10.6838 44.4278 -36.4021 
v -0.0619583 45.4108 -36.1968 
v 9.10451 42.274 -34.6348 
v -25.4839 43.3228 -37.4147 
v -19.9692 47.2286 -36.513 
v -21.4187 47.2298 -33.5744 
v -19.9028 46.0862 -35.8286 
v -21.476 48.3717 -34.2582 
v -12.4484 49.4935 -28.0469 
v -10.8762 48.5741 -25.3231 
v -12.5575 48.2065 -27.7159 
v -10.7633 49.8577 -25.6617 
v -22.7574 45.3727 -38.6212 
v -22.6433 42.4642 -40.0479 
v -22.7384 43.6045 -40.732 
v -22.6433 42.4642 -40.0479 
v -22.7574 45.3727 -38.6212 
v -22.6782 44.2346 -37.939 
v -29.1577 43.6403 -35.2333 
v -29.6446 43.264 -33.5631 
v -29.1052 42.8839 -34.7799 
v -29.6979 44.0246 -34.019 
v -16.2665 48.6674 -18.2554 
v -17.2215 47.8919 -19.1028 
v -17.1529 48.7468 -19.3147 
v -16.3353 47.8076 -18.0428 
v -0.00107956 39.7919 -17.0491 
v -31.7661 41.2478 -35.4438 
v -31.7656 41.3766 -35.2207 
v -19.6715 47.6611 -17.0675 
v -31.7788 41.6303 -34.8132 
v 11.769 41.0028 -34.627 
v -0.808361 34.3488 -54.0065 
v 11.7689 40.745 -35.0321 
v -20.9024 41.1199 -55.225 
v -21.5321 41.2847 -54.878 
v -21.5116 41.4053 -54.8965 
v 0.0840712 41.4838 -20.0585 
v 1.4759 41.0181 -20.8938 
v -29.1052 42.8839 -34.7799 
v -29.1253 43.7262 -33.3164 
v -15.6225 48.7729 -18.6013 
v 9.16285 42.07 -36.6258 
v -4.34657 36.661 -53.575 
v -2.82448 36.8246 -52.8621 
v -20.4207 43.2739 -52.4502 
v -31.2649 42.1383 -34.2687 
v -21.8635 41.5855 -54.0916 
v 0.776042 39.6581 -18.1053 
v 0.876163 40.0069 -18.1211 
v -18.1192 47.6997 -16.949 
v 11.2376 40.4892 -35.7183 
v -20.0508 47.9463 -17.9536 
v 11.2763 41.9588 -34.0935 
v -31.212 40.9981 -36.1102 
v -0.177345 34.6132 -53.1321 
v -19.9512 41.4364 -55.151 
v -20.0107 41.0819 -55.0954 
v -29.6446 43.264 -33.5631 
v -3.73916 36.2761 -53.7433 
v -3.82289 35.4567 -53.4103 
v -21.945 42.4006 -52.1631 
v -3.24161 41.4603 -18.2864 
v -20.4898 47.6302 -20.6635 
v 9.06016 43.2313 -33.0422 
v 1.30915 40.8552 -20.193 
v -16.2665 48.6674 -18.2554 
v 9.5953 40.3879 -37.0156 
v -28.9708 40.912 -37.8261 
v -29.0337 41.6676 -38.2794 
v 0.396571 37.0274 -51.198 
v -17.4594 41.497 -53.9581 
v -17.315 42.3578 -54.0935 
v -6.31715 45.9157 -24.497 
v -4.07238 45.3931 -24.8421 
v -4.43645 44.1162 -24.78 
v -17.7536 49.3875 -28.2336 
v 2.87588 46.0594 -36.6326 
v 1.94182 46.1001 -34.0435 
v 2.05653 47.2085 -34.778 
v -21.8789 44.1978 -40.432 
v -22.6782 44.2346 -37.939 
v -22.7574 45.3727 -38.6212 
v -1.88858 42.4692 -45.9642 
v -12.6661 45.2986 -48.4396 
v -12.8854 43.9978 -48.2372 
v -15.1354 44.5645 -47.9716 
v -14.9106 45.8607 -48.1618 
v -31.2442 41.6959 -35.6467 
v -31.774 41.4824 -35.2842 
v -31.7739 41.6054 -35.0711 
v -31.2551 42.0732 -35.031 
v -19.4275 47.7841 -16.9902 
v -18.7083 47.9971 -17.3362 
v -19.3636 47.9668 -17.6384 
v -19.2035 47.787 -16.8887 
v 11.2525 41.1482 -35.3299 
v 11.7794 41.1055 -34.6951 
v 11.7724 40.9668 -34.898 
v 11.2617 41.54 -34.7233 
v -31.2442 41.6959 -35.6467 
v -31.2378 41.3093 -36.2968 
v -31.774 41.4824 -35.2842 
v -31.7744 41.3536 -35.5073 
v -31.7871 41.7362 -34.8767 
v -31.2878 42.4492 -34.4551 
v -31.2551 42.0732 -35.031 
v -31.7739 41.6054 -35.0711 
v -20.5951 41.5989 -54.7888 
v -21.1006 41.2925 -55.1176 
v -21.3095 41.3421 -54.9976 
v -21.2101 41.7634 -54.4479 
v 0.287345 40.161 -17.7991 
v 0.0332708 39.9106 -17.0541 
v 0.234611 39.8429 -17.1781 
v -0.314114 40.3418 -17.4426 
v -29.1242 42.6891 -36.7293 
v -31.2442 41.6959 -35.6467 
v -31.2551 42.0732 -35.031 
v -29.1577 43.6403 -35.2333 
v -19.6623 47.7811 -17.0963 
v -19.3636 47.9668 -17.6384 
v -20.0508 47.9463 -17.9536 
v -19.4275 47.7841 -16.9902 
v 11.2763 41.9588 -34.0935 
v 11.7871 41.2509 -34.4825 
v 11.2617 41.54 -34.7233 
v 11.7794 41.1055 -34.6951 
v -29.1577 43.6403 -35.2333 
v -31.2551 42.0732 -35.031 
v -31.2878 42.4492 -34.4551 
v -29.6979 44.0246 -34.019 
v -18.7083 47.9971 -17.3362 
v -19.2035 47.787 -16.8887 
v -18.994 47.8093 -16.7853 
v -18.0916 48.0515 -17.0349 
v -19.2109 47.4155 -33.6369 
v -19.9692 47.2286 -36.513 
v -19.2717 48.5601 -34.3224 
v 11.2666 40.791 -35.9183 
v 11.7724 40.9668 -34.898 
v 11.7793 40.8478 -35.1002 
v 11.2525 41.1482 -35.3299 
v -3.10649 45.2857 -28.6787 
v -1.35119 44.6661 -30.5741 
v -7.10194 43.2547 -46.5932 
v -9.71337 43.2954 -47.0796 
v -18.7613 48.6425 -20.0537 
v -19.3636 47.9668 -17.6384 
v -18.7083 47.9971 -17.3362 
v -17.1529 48.7468 -19.3147 
v -19.9512 41.4364 -55.151 
v -20.882 41.2404 -55.2436 
v -21.1006 41.2925 -55.1176 
v -20.5951 41.5989 -54.7888 
v -31.2378 41.3093 -36.2968 
v -31.2442 41.6959 -35.6467 
v -29.0337 41.6676 -38.2794 
v -29.1242 42.6891 -36.7293 
v 9.16285 42.07 -36.6258 
v 11.2617 41.54 -34.7233 
v 11.2525 41.1482 -35.3299 
v 9.17794 43.0073 -35.1208 
v -12.4484 49.4935 -28.0469 
v -9.83138 49.3656 -27.608 
v -9.94304 48.078 -27.2715 
v -17.8263 46.1628 -42.417 
v -15.7697 46.9049 -44.4423 
v -17.5914 47.4658 -42.5917 
v -0.747475 43.667 -41.3163 
v 0.0206747 45.0443 -39.1784 
v -21.5116 41.4053 -54.8965 
v -21.8027 41.9397 -54.1448 
v -21.2101 41.7634 -54.4479 
v -21.3095 41.3421 -54.9976 
v -18.7083 47.9971 -17.3362 
v -16.2665 48.6674 -18.2554 
v -17.1529 48.7468 -19.3147 
v -18.0916 48.0515 -17.0349 
v -0.314114 40.3418 -17.4426 
v -0.177448 39.9815 -16.9238 
v 0.0332708 39.9106 -17.0541 
v -0.939224 40.5408 -17.066 
v 9.66339 41.1262 -37.5049 
v 11.2525 41.1482 -35.3299 
v 11.2666 40.791 -35.9183 
v 9.16285 42.07 -36.6258 
v 0.876163 40.0069 -18.1211 
v 0.234611 39.8429 -17.1781 
v 0.436908 39.7935 -17.2863 
v 0.287345 40.161 -17.7991 
v -18.9137 42.8413 -53.2781 
v -20.5951 41.5989 -54.7888 
v -21.2101 41.7634 -54.4479 
v -20.4207 43.2739 -52.4502 
v -20.0508 47.9463 -17.9536 
v -18.7613 48.6425 -20.0537 
v -20.4256 48.4874 -20.8662 
v -19.3636 47.9668 -17.6384 
v 9.13775 43.9647 -33.5282 
v 11.2763 41.9588 -34.0935 
v 9.17794 43.0073 -35.1208 
v 11.2617 41.54 -34.7233 
v 0.0840712 41.4838 -20.0585 
v -0.314114 40.3418 -17.4426 
v 0.287345 40.161 -17.7991 
v -1.40277 41.8995 -19.1866 
v -20.4207 43.2739 -52.4502 
v -21.8027 41.9397 -54.1448 
v -21.7949 43.267 -52.2906 
v -21.2101 41.7634 -54.4479 
v 0.287345 40.161 -17.7991 
v 1.30915 40.8552 -20.193 
v 0.0840712 41.4838 -20.0585 
v 0.876163 40.0069 -18.1211 
v -17.315 42.3578 -54.0935 
v -19.9512 41.4364 -55.151 
v -20.5951 41.5989 -54.7888 
v -18.9137 42.8413 -53.2781 
v -25.6106 45.7718 -35.8932 
v -29.1577 43.6403 -35.2333 
v -29.1759 44.4843 -33.7707 
v -25.6721 47.0251 -33.7971 
v -1.40277 41.8995 -19.1866 
v -0.939224 40.5408 -17.066 
v -0.314114 40.3418 -17.4426 
v -2.9948 42.3077 -18.3186 
v -25.5616 44.4077 -38.0652 
v -29.1242 42.6891 -36.7293 
v -29.1577 43.6403 -35.2333 
v -25.6106 45.7718 -35.8932 
v -17.1529 48.7468 -19.3147 
v -12.8394 49.8164 -21.7474 
v -15.0429 49.7317 -22.7988 
v -15.6225 48.7729 -18.6013 
v 5.63252 42.3423 -40.2495 
v 9.16285 42.07 -36.6258 
v 9.13355 41.1166 -38.0194 
v 5.63898 43.6905 -38.2122 
v 0.396571 37.0274 -51.198 
v -2.34799 40.137 -49.6464 
v -0.0769882 40.1716 -48.1613 
v -17.3685 49.5943 -23.8727 
v -18.7613 48.6425 -20.0537 
v -17.1529 48.7468 -19.3147 
v -15.0429 49.7317 -22.7988 
v -25.2447 42.7795 -40.2128 
v -29.0337 41.6676 -38.2794 
v -29.1242 42.6891 -36.7293 
v -25.5616 44.4077 -38.0652 
v 5.63898 43.6905 -38.2122 
v 9.17794 43.0073 -35.1208 
v 9.16285 42.07 -36.6258 
v 5.66055 45.0589 -36.0425 
v -18.6853 45.436 -49.3078 
v -20.4207 43.2739 -52.4502 
v -21.8642 43.615 -51.6428 
v -20.7832 45.9672 -48.1741 
v -25.614 45.9384 -33.1462 
v -6.93986 38.584 -51.3914 
v 1.26849 42.9504 -24.7611 
v 0.0840712 41.4838 -20.0585 
v 1.4759 41.0181 -20.8938 
v -0.772152 43.5887 -23.5794 
v -16.5015 44.824 -50.5066 
v -18.9137 42.8413 -53.2781 
v -20.4207 43.2739 -52.4502 
v -18.6853 45.436 -49.3078 
v 5.41347 46.2988 -33.6413 
v 9.13775 43.9647 -33.5282 
v 5.66055 45.0589 -36.0425 
v 9.17794 43.0073 -35.1208 
v -19.717 49.1438 -25.1556 
v -20.4256 48.4874 -20.8662 
v -18.7613 48.6425 -20.0537 
v -17.3685 49.5943 -23.8727 
v -0.772152 43.5887 -23.5794 
v -1.40277 41.8995 -19.1866 
v 0.0840712 41.4838 -20.0585 
v -2.92035 44.2042 -22.3196 
v -14.1356 43.9484 -51.5065 
v -17.315 42.3578 -54.0935 
v -18.9137 42.8413 -53.2781 
v -16.5015 44.824 -50.5066 
v -2.92035 44.2042 -22.3196 
v -2.9948 42.3077 -18.3186 
v -1.40277 41.8995 -19.1866 
v -5.35897 44.6302 -21.208 
v 0.9295 41.7307 -24.6866 
v 5.55331 41.2872 -39.5504 
v -12.9452 48.5937 -21.4282 
v -19.8098 47.9116 -24.8629 
v 5.30323 45.2443 -32.9425 
v -0.202335 39.0054 -47.6748 
v -14.3438 42.7108 -51.313 
v -22.7574 45.3727 -38.6212 
v -22.7384 43.6045 -40.732 
v -25.5616 44.4077 -38.0652 
v -25.2447 42.7795 -40.2128 
v -2.34799 40.137 -49.6464 
v -1.04327 41.9011 -46.3429 
v -0.0769882 40.1716 -48.1613 
v -3.46625 42.0906 -47.6372 
v -22.808 46.785 -36.3344 
v -22.7574 45.3727 -38.6212 
v -25.6106 45.7718 -35.8932 
v -25.5616 44.4077 -38.0652 
v -25.6106 45.7718 -35.8932 
v -25.6721 47.0251 -33.7971 
v -22.808 46.785 -36.3344 
v -22.8732 48.0934 -34.1345 
v -5.87439 41.8992 -48.8165 
v -2.34799 40.137 -49.6464 
v -4.64405 39.9724 -50.7785 
v -3.46625 42.0906 -47.6372 
v -8.16372 41.671 -49.9402 
v -4.64405 39.9724 -50.7785 
v -6.82827 39.7603 -51.852 
v -5.87439 41.8992 -48.8165 
v -16.126 49.7911 -26.6152 
v -19.717 49.1438 -25.1556 
v -17.3685 49.5943 -23.8727 
v -18.6435 49.299 -27.6163 
v 2.87588 46.0594 -36.6326 
v 5.41347 46.2988 -33.6413 
v 5.66055 45.0589 -36.0425 
v 2.92534 47.1969 -34.1255 
v 5.66055 45.0589 -36.0425 
v 5.63898 43.6905 -38.2122 
v 2.85218 44.6085 -38.8955 
v 2.87588 46.0594 -36.6326 
v -17.3685 49.5943 -23.8727 
v -13.6904 49.9157 -25.4844 
v -16.126 49.7911 -26.6152 
v -15.0429 49.7317 -22.7988 
v 5.63898 43.6905 -38.2122 
v 5.63252 42.3423 -40.2495 
v 2.84596 43.1904 -41.0274 
v 2.85218 44.6085 -38.8955 
v -15.0429 49.7317 -22.7988 
v -11.3818 49.9989 -24.3802 
v -13.6904 49.9157 -25.4844 
v -12.8394 49.8164 -21.7474 
v -12.6855 44.8465 -49.4275 
v -14.1356 43.9484 -51.5065 
v -16.5015 44.824 -50.5066 
v -14.9106 45.8607 -48.1618 
v -14.9106 45.8607 -48.1618 
v -16.5015 44.824 -50.5066 
v -18.6853 45.436 -49.3078 
v -17.203 46.4825 -46.9029 
v -17.203 46.4825 -46.9029 
v -18.6853 45.436 -49.3078 
v -20.7832 45.9672 -48.1741 
v -19.4032 47.0332 -45.7148 
v -4.07238 45.3931 -24.8421 
v -5.35897 44.6302 -21.208 
v -2.92035 44.2042 -22.3196 
v -6.42514 45.6827 -23.4412 
v -1.82624 44.7286 -26.1611 
v -2.92035 44.2042 -22.3196 
v -0.772152 43.5887 -23.5794 
v -4.07238 45.3931 -24.8421 
v 0.311328 44.0537 -27.3985 
v -0.772152 43.5887 -23.5794 
v 1.26849 42.9504 -24.7611 
v -1.82624 44.7286 -26.1611 
v -7.9239 46.4159 -26.2317 
v -0.254845 47.8108 -34.4094 
v -0.376122 46.7001 -33.6733 
v -17.3264 48.9019 -30.5623 
v -19.5459 44.1261 -41.0592 
v -2.33038 43.5127 -43.8295 
v -10.9749 45.383 -46.7151 
v -19.6394 45.734 -45.5444 
v -11.495 48.7164 -24.041 
v -7.10194 43.2547 -46.5932 
v -5.87439 41.8992 -48.8165 
v -8.76313 42.4041 -48.8687 
v -8.16372 41.671 -49.9402 
v -21.476 48.3717 -34.2582 
v -19.9692 47.2286 -36.513 
v -22.8732 48.0934 -34.1345 
v -22.808 46.785 -36.3344 
v -19.9692 47.2286 -36.513 
v -19.9152 45.84 -38.8138 
v -22.808 46.785 -36.3344 
v -22.7574 45.3727 -38.6212 
v -7.10194 43.2547 -46.5932 
v -3.46625 42.0906 -47.6372 
v -5.87439 41.8992 -48.8165 
v -4.69347 43.4732 -45.42 
v -19.9152 45.84 -38.8138 
v -19.5459 44.1261 -41.0592 
v -22.7574 45.3727 -38.6212 
v -21.8789 44.1978 -40.432 
v -1.88858 42.4692 -45.9642 
v -4.69347 43.4732 -45.42 
v -2.33038 43.5127 -43.8295 
v -3.46625 42.0906 -47.6372 
v -18.684 47.3094 -44.5101 
v 2.85218 44.6085 -38.8955 
v 2.84596 43.1904 -41.0274 
v 1.45358 43.4632 -41.2052 
v 0.0206747 45.0443 -39.1784 
v -13.6904 49.9157 -25.4844 
v -10.7633 49.8577 -25.6617 
v -12.4484 49.4935 -28.0469 
v -11.3818 49.9989 -24.3802 
v -17.7536 49.3875 -28.2336 
v -14.8797 49.3941 -29.1887 
v -17.3264 48.9019 -30.5623 
v -16.126 49.7911 -26.6152 
v -16.126 49.7911 -26.6152 
v -12.4484 49.4935 -28.0469 
v -14.8797 49.3941 -29.1887 
v -13.6904 49.9157 -25.4844 
v 2.05653 47.2085 -34.778 
v 0.0413733 46.5183 -36.9307 
v -0.254845 47.8108 -34.4094 
v 2.87588 46.0594 -36.6326 
v 2.87588 46.0594 -36.6326 
v 0.0206747 45.0443 -39.1784 
v 0.0413733 46.5183 -36.9307 
v 2.85218 44.6085 -38.8955 
v -17.203 46.4825 -46.9029 
v -19.4032 47.0332 -45.7148 
v -15.7697 46.9049 -44.4423 
v -18.684 47.3094 -44.5101 
v 2.8081 46.0899 -33.3919 
v -15.7697 46.9049 -44.4423 
v -13.4703 46.31 -45.7007 
v -17.203 46.4825 -46.9029 
v -14.9106 45.8607 -48.1618 
v -13.4703 46.31 -45.7007 
v -10.9749 45.383 -46.7151 
v -14.9106 45.8607 -48.1618 
v -12.6661 45.2986 -48.4396 
v -0.301617 44.3953 -28.6445 
v -10.8762 48.5741 -25.3231 
v -1.82624 44.7286 -26.1611 
v -0.301617 44.3953 -28.6445 
v -3.10649 45.2857 -28.6787 
v 0.311328 44.0537 -27.3985 
v -10.7032 42.7442 -44.7135 
v -16.4628 47.3287 -40.668 
v -17.0394 48.4612 -34.3216 
v -17.0268 47.3701 -33.6695 
v -5.34757 45.9769 -27.3654 
v -6.31715 45.9157 -24.497 
v -4.07238 45.3931 -24.8421 
v -7.9239 46.4159 -26.2317 
v -3.10649 45.2857 -28.6787 
v -4.07238 45.3931 -24.8421 
v -1.82624 44.7286 -26.1611 
v -5.34757 45.9769 -27.3654 
v -1.17554 40.6773 -45.8308 
v -12.9033 43.5472 -49.223 
v -2.97863 43.6887 -41.1962 
v -2.87661 43.4665 -32.3393 
v -2.55897 44.6919 -32.4539 
v -9.12601 47.3835 -29.175 
v -3.32562 47.7755 -34.5289 
v -15.9252 47.95 -33.1266 
v -9.6773 45.2459 -28.8895 
v -16.4795 44.2186 -40.876 
v -9.63574 45.354 -43.949 
v -9.85959 44.1029 -43.7783 
v -3.91882 43.2836 -40.8409 
v -3.8046 44.472 -41.3092 
v -16.4795 44.2186 -40.876 
v -19.9152 45.84 -38.8138 
v -16.7732 45.8193 -38.662 
v -19.5459 44.1261 -41.0592 
v -2.33038 43.5127 -43.8295 
v -6.12804 44.3871 -42.7737 
v -3.8046 44.472 -41.3092 
v -4.69347 43.4732 -45.42 
v -17.0394 48.4612 -34.3216 
v -19.9692 47.2286 -36.513 
v -19.2717 48.5601 -34.3224 
v -16.9972 47.2068 -36.4624 
v -16.9972 47.2068 -36.4624 
v -19.9152 45.84 -38.8138 
v -19.9692 47.2286 -36.513 
v -16.7732 45.8193 -38.662 
v -10.6116 43.939 -45.1374 
v -7.10194 43.2547 -46.5932 
v -9.71337 43.2954 -47.0796 
v -8.38251 44.1687 -44.0712 
v -8.38251 44.1687 -44.0712 
v -4.69347 43.4732 -45.42 
v -7.10194 43.2547 -46.5932 
v -6.12804 44.3871 -42.7737 
v -0.254845 47.8108 -34.4094 
v 0.0413733 46.5183 -36.9307 
v -3.32562 47.7755 -34.5289 
v -3.10393 46.4645 -36.9336 
v -17.3264 48.9019 -30.5623 
v -13.5344 48.3396 -31.8295 
v -15.9252 47.95 -33.1266 
v -14.8797 49.3941 -29.1887 
v 0.0206747 45.0443 -39.1784 
v -2.97863 43.6887 -41.1962 
v -2.9514 45.0762 -39.1389 
v -0.747475 43.667 -41.3163 
v 0.0413733 46.5183 -36.9307 
v 0.0206747 45.0443 -39.1784 
v -3.10393 46.4645 -36.9336 
v -2.9514 45.0762 -39.1389 
v -11.245 48.5375 -30.5913 
v -12.4484 49.4935 -28.0469 
v -9.83138 49.3656 -27.608 
v -9.00055 48.5963 -29.5343 
v -14.8797 49.3941 -29.1887 
v -11.245 48.5375 -30.5913 
v -13.5344 48.3396 -31.8295 
v -12.4484 49.4935 -28.0469 
v -9.63574 45.354 -43.949 
v -13.4703 46.31 -45.7007 
v -12.0379 46.1821 -42.9029 
v -10.9749 45.383 -46.7151 
v -14.3372 46.8111 -41.8394 
v -17.5914 47.4658 -42.5917 
v -16.4628 47.3287 -40.668 
v -15.7697 46.9049 -44.4423 
v -12.0379 46.1821 -42.9029 
v -15.7697 46.9049 -44.4423 
v -14.3372 46.8111 -41.8394 
v -13.4703 46.31 -45.7007 
v -7.9239 46.4159 -26.2317 
v -5.34757 45.9769 -27.3654 
v -9.333 46.4791 -28.9622 
v -6.88522 45.9873 -30.1097 
v -3.10649 45.2857 -28.6787 
v -1.35119 44.6661 -30.5741 
v -4.6163 45.3608 -31.2381 
v -2.55897 44.6919 -32.4539 
v -5.34757 45.9769 -27.3654 
v -3.10649 45.2857 -28.6787 
v -6.88522 45.9873 -30.1097 
v -4.6163 45.3608 -31.2381 
v -14.0627 45.3742 -38.4275 
v -10.8181 43.5262 -41.3443 
v -13.8684 46.3554 -34.655 
v -8.39086 44.5703 -39.3604 
v -3.8046 44.472 -41.3092 
v -6.12804 44.3871 -42.7737 
v -6.99841 44.6885 -38.6631 
v -12.8683 45.1941 -37.5822 
v -16.4795 44.2186 -40.876 
v -16.7732 45.8193 -38.662 
v -12.8236 44.3756 -38.9116 
v -12.8683 45.1941 -37.5822 
v -16.7732 45.8193 -38.662 
v -12.9137 45.9139 -36.2763 
v -16.9972 47.2068 -36.4624 
v -9.72395 44.389 -40.0051 
v -6.12804 44.3871 -42.7737 
v -8.38251 44.1687 -44.0712 
v -8.39086 44.5703 -39.3604 
v -9.72395 44.389 -40.0051 
v -8.38251 44.1687 -44.0712 
v -10.7427 44.2162 -41.6347 
v -10.6116 43.939 -45.1374 
v -12.9137 45.9139 -36.2763 
v -16.9972 47.2068 -36.4624 
v -13.9238 46.9988 -35.041 
v -17.0394 48.4612 -34.3216 
v -7.04336 46.1803 -35.4687 
v -3.32562 47.7755 -34.5289 
v -3.10393 46.4645 -36.9336 
v -7.04178 45.3352 -36.7821 
v -7.1199 45.5569 -35.0556 
v -15.9252 47.95 -33.1266 
v -11.5449 46.1171 -34.6415 
v -12.9533 46.0421 -35.3123 
v -13.5344 48.3396 -31.8295 
v -9.96987 45.3325 -32.9029 
v -6.06929 43.7954 -39.5229 
v -9.15763 46.0277 -32.3589 
v -7.03875 44.4686 -37.9965 
v -7.04178 45.3352 -36.7821 
v -2.9514 45.0762 -39.1389 
v -3.10393 46.4645 -36.9336 
v -9.63574 45.354 -43.949 
v -10.8371 45.1738 -39.1152 
v -9.49753 44.8145 -39.8333 
v -12.0379 46.1821 -42.9029 
v -10.2088 46.1214 -33.9779 
v -13.5344 48.3396 -31.8295 
v -11.245 48.5375 -30.5913 
v -11.5449 46.1171 -34.6415 
v -2.97863 43.6887 -41.1962 
v -7.03875 44.4686 -37.9965 
v -2.9514 45.0762 -39.1389 
v -6.06929 43.7954 -39.5229 
v -9.10374 46.7583 -32.53 
v -11.245 48.5375 -30.5913 
v -9.00055 48.5963 -29.5343 
v -10.2088 46.1214 -33.9779 
v -12.0379 46.1821 -42.9029 
v -12.1315 45.4469 -38.4255 
v -10.8371 45.1738 -39.1152 
v -14.3372 46.8111 -41.8394 
v -12.1315 45.4469 -38.4255 
v -14.3372 46.8111 -41.8394 
v -13.9406 46.1073 -38.5444 
v -16.4628 47.3287 -40.668 
v -9.61526 44.0826 -39.7089 
v -10.9584 44.118 -36.588 
v -9.96987 45.3325 -32.9029 
v -9.333 46.4791 -28.9622 
v -6.88522 45.9873 -30.1097 
v -8.65784 44.9438 -33.6557 
v -4.6163 45.3608 -31.2381 
v -7.42142 44.5034 -34.3649 
v -8.65784 44.9438 -33.6557 
v -6.88522 45.9873 -30.1097 
v -5.50012 44.3261 -34.3458 
v -7.42142 44.5034 -34.3649 
v -2.55897 44.6919 -32.4539 
v -4.6163 45.3608 -31.2381 
v -9.72395 44.389 -40.0051 
v -10.3817 43.968 -37.5743 
v -10.183 43.9891 -37.4464 
v -10.7769 44.2 -41.7537 
v -14.0156 47.0591 -34.9814 
v -10.7113 44.6574 -35.9773 
v -12.9137 45.9139 -36.2763 
v -10.6795 44.5298 -36.1747 
v -9.71411 44.0815 -37.266 
v -8.39086 44.5703 -39.3604 
v -9.9552 44.0346 -37.3559 
v -6.99841 44.6885 -38.6631 
v -9.9552 44.0346 -37.3559 
v -9.72395 44.389 -40.0051 
v -10.183 43.9891 -37.4464 
v -8.39086 44.5703 -39.3604 
v -12.8236 44.3756 -38.9116 
v -10.6838 44.4278 -36.4021 
v -10.6936 44.3216 -36.641 
v -12.8683 45.1941 -37.5822 
v -10.6838 44.4278 -36.4021 
v -12.8683 45.1941 -37.5822 
v -10.6795 44.5298 -36.1747 
v -12.9137 45.9139 -36.2763 
v -10.2514 44.1327 -35.8817 
v -7.20958 44.7648 -30.0083 
v -9.81577 44.2617 -35.6826 
v -14.0512 46.1475 -38.5863 
v -10.9584 44.118 -36.588 
v -12.1315 45.4469 -38.4255 
v -10.7454 44.0584 -36.6738 
v -9.24582 44.1732 -36.372 
v -7.04336 46.1803 -35.4687 
v -7.04178 45.3352 -36.7821 
v -9.26346 44.0042 -36.5709 
v -5.97945 43.7651 -39.6043 
v -9.27507 43.8436 -36.7612 
v -7.03875 44.4686 -37.9965 
v -9.24969 43.7199 -36.9621 
v -9.26346 44.0042 -36.5709 
v -7.04178 45.3352 -36.7821 
v -7.03875 44.4686 -37.9965 
v -9.27507 43.8436 -36.7612 
v -10.4803 44.2861 -36.0163 
v -11.5449 46.1171 -34.6415 
v -10.2429 44.2601 -35.9097 
v -10.2088 46.1214 -33.9779 
v -9.81577 44.2617 -35.6826 
v -10.0183 44.2378 -35.8037 
v -9.06314 46.8089 -32.4233 
v -10.2429 44.2601 -35.9097 
v -11.5449 46.1171 -34.6415 
v -10.2088 46.1214 -33.9779 
v -10.0183 44.2378 -35.8037 
v -9.49753 44.8145 -39.8333 
v -10.5321 44.0332 -36.8005 
v -10.3112 44.0078 -36.938 
v -10.8371 45.1738 -39.1152 
v -10.8371 45.1738 -39.1152 
v -10.7454 44.0584 -36.6738 
v -10.5321 44.0332 -36.8005 
v -12.1315 45.4469 -38.4255 
v -9.72805 43.9625 -37.214 
v -12.2755 44.9435 -42.7636 
v -14.582 45.5734 -41.7137 
v -9.77916 43.7544 -35.5803 
v -9.96987 45.3325 -32.9029 
v -8.65784 44.9438 -33.6557 
v -9.57849 43.657 -35.7169 
v -9.38411 43.5647 -35.8428 
v -7.42142 44.5034 -34.3649 
v -5.38033 44.3213 -34.3106 
v -9.17253 43.51 -35.9351 
v -9.57849 43.657 -35.7169 
v -8.65784 44.9438 -33.6557 
v -7.42142 44.5034 -34.3649 
v -9.38411 43.5647 -35.8428 
v -0.177448 39.9815 -16.9238 
v -0.211792 39.8628 -16.9189 
v 0.0332708 39.9106 -17.0541 
v -0.00107956 39.7919 -17.0491 
v 0.0332708 39.9106 -17.0541 
v -0.00107956 39.7919 -17.0491 
v 0.234611 39.8429 -17.1781 
v 0.200267 39.7241 -17.1731 
v 0.234611 39.8429 -17.1781 
v 0.200267 39.7241 -17.1731 
v 0.436908 39.7935 -17.2863 
v 0.402591 39.6748 -17.2813 
v -19.6623 47.7811 -17.0963 
v -19.4367 47.6641 -16.9614 
v -19.4275 47.7841 -16.9902 
v -19.6715 47.6611 -17.0675 
v -19.2035 47.787 -16.8887 
v -19.2127 47.667 -16.8598 
v -19.0033 47.6893 -16.7564 
v -18.994 47.8093 -16.7853 
v -19.4275 47.7841 -16.9902 
v -19.2127 47.667 -16.8598 
v -19.2035 47.787 -16.8887 
v -19.4367 47.6641 -16.9614 
v -0.586834 34.259 -53.8533 
v 11.7689 40.745 -35.0321 
v -21.5321 41.2847 -54.878 
v 0.0840712 41.4838 -20.0585 
v -0.157833 40.6351 -20.0171 
v 1.4759 41.0181 -20.8938 
v 1.23448 40.1675 -20.8505 
v -29.1052 42.8839 -34.7799 
v -29.1759 44.4843 -33.7707 
v -17.1529 48.7468 -19.3147 
v -15.6921 47.9167 -18.3872 
v -15.6225 48.7729 -18.6013 
v -17.2215 47.8919 -19.1028 
v -2.90751 36.0096 -52.5313 
v -2.82448 36.8246 -52.8621 
v -18.1192 47.6997 -16.949 
v -18.0916 48.0515 -17.0349 
v -18.994 47.8093 -16.7853 
v -19.0033 47.6893 -16.7564 
v -1.04079 40.1917 -17.0525 
v -0.211792 39.8628 -16.9189 
v -0.177448 39.9815 -16.9238 
v -0.939224 40.5408 -17.066 
v 11.2763 41.9588 -34.0935 
v -0.177345 34.6132 -53.1321 
v -19.9512 41.4364 -55.151 
v -20.0107 41.0819 -55.0954 
v -29.6979 44.0246 -34.019 
v -31.2878 42.4492 -34.4551 
v -29.6446 43.264 -33.5631 
v -31.2649 42.1383 -34.2687 
v -3.73916 36.2761 -53.7433 
v -3.82289 35.4567 -53.4103 
v -3.24161 41.4603 -18.2864 
v -1.04079 40.1917 -17.0525 
v -0.939224 40.5408 -17.066 
v -2.9948 42.3077 -18.3186 
v 9.06016 43.2313 -33.0422 
v 11.2445 41.6567 -33.8933 
v 11.2763 41.9588 -34.0935 
v 9.13775 43.9647 -33.5282 
v 1.06563 40.0018 -20.1518 
v -18.0916 48.0515 -17.0349 
v -18.1192 47.6997 -16.949 
v -16.3353 47.8076 -18.0428 
v -16.2665 48.6674 -18.2554 
v -28.9708 40.912 -37.8261 
v -29.0337 41.6676 -38.2794 
v 0.308982 36.2166 -50.8588 
v 0.396571 37.0274 -51.198 
v -6.31715 45.9157 -24.497 
v -6.68888 44.635 -24.446 
v -4.07238 45.3931 -24.8421 
v -4.43645 44.1162 -24.78 
v 1.94182 46.1001 -34.0435 
v 2.05653 47.2085 -34.778 
v -21.8789 44.1978 -40.432 
v -22.6782 44.2346 -37.939 
v -1.88858 42.4692 -45.9642 
v -2.01982 41.2431 -45.4538 
v -3.59127 40.8645 -47.1394 
v -12.6661 45.2986 -48.4396 
v -15.1354 44.5645 -47.9716 
v -14.9106 45.8607 -48.1618 
v -19.2109 47.4155 -33.6369 
v -19.9692 47.2286 -36.513 
v -19.2717 48.5601 -34.3224 
v -3.46547 44.0037 -28.6049 
v -1.35119 44.6661 -30.5741 
v -1.70801 43.3816 -30.4953 
v -7.10194 43.2547 -46.5932 
v -9.71337 43.2954 -47.0796 
v -12.4484 49.4935 -28.0469 
v -12.5575 48.2065 -27.7159 
v -9.83138 49.3656 -27.608 
v -9.94304 48.078 -27.2715 
v -0.747475 43.667 -41.3163 
v -25.6721 47.0251 -33.7971 
v 5.63898 43.6905 -38.2122 
v -25.6721 47.0251 -33.7971 
v -29.1759 44.4843 -33.7707 
v -25.614 45.9384 -33.1462 
v -29.1253 43.7262 -33.3164 
v -6.93986 38.584 -51.3914 
v 5.41347 46.2988 -33.6413 
v -5.35897 44.6302 -21.208 
v 0.9295 41.7307 -24.6866 
v 5.55331 41.2872 -39.5504 
v -12.9452 48.5937 -21.4282 
v -5.71319 43.4117 -21.1604 
v -3.24161 41.4603 -18.2864 
v -2.9948 42.3077 -18.3186 
v -5.35897 44.6302 -21.208 
v 5.30323 45.2443 -32.9425 
v 9.06016 43.2313 -33.0422 
v 9.13775 43.9647 -33.5282 
v 5.41347 46.2988 -33.6413 
v -25.1556 41.6932 -39.5613 
v -1.04327 41.9011 -46.3429 
v -22.8732 48.0934 -34.1345 
v -1.82624 44.7286 -26.1611 
v -6.31715 45.9157 -24.497 
v -8.29957 45.1325 -26.1861 
v -6.68888 44.635 -24.446 
v -7.9239 46.4159 -26.2317 
v -0.254845 47.8108 -34.4094 
v -0.376122 46.7001 -33.6733 
v 2.05653 47.2085 -34.778 
v 1.94182 46.1001 -34.0435 
v -17.3264 48.9019 -30.5623 
v -2.33038 43.5127 -43.8295 
v -10.9749 45.383 -46.7151 
v -25.6721 47.0251 -33.7971 
v -25.614 45.9384 -33.1462 
v -22.8168 46.9522 -33.4511 
v -22.8732 48.0934 -34.1345 
v -8.76313 42.4041 -48.8687 
v -8.87872 41.167 -48.3879 
v -22.8732 48.0934 -34.1345 
v -22.8168 46.9522 -33.4511 
v -21.4187 47.2298 -33.5744 
v -21.476 48.3717 -34.2582 
v 2.92534 47.1969 -34.1255 
v 2.8081 46.0899 -33.3919 
v 5.41347 46.2988 -33.6413 
v 5.30323 45.2443 -32.9425 
v -16.4628 47.3287 -40.668 
v -16.708 46.0879 -40.5416 
v -17.0394 48.4612 -34.3216 
v -19.2109 47.4155 -33.6369 
v -17.0268 47.3701 -33.6695 
v -19.2717 48.5601 -34.3224 
v -1.17554 40.6773 -45.8308 
v -12.9033 43.5472 -49.223 
v -2.55897 44.6919 -32.4539 
v -9.12601 47.3835 -29.175 
v -3.32562 47.7755 -34.5289 
v -0.376122 46.7001 -33.6733 
v -0.254845 47.8108 -34.4094 
v -3.40884 46.7087 -33.8221 
v -15.9252 47.95 -33.1266 
v -16.031 46.7127 -32.8065 
v -3.91882 43.2836 -40.8409 
v -3.8046 44.472 -41.3092 
v -11.245 48.5375 -30.5913 
v -16.708 46.0879 -40.5416 
v -14.0627 45.3742 -38.4275 
v -13.9406 46.1073 -38.5444 
v -16.4628 47.3287 -40.668 
v -17.0268 47.3701 -33.6695 
v -13.8684 46.3554 -34.655 
v -13.9238 46.9988 -35.041 
v -17.0394 48.4612 -34.3216 
v -12.9137 45.9139 -36.2763 
v -7.04336 46.1803 -35.4687 
v -3.32562 47.7755 -34.5289 
v -7.04336 46.1803 -35.4687 
v -3.40884 46.7087 -33.8221 
v -7.1199 45.5569 -35.0556 
v -9.96987 45.3325 -32.9029 
v -6.13718 43.1708 -39.109 
v -9.15763 46.0277 -32.3589 
v -7.03875 44.4686 -37.9965 
v -3.8046 44.472 -41.3092 
v -7.07757 44.0026 -38.3659 
v -3.91882 43.2836 -40.8409 
v -6.99841 44.6885 -38.6631 
v -14.1735 45.4146 -38.4698 
v -10.9787 43.991 -36.5662 
v -10.9584 44.118 -36.588 
v -14.0512 46.1475 -38.5863 
v -13.9606 46.4158 -34.5955 
v -10.7 44.546 -35.9104 
v -10.7113 44.6574 -35.9773 
v -14.0156 47.0591 -34.9814 
v -10.6795 44.5298 -36.1747 
v -10.6936 44.3216 -36.641 
v -10.2514 44.1327 -35.8817 
v -22.7574 45.3727 -38.6212 
v -22.7384 43.6045 -40.732 
v -22.7384 43.6045 -40.732 
v 2.87588 46.0594 -36.6326 
v 2.92534 47.1969 -34.1255 
v 2.92534 47.1969 -34.1255 
v 2.8081 46.0899 -33.3919 
v 2.77455 44.9546 -35.9005 
v 2.8081 46.0899 -33.3919 
v -16.126 49.7911 -26.6152 
v -18.6435 49.299 -27.6163 
v -18.6435 49.299 -27.6163 
v -6.79775 44.4036 -23.3926 
v -4.43645 44.1162 -24.78 
v -6.79775 44.4036 -23.3926 
v -9.81577 44.2617 -35.6826 
v -9.27507 43.8436 -36.7612 
v -10.3112 44.0078 -36.938 
v -9.72805 43.9625 -37.214 
v -9.57849 43.657 -35.7169 
v -10.9584 44.118 -36.588 
v -10.9787 43.991 -36.5662 
v -10.7454 44.0584 -36.6738 
v -10.7657 43.9313 -36.652 
v -7.07757 44.0026 -38.3659 
v -6.99841 44.6885 -38.6631 
v -9.71411 44.0815 -37.266 
v -9.72805 43.9625 -37.214 
v -10.3817 43.968 -37.5743 
v -10.3955 43.8491 -37.5226 
v -10.1969 43.87 -37.3946 
v -10.183 43.9891 -37.4464 
v -10.3112 44.0078 -36.938 
v -10.5524 43.9059 -36.7784 
v -10.3314 43.8806 -36.916 
v -10.5321 44.0332 -36.8005 
v -10.5321 44.0332 -36.8005 
v -10.7657 43.9313 -36.652 
v -10.5524 43.9059 -36.7784 
v -10.7454 44.0584 -36.6738 
v -9.9552 44.0346 -37.3559 
v -9.96918 43.9155 -37.3038 
v -9.72805 43.9625 -37.214 
v -9.71411 44.0815 -37.266 
v -10.183 43.9891 -37.4464 
v -10.1969 43.87 -37.3946 
v -9.96918 43.9155 -37.3038 
v -9.9552 44.0346 -37.3559 
v -19.834 44.6991 -38.1299 
v -4.81958 42.2446 -44.9195 
v -17.4355 45.1852 -46.7266 
v 9.10451 42.274 -34.6348 
v -4.75828 38.7998 -50.3132 
v -25.4839 43.3228 -37.4147 
v -15.7697 46.9049 -44.4423 
v -18.9199 46.0094 -44.3388 
v -16.0015 45.6042 -44.2629 
v -18.684 47.3094 -44.5101 
v -14.9106 45.8607 -48.1618 
v -12.9033 43.5472 -49.223 
v -12.6855 44.8465 -49.4275 
v -12.6855 44.8465 -49.4275 
v -12.9033 43.5472 -49.223 
v -14.9106 45.8607 -48.1618 
v -15.1354 44.5645 -47.9716 
v -3.46625 42.0906 -47.6372 
v -1.17554 40.6773 -45.8308 
v -1.04327 41.9011 -46.3429 
v -1.04327 41.9011 -46.3429 
v -1.17554 40.6773 -45.8308 
v -3.46625 42.0906 -47.6372 
v -3.59127 40.8645 -47.1394 
v -21.7949 43.267 -52.2906 
v -20.5702 42.4124 -52.3239 
v -20.4207 43.2739 -52.4502 
v -21.945 42.4006 -52.1631 
v -31.7661 41.2478 -35.4438 
v -31.7656 41.3766 -35.2207 
v -31.7744 41.3536 -35.5073 
v -31.774 41.4824 -35.2842 
v -31.7656 41.3766 -35.2207 
v -31.7656 41.4995 -35.0076 
v -31.774 41.4824 -35.2842 
v -31.7739 41.6054 -35.0711 
v -31.7656 41.4995 -35.0076 
v -31.7788 41.6303 -34.8132 
v -31.7739 41.6054 -35.0711 
v -31.7871 41.7362 -34.8767 
v 0.0840712 41.4838 -20.0585 
v 1.23448 40.1675 -20.8505 
v -29.1052 42.8839 -34.7799 
v -29.1253 43.7262 -33.3164 
v -29.1577 43.6403 -35.2333 
v -29.1759 44.4843 -33.7707 
v -15.6225 48.7729 -18.6013 
v 9.09566 41.3356 -36.1392 
v 9.16285 42.07 -36.6258 
v -4.34657 36.661 -53.575 
v -2.90751 36.0096 -52.5313 
v -2.82448 36.8246 -52.8621 
v -31.2878 42.4492 -34.4551 
v -31.7871 41.7362 -34.8767 
v -31.2649 42.1383 -34.2687 
v -31.7788 41.6303 -34.8132 
v -21.8027 41.9397 -54.1448 
v -21.5116 41.4053 -54.8965 
v -21.8635 41.5855 -54.0916 
v -21.5321 41.2847 -54.878 
v 0.776042 39.6581 -18.1053 
v -19.6623 47.7811 -17.0963 
v -20.0774 47.5932 -17.87 
v -19.6715 47.6611 -17.0675 
v -20.0508 47.9463 -17.9536 
v -31.2378 41.3093 -36.2968 
v -31.7661 41.2478 -35.4438 
v -31.7744 41.3536 -35.5073 
v -31.212 40.9981 -36.1102 
v -0.177345 34.6132 -53.1321 
v -29.6446 43.264 -33.5631 
v -3.82289 35.4567 -53.4103 
v -21.7949 43.267 -52.2906 
v -21.8027 41.9397 -54.1448 
v -21.945 42.4006 -52.1631 
v -21.8635 41.5855 -54.0916 
v -20.0508 47.9463 -17.9536 
v -20.4898 47.6302 -20.6635 
v -20.0774 47.5932 -17.87 
v -20.4256 48.4874 -20.8662 
v 9.5953 40.3879 -37.0156 
v -28.9708 40.912 -37.8261 
v -29.0337 41.6676 -38.2794 
v 0.308982 36.2166 -50.8588 
v 0.396571 37.0274 -51.198 
v -6.31715 45.9157 -24.497 
v -4.43645 44.1162 -24.78 
v -17.7536 49.3875 -28.2336 
v -16.2292 48.5048 -26.2965 
v -16.126 49.7911 -26.6152 
v -17.8517 48.0928 -27.925 
v 2.87588 46.0594 -36.6326 
v 1.94182 46.1001 -34.0435 
v 2.05653 47.2085 -34.778 
v -21.8789 44.1978 -40.432 
v -21.7864 43.0561 -39.7472 
v -22.6782 44.2346 -37.939 
v -22.7574 45.3727 -38.6212 
v -19.9028 46.0862 -35.8286 
v -19.2109 47.4155 -33.6369 
v -19.9692 47.2286 -36.513 
v -19.2717 48.5601 -34.3224 
v -3.10649 45.2857 -28.6787 
v -3.46547 44.0037 -28.6049 
v -1.35119 44.6661 -30.5741 
v -7.10194 43.2547 -46.5932 
v -12.4484 49.4935 -28.0469 
v -9.94304 48.078 -27.2715 
v -17.8263 46.1628 -42.417 
v -15.7697 46.9049 -44.4423 
v -17.5914 47.4658 -42.5917 
v -0.0679283 43.9353 -38.4435 
v 0.0206747 45.0443 -39.1784 
v -25.6721 47.0251 -33.7971 
v -25.5616 44.4077 -38.0652 
v 5.63898 43.6905 -38.2122 
v -20.7832 45.9672 -48.1741 
v -6.82827 39.7603 -51.852 
v -4.34657 36.661 -53.575 
v -6.93986 38.584 -51.3914 
v -4.42887 35.8436 -53.2453 
v 1.26849 42.9504 -24.7611 
v -20.7832 45.9672 -48.1741 
v -21.8642 43.615 -51.6428 
v -21.006 44.7298 -48.008 
v -22.0149 42.7516 -51.5181 
v -19.717 49.1438 -25.1556 
v -5.35897 44.6302 -21.208 
v 0.9295 41.7307 -24.6866 
v 5.55331 41.2872 -39.5504 
v -5.71319 43.4117 -21.1604 
v -20.4256 48.4874 -20.8662 
v -19.8098 47.9116 -24.8629 
v -20.4898 47.6302 -20.6635 
v -19.717 49.1438 -25.1556 
v -18.6435 49.299 -27.6163 
v -17.3264 48.9019 -30.5623 
v -17.422 47.6023 -30.2584 
v -17.8517 48.0928 -27.925 
v -17.7536 49.3875 -28.2336 
v -8.16372 41.671 -49.9402 
v -6.82827 39.7603 -51.852 
v -8.27881 40.4344 -49.4605 
v -6.93986 38.584 -51.3914 
v -20.7832 45.9672 -48.1741 
v -21.006 44.7298 -48.008 
v -19.6394 45.734 -45.5444 
v -19.4032 47.0332 -45.7148 
v -0.0423012 42.7728 -27.3161 
v -8.76313 42.4041 -48.8687 
v -8.16372 41.671 -49.9402 
v -8.27881 40.4344 -49.4605 
v -8.87872 41.167 -48.3879 
v -8.76313 42.4041 -48.8687 
v -19.4032 47.0332 -45.7148 
v -19.6394 45.734 -45.5444 
v -18.9199 46.0094 -44.3388 
v -18.684 47.3094 -44.5101 
v 1.45358 43.4632 -41.2052 
v -19.717 49.1438 -25.1556 
v -18.7403 48.005 -27.3104 
v -19.8098 47.9116 -24.8629 
v -18.6435 49.299 -27.6163 
v 2.8081 46.0899 -33.3919 
v -6.42514 45.6827 -23.4412 
v -6.79775 44.4036 -23.3926 
v -5.35897 44.6302 -21.208 
v -5.71319 43.4117 -21.1604 
v -9.71337 43.2954 -47.0796 
v -9.83073 42.0566 -46.5948 
v -10.7032 42.7442 -44.7135 
v -10.6116 43.939 -45.1374 
v -16.4628 47.3287 -40.668 
v -17.8263 46.1628 -42.417 
v -16.708 46.0879 -40.5416 
v -17.5914 47.4658 -42.5917 
v -5.34757 45.9769 -27.3654 
v -15.9252 47.95 -33.1266 
v -16.031 46.7127 -32.8065 
v -17.422 47.6023 -30.2584 
v -17.3264 48.9019 -30.5623 
v -7.9239 46.4159 -26.2317 
v -9.6773 45.2459 -28.8895 
v -8.29957 45.1325 -26.1861 
v -9.333 46.4791 -28.9622 
v -9.85959 44.1029 -43.7783 
v -11.245 48.5375 -30.5913 
v -10.6116 43.939 -45.1374 
v -10.8181 43.5262 -41.3443 
v -10.7427 44.2162 -41.6347 
v -10.7032 42.7442 -44.7135 
v -9.96987 45.3325 -32.9029 
v -10.1849 44.6125 -32.8847 
v -9.6773 45.2459 -28.8895 
v -9.333 46.4791 -28.9622 
v -10.9584 44.118 -36.588 
v -10.3817 43.968 -37.5743 
v -10.8521 43.5102 -41.4638 
v -10.3955 43.8491 -37.5226 
v -10.7769 44.2 -41.7537 
v -10.6936 44.3216 -36.641 
v -9.81577 44.2617 -35.6826 
v -9.8013 43.6914 -39.7093 
v -7.04336 46.1803 -35.4687 
v -9.24582 44.1732 -36.372 
v -7.1199 45.5569 -35.0556 
v -9.25956 44.0649 -36.3003 
v -9.96987 45.3325 -32.9029 
v -9.77916 43.7544 -35.5803 
v -10.1849 44.6125 -32.8847 
v -9.81673 43.6294 -35.5776 
v -9.57849 43.657 -35.7169 
v -9.26315 43.6118 -36.8904 
v -9.28859 43.7353 -36.6895 
v -9.24969 43.7199 -36.9621 
v -9.27507 43.8436 -36.7612 
v -9.24582 44.1732 -36.372 
v -9.26346 44.0042 -36.5709 
v -9.25956 44.0649 -36.3003 
v -9.27725 43.8958 -36.4991 
v -9.26346 44.0042 -36.5709 
v -9.27507 43.8436 -36.7612 
v -9.27725 43.8958 -36.4991 
v -9.28859 43.7353 -36.6895 
v -0.0619583 45.4108 -36.1968 
v 9.10451 42.274 -34.6348 
v -8.76313 42.4041 -48.8687 
v -8.87872 41.167 -48.3879 
v -7.22162 42.0199 -46.1045 
v -7.10194 43.2547 -46.5932 
v 0.0206747 45.0443 -39.1784 
v 1.45358 43.4632 -41.2052 
v -0.0679283 43.9353 -38.4435 
v 1.37411 42.3546 -40.4706 
v 2.87588 46.0594 -36.6326 
v 2.8081 46.0899 -33.3919 
v 2.92534 47.1969 -34.1255 
v 2.77455 44.9546 -35.9005 
v 2.8081 46.0899 -33.3919 
v 2.87588 46.0594 -36.6326 
v -3.73916 36.2761 -53.7433 
v -3.82289 35.4567 -53.4103 
v -2.90751 36.0096 -52.5313 
v -2.82448 36.8246 -52.8621 
v 9.16285 42.07 -36.6258 
v 9.66339 41.1262 -37.5049 
v 9.09566 41.3356 -36.1392 
v 9.5953 40.3879 -37.0156 
v -0.00107956 39.7919 -17.0491 
v -31.7661 41.2478 -35.4438 
v -31.7656 41.3766 -35.2207 
v -19.6715 47.6611 -17.0675 
v -31.7788 41.6303 -34.8132 
v 11.769 41.0028 -34.627 
v -0.808361 34.3488 -54.0065 
v -0.586834 34.259 -53.8533 
v 11.7689 40.745 -35.0321 
v -20.9024 41.1199 -55.225 
v -21.5321 41.2847 -54.878 
v -21.5116 41.4053 -54.8965 
v -29.1052 42.8839 -34.7799 
v -29.1253 43.7262 -33.3164 
v -15.6225 48.7729 -18.6013 
v 9.09566 41.3356 -36.1392 
v -4.34657 36.661 -53.575 
v -2.90751 36.0096 -52.5313 
v -2.82448 36.8246 -52.8621 
v -20.4207 43.2739 -52.4502 
v -31.2649 42.1383 -34.2687 
v -2.11266 34.4573 -54.0935 
v -21.8635 41.5855 -54.0916 
v 0.776042 39.6581 -18.1053 
v 0.876163 40.0069 -18.1211 
v -18.1192 47.6997 -16.949 
v 11.2376 40.4892 -35.7183 
v -20.0508 47.9463 -17.9536 
v 11.2763 41.9588 -34.0935 
v -31.212 40.9981 -36.1102 
v -0.177345 34.6132 -53.1321 
v -19.9512 41.4364 -55.151 
v -20.0107 41.0819 -55.0954 
v -29.6446 43.264 -33.5631 
v -3.73916 36.2761 -53.7433 
v -3.82289 35.4567 -53.4103 
v -21.945 42.4006 -52.1631 
v -3.24161 41.4603 -18.2864 
v -20.4898 47.6302 -20.6635 
v 9.06016 43.2313 -33.0422 
v 1.06563 40.0018 -20.1518 
v 1.30915 40.8552 -20.193 
v -16.2665 48.6674 -18.2554 
v 9.5953 40.3879 -37.0156 
v -28.9708 40.912 -37.8261 
v -29.0337 41.6676 -38.2794 
v 0.308982 36.2166 -50.8588 
v 0.396571 37.0274 -51.198 
v -17.4594 41.497 -53.9581 
v -17.315 42.3578 -54.0935 
v -6.31715 45.9157 -24.497 
v -4.43645 44.1162 -24.78 
v -17.7536 49.3875 -28.2336 
v 1.94182 46.1001 -34.0435 
v 2.05653 47.2085 -34.778 
v -21.8789 44.1978 -40.432 
v -22.6782 44.2346 -37.939 
v -1.88858 42.4692 -45.9642 
v -2.01982 41.2431 -45.4538 
v -3.59127 40.8645 -47.1394 
v -12.6661 45.2986 -48.4396 
v -12.8854 43.9978 -48.2372 
v -15.1354 44.5645 -47.9716 
v -14.9106 45.8607 -48.1618 
v -31.2442 41.6959 -35.6467 
v -19.3636 47.9668 -17.6384 
v -19.9028 46.0862 -35.8286 
v -19.2109 47.4155 -33.6369 
v -19.9692 47.2286 -36.513 
v -19.2717 48.5601 -34.3224 
v -3.10649 45.2857 -28.6787 
v -3.46547 44.0037 -28.6049 
v -1.35119 44.6661 -30.5741 
v -7.10194 43.2547 -46.5932 
v -9.71337 43.2954 -47.0796 
v -18.7613 48.6425 -20.0537 
v -12.4484 49.4935 -28.0469 
v -9.83138 49.3656 -27.608 
v -9.94304 48.078 -27.2715 
v -17.8263 46.1628 -42.417 
v -15.7697 46.9049 -44.4423 
v -17.5914 47.4658 -42.5917 
v -0.0679283 43.9353 -38.4435 
v -0.747475 43.667 -41.3163 
v -25.6721 47.0251 -33.7971 
v -12.8394 49.8164 -21.7474 
v 5.63898 43.6905 -38.2122 
v -18.6853 45.436 -49.3078 
v -25.614 45.9384 -33.1462 
v -6.93986 38.584 -51.3914 
v 1.26849 42.9504 -24.7611 
v -21.006 44.7298 -48.008 
v -5.35897 44.6302 -21.208 
v 0.9295 41.7307 -24.6866 
v 5.55331 41.2872 -39.5504 
v -12.9452 48.5937 -21.4282 
v -5.71319 43.4117 -21.1604 
v -19.8098 47.9116 -24.8629 
v 5.30323 45.2443 -32.9425 
v -25.1556 41.6932 -39.5613 
v -0.202335 39.0054 -47.6748 
v -14.3438 42.7108 -51.313 
v -18.6435 49.299 -27.6163 
v -12.6855 44.8465 -49.4275 
v -6.42514 45.6827 -23.4412 
v -7.9239 46.4159 -26.2317 
v -0.376122 46.7001 -33.6733 
v -17.3264 48.9019 -30.5623 
v -19.5459 44.1261 -41.0592 
v -2.33038 43.5127 -43.8295 
v -11.1918 44.0792 -46.5067 
v -22.8168 46.9522 -33.4511 
v -19.6394 45.734 -45.5444 
v -0.0423012 42.7728 -27.3161 
v -11.495 48.7164 -24.041 
v -8.76313 42.4041 -48.8687 
v -21.476 48.3717 -34.2582 
v -19.9152 45.84 -38.8138 
v -8.87872 41.167 -48.3879 
v -18.9199 46.0094 -44.3388 
v 1.45358 43.4632 -41.2052 
v -14.8797 49.3941 -29.1887 
v 2.8081 46.0899 -33.3919 
v -6.79775 44.4036 -23.3926 
v -0.655952 43.1136 -28.5629 
v -0.301617 44.3953 -28.6445 
v -10.8762 48.5741 -25.3231 
v -10.7032 42.7442 -44.7135 
v -16.708 46.0879 -40.5416 
v -17.0268 47.3701 -33.6695 
v -5.34757 45.9769 -27.3654 
v -1.17554 40.6773 -45.8308 
v -12.9033 43.5472 -49.223 
v -2.97863 43.6887 -41.1962 
v -2.87661 43.4665 -32.3393 
v -9.12601 47.3835 -29.175 
v -3.40884 46.7087 -33.8221 
v -15.9252 47.95 -33.1266 
v -9.6773 45.2459 -28.8895 
v -16.4795 44.2186 -40.876 
v -9.85959 44.1029 -43.7783 
v -3.91882 43.2836 -40.8409 
v -16.9972 47.2068 -36.4624 
v -11.245 48.5375 -30.5913 
v -6.88522 45.9873 -30.1097 
v -14.0627 45.3742 -38.4275 
v -10.8181 43.5262 -41.3443 
v -13.8684 46.3554 -34.655 
v -12.9137 45.9139 -36.2763 
v -7.1199 45.5569 -35.0556 
v -9.96987 45.3325 -32.9029 
v -6.13718 43.1708 -39.109 
v -9.15763 46.0277 -32.3589 
v -5.7112 43.6045 -34.3199 
v -5.59116 43.5998 -34.2844 
v -9.42157 43.4396 -35.8398 
v -9.20993 43.3851 -35.9321 
v -7.6362 43.7732 -34.3407 
v -9.61526 44.0826 -39.7089 
v -7.6362 43.7732 -34.3407 
v -9.61612 43.5318 -35.7141 
v -9.42157 43.4396 -35.8398 
v -8.87201 44.2184 -33.6331 
v -10.1849 44.6125 -32.8847 
v -9.81673 43.6294 -35.5776 
v -8.87201 44.2184 -33.6331 
v -9.61612 43.5318 -35.7141 
v -10.9584 44.118 -36.588 
v -10.6795 44.5298 -36.1747 
v -12.2539 44.705 -38.3051 
v -10.7657 43.9313 -36.652 
v -10.9787 43.991 -36.5662 
v -14.1735 45.4146 -38.4698 
v -10.6936 44.3216 -36.641 
v -9.61526 44.0826 -39.7089 
v -10.3314 43.8806 -36.916 
v -10.5524 43.9059 -36.7784 
v -10.9579 44.4367 -38.9942 
v -10.9579 44.4367 -38.9942 
v -10.5524 43.9059 -36.7784 
v -10.7657 43.9313 -36.652 
v -12.2539 44.705 -38.3051 
v -9.82439 44.1346 -35.6544 
v -9.11719 46.0786 -32.2518 
v -10.2623 45.3812 -33.8067 
v -10.0269 44.1106 -35.7755 
v -6.04693 43.1407 -39.1905 
v -7.10979 43.8365 -37.5776 
v -9.26315 43.6118 -36.8904 
v -9.28859 43.7353 -36.6895 
v -10.2623 45.3812 -33.8067 
v -10.2514 44.1327 -35.8817 
v -10.0269 44.1106 -35.7755 
v -11.5974 45.3813 -34.4729 
v -8.87201 44.2184 -33.6331 
v -4.93293 44.1385 -31.1234 
v -7.20958 44.7648 -30.0083 
v -7.6362 43.7732 -34.3407 
v -7.10979 43.8365 -37.5776 
v -9.27725 43.8958 -36.4991 
v -9.28859 43.7353 -36.6895 
v -7.11401 44.7073 -36.366 
v -10.4888 44.1588 -35.9883 
v -11.5974 45.3813 -34.4729 
v -13.0034 45.31 -35.1489 
v -10.2514 44.1327 -35.8817 
v -2.87661 43.4665 -32.3393 
v -7.6362 43.7732 -34.3407 
v -5.7112 43.6045 -34.3199 
v -4.93293 44.1385 -31.1234 
v -7.1199 45.5569 -35.0556 
v -9.25956 44.0649 -36.3003 
v -7.11401 44.7073 -36.366 
v -9.27725 43.8958 -36.4991 
v -9.81577 44.2617 -35.6826 
v -10.1849 44.6125 -32.8847 
v -7.20958 44.7648 -30.0083 
v -9.6773 45.2459 -28.8895 
v -8.87201 44.2184 -33.6331 
v -9.27507 43.8436 -36.7612 
v -10.3112 44.0078 -36.938 
v -10.7 44.546 -35.9104 
v -13.9606 46.4158 -34.5955 
v -12.8553 45.2628 -35.8856 
v -10.6682 44.4183 -36.1077 
v -10.3955 43.8491 -37.5226 
v -10.8521 43.5102 -41.4638 
v -9.8013 43.6914 -39.7093 
v -10.1969 43.87 -37.3946 
v -12.8086 44.5473 -37.1941 
v -10.6721 44.3161 -36.3351 
v -10.6682 44.4183 -36.1077 
v -12.8553 45.2628 -35.8856 
v -12.8086 44.5473 -37.1941 
v -10.6821 44.2101 -36.574 
v -10.6721 44.3161 -36.3351 
v -12.7595 43.7335 -38.5261 
v -7.07757 44.0026 -38.3659 
v -9.72805 43.9625 -37.214 
v -9.96918 43.9155 -37.3038 
v -8.46843 43.8779 -39.0651 
v -8.46843 43.8779 -39.0651 
v -9.96918 43.9155 -37.3038 
v -10.1969 43.87 -37.3946 
v -9.8013 43.6914 -39.7093 
v -12.2755 44.9435 -42.7636 
v -10.9579 44.4367 -38.9942 
v -12.2539 44.705 -38.3051 
v -14.582 45.5734 -41.7137 
v -14.582 45.5734 -41.7137 
v -12.2539 44.705 -38.3051 
v -14.0627 45.3742 -38.4275 
v -16.708 46.0879 -40.5416 
v -10.2623 45.3812 -33.8067 
v -11.3703 47.3279 -30.2325 
v -13.6533 47.1246 -31.4836 
v -11.5974 45.3813 -34.4729 
v -2.98465 44.0197 -38.4388 
v -7.11401 44.7073 -36.366 
v -7.10979 43.8365 -37.5776 
v -3.15254 45.4075 -36.2333 
v -10.9579 44.4367 -38.9942 
v -12.2755 44.9435 -42.7636 
v -9.85959 44.1029 -43.7783 
v -9.61526 44.0826 -39.7089 
v -11.3703 47.3279 -30.2325 
v -9.15763 46.0277 -32.3589 
v -9.12601 47.3835 -29.175 
v -10.2623 45.3812 -33.8067 
v -7.10979 43.8365 -37.5776 
v -6.13718 43.1708 -39.109 
v -2.98465 44.0197 -38.4388 
v -3.01237 42.6295 -40.4943 
v -16.031 46.7127 -32.8065 
v -13.0034 45.31 -35.1489 
v -11.5974 45.3813 -34.4729 
v -13.6533 47.1246 -31.4836 
v -7.1199 45.5569 -35.0556 
v -3.15254 45.4075 -36.2333 
v -3.40884 46.7087 -33.8221 
v -7.11401 44.7073 -36.366 
v -9.57849 43.657 -35.7169 
v -16.985 46.1185 -35.812 
v -16.7457 44.7305 -38.0108 
v -12.8553 45.2628 -35.8856 
v -12.8086 44.5473 -37.1941 
v -9.8013 43.6914 -39.7093 
v -8.47377 42.9768 -43.6487 
v -6.22616 43.1994 -42.3382 
v -8.46843 43.8779 -39.0651 
v -17.0268 47.3701 -33.6695 
v -16.985 46.1185 -35.812 
v -13.8684 46.3554 -34.655 
v -12.8553 45.2628 -35.8856 
v -8.47377 42.9768 -43.6487 
v -9.8013 43.6914 -39.7093 
v -10.8181 43.5262 -41.3443 
v -10.7032 42.7442 -44.7135 
v -8.46843 43.8779 -39.0651 
v -6.22616 43.1994 -42.3382 
v -3.91882 43.2836 -40.8409 
v -7.07757 44.0026 -38.3659 
v -16.7457 44.7305 -38.0108 
v -12.7595 43.7335 -38.5261 
v -12.8086 44.5473 -37.1941 
v -16.4176 43.1198 -40.2178 
v -7.20958 44.7648 -30.0083 
v -3.46547 44.0037 -28.6049 
v -5.71342 44.697 -27.3046 
v -4.93293 44.1385 -31.1234 
v -4.93293 44.1385 -31.1234 
v -1.70801 43.3816 -30.4953 
v -3.46547 44.0037 -28.6049 
v -2.87661 43.4665 -32.3393 
v -9.6773 45.2459 -28.8895 
v -5.71342 44.697 -27.3046 
v -8.29957 45.1325 -26.1861 
v -7.20958 44.7648 -30.0083 
v -16.0015 45.6042 -44.2629 
v -12.2755 44.9435 -42.7636 
v -14.582 45.5734 -41.7137 
v -13.6947 45.0106 -45.5084 
v -13.6947 45.0106 -45.5084 
v -9.85959 44.1029 -43.7783 
v -12.2755 44.9435 -42.7636 
v -11.1918 44.0792 -46.5067 
v -17.8263 46.1628 -42.417 
v -14.582 45.5734 -41.7137 
v -16.708 46.0879 -40.5416 
v -16.0015 45.6042 -44.2629 
v -3.15254 45.4075 -36.2333 
v -2.98465 44.0197 -38.4388 
v -0.0619583 45.4108 -36.1968 
v -0.0679283 43.9353 -38.4435 
v -14.9824 48.1041 -28.8707 
v -13.6533 47.1246 -31.4836 
v -11.3703 47.3279 -30.2325 
v -12.5575 48.2065 -27.7159 
v -2.98465 44.0197 -38.4388 
v -3.01237 42.6295 -40.4943 
v -0.0679283 43.9353 -38.4435 
v -0.830532 42.5559 -40.58 
v -11.3703 47.3279 -30.2325 
v -9.94304 48.078 -27.2715 
v -12.5575 48.2065 -27.7159 
v -9.12601 47.3835 -29.175 
v -3.40884 46.7087 -33.8221 
v -3.15254 45.4075 -36.2333 
v -0.376122 46.7001 -33.6733 
v -0.0619583 45.4108 -36.1968 
v -17.422 47.6023 -30.2584 
v -16.031 46.7127 -32.8065 
v -13.6533 47.1246 -31.4836 
v -14.9824 48.1041 -28.8707 
v -19.9028 46.0862 -35.8286 
v -16.7457 44.7305 -38.0108 
v -16.985 46.1185 -35.812 
v -19.834 44.6991 -38.1299 
v -4.81958 42.2446 -44.9195 
v -6.22616 43.1994 -42.3382 
v -8.47377 42.9768 -43.6487 
v -7.22162 42.0199 -46.1045 
v -0.41568 39.9922 -17.4288 
v -0.00107956 39.7919 -17.0491 
v -0.211792 39.8628 -16.9189 
v -1.04079 40.1917 -17.0525 
v -19.2109 47.4155 -33.6369 
v -19.9028 46.0862 -35.8286 
v -17.0268 47.3701 -33.6695 
v -16.985 46.1185 -35.812 
v -2.46471 42.2858 -43.3126 
v -3.91882 43.2836 -40.8409 
v -6.22616 43.1994 -42.3382 
v -4.81958 42.2446 -44.9195 
v -7.22162 42.0199 -46.1045 
v -8.47377 42.9768 -43.6487 
v -10.7032 42.7442 -44.7135 
v -9.83073 42.0566 -46.5948 
v -19.834 44.6991 -38.1299 
v -16.4176 43.1198 -40.2178 
v -16.7457 44.7305 -38.0108 
v -19.4469 42.9819 -40.3727 
v 0.187057 39.8122 -17.7836 
v 0.402591 39.6748 -17.2813 
v 0.200267 39.7241 -17.1731 
v 0.776042 39.6581 -18.1053 
v -20.9024 41.1199 -55.225 
v -20.6549 41.2438 -54.7334 
v -21.121 41.1719 -55.0991 
v -20.0107 41.0819 -55.0954 
v -21.33 41.2215 -54.9791 
v -21.2707 41.4093 -54.3945 
v -21.5321 41.2847 -54.878 
v -21.8635 41.5855 -54.0916 
v 11.7767 41.1481 -34.4144 
v 11.2445 41.6567 -33.8933 
v 11.2302 41.2375 -34.5228 
v 11.769 41.0028 -34.627 
v -19.6715 47.6611 -17.0675 
v -20.0774 47.5932 -17.87 
v -19.3902 47.6134 -17.5543 
v -19.4367 47.6641 -16.9614 
v 11.2232 40.8464 -35.1299 
v 11.7689 40.745 -35.0321 
v 11.762 40.864 -34.8299 
v 11.2376 40.4892 -35.7183 
v -18.7358 47.6452 -17.2506 
v -19.0033 47.6893 -16.7564 
v -19.2127 47.667 -16.8598 
v -18.1192 47.6997 -16.949 
v -0.00107956 39.7919 -17.0491 
v 0.187057 39.8122 -17.7836 
v 0.200267 39.7241 -17.1731 
v -0.41568 39.9922 -17.4288 
v -0.586834 34.259 -53.8533 
v -0.177345 34.6132 -53.1321 
v -0.859169 34.5492 -53.4534 
v -0.820423 34.2351 -53.9594 
v -31.7661 41.2478 -35.4438 
v -31.2188 41.3842 -35.4597 
v -31.7656 41.3766 -35.2207 
v -31.212 40.9981 -36.1102 
v -31.7656 41.4995 -35.0076 
v -31.2317 41.7623 -34.8446 
v -31.7788 41.6303 -34.8132 
v -31.2649 42.1383 -34.2687 
v -1.04329 34.2121 -54.0609 
v -1.50651 34.4965 -53.7692 
v -2.11266 34.4573 -54.0935 
v -1.24857 34.2012 -54.1741 
v -21.121 41.1719 -55.0991 
v -20.6549 41.2438 -54.7334 
v -21.33 41.2215 -54.9791 
v -21.2707 41.4093 -54.3945 
v 11.2302 41.2375 -34.5228 
v 11.2232 40.8464 -35.1299 
v 11.769 41.0028 -34.627 
v 11.762 40.864 -34.8299 
v -19.3902 47.6134 -17.5543 
v -18.7358 47.6452 -17.2506 
v -19.4367 47.6641 -16.9614 
v -19.2127 47.667 -16.8598 
v -0.820423 34.2351 -53.9594 
v -0.859169 34.5492 -53.4534 
v -1.50651 34.4965 -53.7692 
v -1.04329 34.2121 -54.0609 
v -4.43645 44.1162 -24.78 
v -3.46547 44.0037 -28.6049 
v -2.18282 43.4498 -26.085 
v -5.71342 44.697 -27.3046 
v -31.2188 41.3842 -35.4597 
v -31.2317 41.7623 -34.8446 
v -31.7656 41.4995 -35.0076 
v -31.7656 41.3766 -35.2207 
v -6.68888 44.635 -24.446 
v -5.71342 44.697 -27.3046 
v -4.43645 44.1162 -24.78 
v -8.29957 45.1325 -26.1861 
v -0.0423012 42.7728 -27.3161 
v -2.18282 43.4498 -26.085 
v -0.655952 43.1136 -28.5629 
v -3.46547 44.0037 -28.6049 
v -11.1918 44.0792 -46.5067 
v -15.1354 44.5645 -47.9716 
v -12.8854 43.9978 -48.2372 
v -13.6947 45.0106 -45.5084 
v -13.6947 45.0106 -45.5084 
v -16.0015 45.6042 -44.2629 
v -17.4355 45.1852 -46.7266 
v -15.1354 44.5645 -47.9716 
v -16.0015 45.6042 -44.2629 
v -19.6394 45.734 -45.5444 
v -17.4355 45.1852 -46.7266 
v -18.9199 46.0094 -44.3388 
v -0.0619583 45.4108 -36.1968 
v -0.0679283 43.9353 -38.4435 
v 2.77455 44.9546 -35.9005 
v 2.76678 43.5023 -38.1625 
v -0.376122 46.7001 -33.6733 
v -0.0619583 45.4108 -36.1968 
v 1.94182 46.1001 -34.0435 
v 2.77455 44.9546 -35.9005 
v -17.422 47.6023 -30.2584 
v -14.9824 48.1041 -28.8707 
v -17.8517 48.0928 -27.925 
v -16.2292 48.5048 -26.2965 
v -12.5575 48.2065 -27.7159 
v -13.8004 48.633 -25.1517 
v -16.2292 48.5048 -26.2965 
v -14.9824 48.1041 -28.8707 
v -0.0679283 43.9353 -38.4435 
v 1.37411 42.3546 -40.4706 
v 2.76678 43.5023 -38.1625 
v 2.76749 42.0825 -40.2933 
v -11.495 48.7164 -24.041 
v -13.8004 48.633 -25.1517 
v -10.8762 48.5741 -25.3231 
v -12.5575 48.2065 -27.7159 
v -22.6782 44.2346 -37.939 
v -19.4469 42.9819 -40.3727 
v -19.834 44.6991 -38.1299 
v -21.7864 43.0561 -39.7472 
v -2.01982 41.2431 -45.4538 
v -2.46471 42.2858 -43.3126 
v -4.81958 42.2446 -44.9195 
v -3.59127 40.8645 -47.1394 
v -3.59127 40.8645 -47.1394 
v -4.81958 42.2446 -44.9195 
v -7.22162 42.0199 -46.1045 
v -5.99243 40.6667 -48.3316 
v -19.834 44.6991 -38.1299 
v -22.7447 45.6456 -35.6519 
v -22.6782 44.2346 -37.939 
v -19.9028 46.0862 -35.8286 
v -19.9028 46.0862 -35.8286 
v -21.4187 47.2298 -33.5744 
v -22.8168 46.9522 -33.4511 
v -22.7447 45.6456 -35.6519 
v -5.99243 40.6667 -48.3316 
v -7.22162 42.0199 -46.1045 
v -8.87872 41.167 -48.3879 
v -8.27881 40.4344 -49.4605 
v -0.0423012 42.7728 -27.3161 
v 0.9295 41.7307 -24.6866 
v -1.11376 42.371 -23.5104 
v -2.18282 43.4498 -26.085 
v -2.18282 43.4498 -26.085 
v -1.11376 42.371 -23.5104 
v -3.2685 42.987 -22.2622 
v -4.43645 44.1162 -24.78 
v -4.43645 44.1162 -24.78 
v -3.2685 42.987 -22.2622 
v -5.71319 43.4117 -21.1604 
v -6.79775 44.4036 -23.3926 
v -17.4355 45.1852 -46.7266 
v -21.006 44.7298 -48.008 
v -18.9048 44.2004 -49.1363 
v -19.6394 45.734 -45.5444 
v -1.04079 40.1917 -17.0525 
v -3.24161 41.4603 -18.2864 
v -1.64751 41.0521 -19.1507 
v -0.41568 39.9922 -17.4288 
v -15.1354 44.5645 -47.9716 
v -18.9048 44.2004 -49.1363 
v -16.7148 43.5882 -50.3234 
v -17.4355 45.1852 -46.7266 
v -14.3438 42.7108 -51.313 
v -12.9033 43.5472 -49.223 
v -16.7148 43.5882 -50.3234 
v -15.1354 44.5645 -47.9716 
v 5.55331 41.2872 -39.5504 
v 5.55358 42.6371 -37.5142 
v 2.76749 42.0825 -40.2933 
v 2.76678 43.5023 -38.1625 
v -11.495 48.7164 -24.041 
v -12.9452 48.5937 -21.4282 
v -15.146 48.5088 -22.4854 
v -13.8004 48.633 -25.1517 
v -17.4594 41.497 -53.9581 
v -20.6549 41.2438 -54.7334 
v -20.0107 41.0819 -55.0954 
v -19.06 41.9807 -53.1463 
v 5.55358 42.6371 -37.5142 
v 5.56179 44.0056 -35.3446 
v 2.76678 43.5023 -38.1625 
v 2.77455 44.9546 -35.9005 
v -13.8004 48.633 -25.1517 
v -15.146 48.5088 -22.4854 
v -17.466 48.3673 -23.5707 
v -16.2292 48.5048 -26.2965 
v 0.187057 39.8122 -17.7836 
v 1.06563 40.0018 -20.1518 
v 0.776042 39.6581 -18.1053 
v -0.157833 40.6351 -20.0171 
v 5.56179 44.0056 -35.3446 
v 5.30323 45.2443 -32.9425 
v 2.77455 44.9546 -35.9005 
v 2.8081 46.0899 -33.3919 
v -19.8098 47.9116 -24.8629 
v -16.2292 48.5048 -26.2965 
v -17.466 48.3673 -23.5707 
v -18.7403 48.005 -27.3104 
v -0.157833 40.6351 -20.0171 
v 0.187057 39.8122 -17.7836 
v -0.41568 39.9922 -17.4288 
v -1.64751 41.0521 -19.1507 
v 11.2445 41.6567 -33.8933 
v 9.06016 43.2313 -33.0422 
v 9.10451 42.274 -34.6348 
v 11.2302 41.2375 -34.5228 
v -18.8272 47.7867 -19.8474 
v -19.3902 47.6134 -17.5543 
v -20.0774 47.5932 -17.87 
v -20.4898 47.6302 -20.6635 
v -21.8635 41.5855 -54.0916 
v -20.5702 42.4124 -52.3239 
v -21.945 42.4006 -52.1631 
v -21.2707 41.4093 -54.3945 
v -22.7447 45.6456 -35.6519 
v -22.8168 46.9522 -33.4511 
v -25.614 45.9384 -33.1462 
v -25.5462 44.6866 -35.243 
v -4.75828 38.7998 -50.3132 
v -5.99243 40.6667 -48.3316 
v -8.27881 40.4344 -49.4605 
v -6.93986 38.584 -51.3914 
v -2.46814 38.9688 -49.17 
v -3.59127 40.8645 -47.1394 
v -5.99243 40.6667 -48.3316 
v -4.75828 38.7998 -50.3132 
v -22.6782 44.2346 -37.939 
v -22.7447 45.6456 -35.6519 
v -25.5462 44.6866 -35.243 
v -25.4839 43.3228 -37.4147 
v -20.6549 41.2438 -54.7334 
v -19.06 41.9807 -53.1463 
v -21.2707 41.4093 -54.3945 
v -20.5702 42.4124 -52.3239 
v -22.6433 42.4642 -40.0479 
v -22.6782 44.2346 -37.939 
v -25.4839 43.3228 -37.4147 
v -25.1556 41.6932 -39.5613 
v -1.17554 40.6773 -45.8308 
v -2.46814 38.9688 -49.17 
v -0.202335 39.0054 -47.6748 
v -3.59127 40.8645 -47.1394 
v 9.5953 40.3879 -37.0156 
v 11.2232 40.8464 -35.1299 
v 9.09566 41.3356 -36.1392 
v 11.2376 40.4892 -35.7183 
v -18.7358 47.6452 -17.2506 
v -16.3353 47.8076 -18.0428 
v -18.1192 47.6997 -16.949 
v -17.2215 47.8919 -19.1028 
v -28.9708 40.912 -37.8261 
v -31.2188 41.3842 -35.4597 
v -31.212 40.9981 -36.1102 
v -29.0655 41.9337 -36.2762 
v -0.177345 34.6132 -53.1321 
v 0.308982 36.2166 -50.8588 
v -1.32395 36.1169 -51.7412 
v -0.859169 34.5492 -53.4534 
v 11.2232 40.8464 -35.1299 
v 11.2302 41.2375 -34.5228 
v 9.09566 41.3356 -36.1392 
v 9.10451 42.274 -34.6348 
v -17.2215 47.8919 -19.1028 
v -18.7358 47.6452 -17.2506 
v -19.3902 47.6134 -17.5543 
v -18.8272 47.7867 -19.8474 
v -1.50651 34.4965 -53.7692 
v -2.90751 36.0096 -52.5313 
v -3.82289 35.4567 -53.4103 
v -2.11266 34.4573 -54.0935 
v -31.2317 41.7623 -34.8446 
v -29.1052 42.8839 -34.7799 
v -31.2649 42.1383 -34.2687 
v -29.6446 43.264 -33.5631 
v -0.859169 34.5492 -53.4534 
v -1.32395 36.1169 -51.7412 
v -2.90751 36.0096 -52.5313 
v -1.50651 34.4965 -53.7692 
v -31.2188 41.3842 -35.4597 
v -29.0655 41.9337 -36.2762 
v -31.2317 41.7623 -34.8446 
v -29.1052 42.8839 -34.7799 
v -3.24161 41.4603 -18.2864 
v -5.71319 43.4117 -21.1604 
v -3.2685 42.987 -22.2622 
v -1.64751 41.0521 -19.1507 
v -17.4594 41.497 -53.9581 
v -14.3438 42.7108 -51.313 
v -19.06 41.9807 -53.1463 
v -16.7148 43.5882 -50.3234 
v -1.64751 41.0521 -19.1507 
v -3.2685 42.987 -22.2622 
v -1.11376 42.371 -23.5104 
v -0.157833 40.6351 -20.0171 
v 9.06016 43.2313 -33.0422 
v 5.30323 45.2443 -32.9425 
v 5.56179 44.0056 -35.3446 
v 9.10451 42.274 -34.6348 
v -17.466 48.3673 -23.5707 
v -20.4898 47.6302 -20.6635 
v -19.8098 47.9116 -24.8629 
v -18.8272 47.7867 -19.8474 
v -19.06 41.9807 -53.1463 
v -16.7148 43.5882 -50.3234 
v -20.5702 42.4124 -52.3239 
v -18.9048 44.2004 -49.1363 
v 0.9295 41.7307 -24.6866 
v 1.23448 40.1675 -20.8505 
v -0.157833 40.6351 -20.0171 
v -1.11376 42.371 -23.5104 
v -25.1556 41.6932 -39.5613 
v -29.0655 41.9337 -36.2762 
v -28.9708 40.912 -37.8261 
v -25.4839 43.3228 -37.4147 
v 5.55358 42.6371 -37.5142 
v 9.09566 41.3356 -36.1392 
v 9.10451 42.274 -34.6348 
v 5.56179 44.0056 -35.3446 
v 0.308982 36.2166 -50.8588 
v -0.202335 39.0054 -47.6748 
v -2.46814 38.9688 -49.17 
v -1.32395 36.1169 -51.7412 
v -18.8272 47.7867 -19.8474 
v -17.466 48.3673 -23.5707 
v -15.146 48.5088 -22.4854 
v -17.2215 47.8919 -19.1028 
v -20.5702 42.4124 -52.3239 
v -18.9048 44.2004 -49.1363 
v -22.0149 42.7516 -51.5181 
v -21.006 44.7298 -48.008 
v 9.06826 40.3807 -37.5317 
v 9.09566 41.3356 -36.1392 
v 5.55331 41.2872 -39.5504 
v 5.55358 42.6371 -37.5142 
v -17.2215 47.8919 -19.1028 
v -15.146 48.5088 -22.4854 
v -12.9452 48.5937 -21.4282 
v -15.6921 47.9167 -18.3872 
v -1.32395 36.1169 -51.7412 
v -2.46814 38.9688 -49.17 
v -4.75828 38.7998 -50.3132 
v -2.90751 36.0096 -52.5313 
v -29.0655 41.9337 -36.2762 
v -25.4839 43.3228 -37.4147 
v -29.1052 42.8839 -34.7799 
v -25.5462 44.6866 -35.243 
v -29.1052 42.8839 -34.7799 
v -25.5462 44.6866 -35.243 
v -29.1253 43.7262 -33.3164 
v -25.614 45.9384 -33.1462 
v -2.90751 36.0096 -52.5313 
v -4.75828 38.7998 -50.3132 
v -6.93986 38.584 -51.3914 
v -4.42887 35.8436 -53.2453 
v -31.7661 41.2478 -35.4438 
v -0.808361 34.3488 -54.0065 
v -0.586834 34.259 -53.8533 
v -0.820423 34.2351 -53.9594 
v -0.574768 34.3727 -53.9005 
v -1.03123 34.3259 -54.108 
v -0.820423 34.2351 -53.9594 
v -1.04329 34.2121 -54.0609 
v -0.808361 34.3488 -54.0065 
v 11.7689 40.745 -35.0321 
v -1.23655 34.315 -54.2211 
v -1.04329 34.2121 -54.0609 
v -1.24857 34.2012 -54.1741 
v -1.03123 34.3259 -54.108 
v -20.882 41.2404 -55.2436 
v -20.9024 41.1199 -55.225 
v -21.121 41.1719 -55.0991 
v -21.1006 41.2925 -55.1176 
v -21.1006 41.2925 -55.1176 
v -21.121 41.1719 -55.0991 
v -21.33 41.2215 -54.9791 
v -21.3095 41.3421 -54.9976 
v -21.3095 41.3421 -54.9976 
v -21.33 41.2215 -54.9791 
v -21.5321 41.2847 -54.878 
v -21.5116 41.4053 -54.8965 
v 0.0840712 41.4838 -20.0585 
v 1.4759 41.0181 -20.8938 
v -29.1052 42.8839 -34.7799 
v -29.1759 44.4843 -33.7707 
v -15.6921 47.9167 -18.3872 
v 9.16285 42.07 -36.6258 
v -4.34657 36.661 -53.575 
v -2.90751 36.0096 -52.5313 
v -4.42887 35.8436 -53.2453 
v -2.82448 36.8246 -52.8621 
v -20.4207 43.2739 -52.4502 
v -20.5702 42.4124 -52.3239 
v -22.0149 42.7516 -51.5181 
v -21.8642 43.615 -51.6428 
v -2.07792 34.7919 -54.2306 
v -1.23655 34.315 -54.2211 
v -2.11266 34.4573 -54.0935 
v -1.24857 34.2012 -54.1741 
v -0.177345 34.6132 -53.1321 
v -19.9512 41.4364 -55.151 
v -20.0107 41.0819 -55.0954 
v -20.882 41.2404 -55.2436 
v -20.9024 41.1199 -55.225 
v -29.6446 43.264 -33.5631 
v -3.73916 36.2761 -53.7433 
v -2.07792 34.7919 -54.2306 
v -3.82289 35.4567 -53.4103 
v -2.11266 34.4573 -54.0935 
v 1.06563 40.0018 -20.1518 
v -16.2665 48.6674 -18.2554 
v 9.5953 40.3879 -37.0156 
v 9.66339 41.1262 -37.5049 
v 11.2666 40.791 -35.9183 
v 11.2376 40.4892 -35.7183 
v -28.9708 40.912 -37.8261 
v -31.2378 41.3093 -36.2968 
v -29.0337 41.6676 -38.2794 
v -31.212 40.9981 -36.1102 
v 0.308982 36.2166 -50.8588 
v 0.396571 37.0274 -51.198 
v -17.4594 41.497 -53.9581 
v -20.0107 41.0819 -55.0954 
v -19.9512 41.4364 -55.151 
v -17.315 42.3578 -54.0935 
v -6.31715 45.9157 -24.497 
v -4.07238 45.3931 -24.8421 
v -4.43645 44.1162 -24.78 
v 2.87588 46.0594 -36.6326 
v 2.05653 47.2085 -34.778 
v -21.8789 44.1978 -40.432 
v -22.6782 44.2346 -37.939 
v -1.88858 42.4692 -45.9642 
v -12.6661 45.2986 -48.4396 
v -12.8854 43.9978 -48.2372 
v -15.1354 44.5645 -47.9716 
v -14.9106 45.8607 -48.1618 
v -1.47161 34.8309 -53.9066 
v -0.808361 34.3488 -54.0065 
v -1.03123 34.3259 -54.108 
v -0.823269 34.8838 -53.5929 
v -0.823269 34.8838 -53.5929 
v -0.574768 34.3727 -53.9005 
v -0.808361 34.3488 -54.0065 
v -0.141354 34.9472 -53.2717 
v -2.07792 34.7919 -54.2306 
v -1.03123 34.3259 -54.108 
v -1.23655 34.315 -54.2211 
v -1.47161 34.8309 -53.9066 
v -2.82448 36.8246 -52.8621 
v -0.823269 34.8838 -53.5929 
v -1.47161 34.8309 -53.9066 
v -1.23821 36.9289 -52.0768 
v -19.9692 47.2286 -36.513 
v -2.82448 36.8246 -52.8621 
v -1.47161 34.8309 -53.9066 
v -3.73916 36.2761 -53.7433 
v -2.07792 34.7919 -54.2306 
v -7.10194 43.2547 -46.5932 
v -9.83073 42.0566 -46.5948 
v -9.71337 43.2954 -47.0796 
v -7.22162 42.0199 -46.1045 
v -12.4484 49.4935 -28.0469 
v -9.83138 49.3656 -27.608 
v -17.8263 46.1628 -42.417 
v -15.7697 46.9049 -44.4423 
v -16.0015 45.6042 -44.2629 
v -1.23821 36.9289 -52.0768 
v -0.141354 34.9472 -53.2717 
v -0.823269 34.8838 -53.5929 
v 0.396571 37.0274 -51.198 
v -0.747475 43.667 -41.3163 
v -25.6721 47.0251 -33.7971 
v -6.82827 39.7603 -51.852 
v -2.82448 36.8246 -52.8621 
v -4.34657 36.661 -53.575 
v -4.64405 39.9724 -50.7785 
v -25.5616 44.4077 -38.0652 
v -4.64405 39.9724 -50.7785 
v -1.23821 36.9289 -52.0768 
v -2.82448 36.8246 -52.8621 
v -2.34799 40.137 -49.6464 
v 5.63252 42.3423 -40.2495 
v 5.63898 43.6905 -38.2122 
v 0.396571 37.0274 -51.198 
v -2.34799 40.137 -49.6464 
v -0.0769882 40.1716 -48.1613 
v -1.23821 36.9289 -52.0768 
v 5.66055 45.0589 -36.0425 
v -25.614 45.9384 -33.1462 
v -6.93986 38.584 -51.3914 
v -16.5015 44.824 -50.5066 
v 9.06826 40.3807 -37.5317 
v 5.55331 41.2872 -39.5504 
v 9.13355 41.1166 -38.0194 
v 5.63252 42.3423 -40.2495 
v -12.9452 48.5937 -21.4282 
v -25.1556 41.6932 -39.5613 
v -28.9708 40.912 -37.8261 
v -29.0337 41.6676 -38.2794 
v -25.2447 42.7795 -40.2128 
v -14.3438 42.7108 -51.313 
v -17.4594 41.497 -53.9581 
v -17.315 42.3578 -54.0935 
v -14.1356 43.9484 -51.5065 
v -1.04327 41.9011 -46.3429 
v -22.808 46.785 -36.3344 
v -22.8732 48.0934 -34.1345 
v -5.87439 41.8992 -48.8165 
v -11.3818 49.9989 -24.3802 
v -17.3264 48.9019 -30.5623 
v -19.5459 44.1261 -41.0592 
v -21.7864 43.0561 -39.7472 
v -21.8789 44.1978 -40.432 
v -19.4469 42.9819 -40.3727 
v 5.63252 42.3423 -40.2495 
v 5.55331 41.2872 -39.5504 
v 2.76749 42.0825 -40.2933 
v 2.84596 43.1904 -41.0274 
v -8.76313 42.4041 -48.8687 
v 1.45358 43.4632 -41.2052 
v 2.84596 43.1904 -41.0274 
v 2.76749 42.0825 -40.2933 
v 1.37411 42.3546 -40.4706 
v 1.45358 43.4632 -41.2052 
v -10.8762 48.5741 -25.3231 
v -17.0268 47.3701 -33.6695 
v -22.7384 43.6045 -40.732 
v -22.6433 42.4642 -40.0479 
v -25.2447 42.7795 -40.2128 
v -25.1556 41.6932 -39.5613 
v -12.9033 43.5472 -49.223 
v -0.747475 43.667 -41.3163 
v -3.01237 42.6295 -40.4943 
v -2.97863 43.6887 -41.1962 
v -0.830532 42.5559 -40.58 
v -2.87661 43.4665 -32.3393 
v -2.55897 44.6919 -32.4539 
v -9.12601 47.3835 -29.175 
v -3.32562 47.7755 -34.5289 
v -15.9252 47.95 -33.1266 
v -16.031 46.7127 -32.8065 
v -19.5459 44.1261 -41.0592 
v -16.4176 43.1198 -40.2178 
v -19.4469 42.9819 -40.3727 
v -16.4795 44.2186 -40.876 
v -3.91882 43.2836 -40.8409 
v -16.9972 47.2068 -36.4624 
v -14.0627 45.3742 -38.4275 
v -12.9137 45.9139 -36.2763 
v -7.04336 46.1803 -35.4687 
v -7.1199 45.5569 -35.0556 
v -15.9252 47.95 -33.1266 
v -12.9533 46.0421 -35.3123 
v -16.031 46.7127 -32.8065 
v -13.0034 45.31 -35.1489 
v -9.96987 45.3325 -32.9029 
v -2.97863 43.6887 -41.1962 
v -3.01237 42.6295 -40.4943 
v -6.13718 43.1708 -39.109 
v -6.06929 43.7954 -39.5229 
v -9.15763 46.0277 -32.3589 
v -5.50012 44.3261 -34.3458 
v -2.87661 43.4665 -32.3393 
v -5.7112 43.6045 -34.3199 
v -2.55897 44.6919 -32.4539 
v -16.4795 44.2186 -40.876 
v -12.7595 43.7335 -38.5261 
v -16.4176 43.1198 -40.2178 
v -12.8236 44.3756 -38.9116 
v -10.9584 44.118 -36.588 
v -10.6795 44.5298 -36.1747 
v -10.6936 44.3216 -36.641 
v -10.2514 44.1327 -35.8817 
v -5.97945 43.7651 -39.6043 
v -9.26315 43.6118 -36.8904 
v -9.24969 43.7199 -36.9621 
v -6.04693 43.1407 -39.1905 
v -9.81577 44.2617 -35.6826 
v -5.59116 43.5998 -34.2844 
v -9.20993 43.3851 -35.9321 
v -9.17253 43.51 -35.9351 
v -5.38033 44.3213 -34.3106 
v -9.27507 43.8436 -36.7612 
v -10.4803 44.2861 -36.0163 
v -12.9533 46.0421 -35.3123 
v -11.5449 46.1171 -34.6415 
v -10.3112 44.0078 -36.938 
v -12.9533 46.0421 -35.3123 
v -10.4803 44.2861 -36.0163 
v -13.0034 45.31 -35.1489 
v -10.4888 44.1588 -35.9883 
v -9.57849 43.657 -35.7169 
v -10.0183 44.2378 -35.8037 
v -9.82439 44.1346 -35.6544 
v -10.0269 44.1106 -35.7755 
v -9.81577 44.2617 -35.6826 
v -10.2429 44.2601 -35.9097 
v -10.2514 44.1327 -35.8817 
v -10.4888 44.1588 -35.9883 
v -10.4803 44.2861 -36.0163 
v -10.0183 44.2378 -35.8037 
v -10.0269 44.1106 -35.7755 
v -10.2514 44.1327 -35.8817 
v -10.2429 44.2601 -35.9097 
v -9.17253 43.51 -35.9351 
v -9.20993 43.3851 -35.9321 
v -9.42157 43.4396 -35.8398 
v -9.38411 43.5647 -35.8428 
v -9.57849 43.657 -35.7169 
v -9.61612 43.5318 -35.7141 
v -9.81673 43.6294 -35.5776 
v -9.77916 43.7544 -35.5803 
v -9.38411 43.5647 -35.8428 
v -9.42157 43.4396 -35.8398 
v -9.61612 43.5318 -35.7141 
v -9.57849 43.657 -35.7169 
v -0.0619583 45.4108 -36.1968 
v -13.8004 48.633 -25.1517 
v -22.7447 45.6456 -35.6519 
v 5.55358 42.6371 -37.5142 
v 9.10451 42.274 -34.6348 
v -4.75828 38.7998 -50.3132 
v -2.46814 38.9688 -49.17 
v -0.301617 44.3953 -28.6445 
v -0.655952 43.1136 -28.5629 
v -3.46547 44.0037 -28.6049 
v -3.10649 45.2857 -28.6787 
v -16.126 49.7911 -26.6152 
v -18.7403 48.005 -27.3104 
v -18.6435 49.299 -27.6163 
v -18.7403 48.005 -27.3104 
v -16.126 49.7911 -26.6152 
v -16.2292 48.5048 -26.2965 
v -6.79775 44.4036 -23.3926 
v -6.42514 45.6827 -23.4412 
v -4.07238 45.3931 -24.8421 
v -4.43645 44.1162 -24.78 
v -6.79775 44.4036 -23.3926 
v -4.07238 45.3931 -24.8421 
v 1.30915 40.8552 -20.193 
v 1.06563 40.0018 -20.1518 
v -0.157833 40.6351 -20.0171 
v 0.0840712 41.4838 -20.0585 

vn 0.496063 -0.110236 0.858268 
vn -1 -0.0551181 0.0393701 
vn 0.992126 -0.0866142 0.023622 
vn 0.992126 -0.0866142 0.023622 
vn 0.992126 -0.0866142 0.023622 
vn 0.992126 -0.0866142 0.023622 
vn 1 -0.0866142 0.023622 
vn 1 -0.0866142 0.023622 
vn 1 -0.0866142 0.023622 
vn 1 -0.0866142 0.023622 
vn 0.417323 -0.385827 -0.826772 
vn 1 -0.0551181 0.0629921 
vn 1 -0.0551181 0.0629921 
vn 1 -0.0551181 0.0629921 
vn 1 -0.0551181 0.0629921 
vn 0.488189 -0.0944882 0.866142 
vn 0.488189 -0.0944882 0.866142 
vn 0.488189 -0.0944882 0.866142 
vn 1 -0.0708661 0.0314961 
vn 1 -0.0708661 0.0314961 
vn 1 -0.0708661 0.0314961 
vn 1 -0.0708661 0.0314961 
vn 0.425197 -0.377953 -0.818898 
vn 0.88189 -0.23622 0.401575 
vn 0.88189 -0.23622 0.401575 
vn 0.88189 -0.23622 0.401575 
vn 0.88189 -0.23622 0.401575 
vn 0.795276 -0.385827 -0.472441 
vn 0.795276 -0.385827 -0.472441 
vn 0.795276 -0.385827 -0.472441 
vn 0.795276 -0.385827 -0.472441 
vn 0.795276 0.275591 0.543307 
vn 0.795276 0.275591 0.543307 
vn 0.795276 0.275591 0.543307 
vn 0.795276 0.275591 0.543307 
vn 0.889764 -0.251969 -0.377953 
vn 0.889764 -0.251969 -0.377953 
vn 0.889764 -0.251969 -0.377953 
vn 0.889764 -0.251969 -0.377953 
vn -0.417323 0.15748 0.897638 
vn 0.574803 0.409449 0.708661 
vn 0.96063 -0.267717 0.0866142 
vn 0.96063 -0.267717 0.0866142 
vn 0.96063 -0.267717 0.0866142 
vn 0.96063 -0.267717 0.0866142 
vn 0.559055 -0.496063 -0.669291 
vn -0.551181 -0.464567 -0.692913 
vn -0.551181 -0.464567 -0.692913 
vn 0.984252 -0.149606 -0.102362 
vn 0.984252 -0.149606 -0.102362 
vn 0.984252 -0.149606 -0.102362 
vn 0.984252 -0.149606 -0.102362 
vn 0.149606 0 0.992126 
vn 0.149606 0 0.992126 
vn -0.716535 0.220472 0.661417 
vn 0.937008 0.133858 0.338583 
vn 0.937008 0.133858 0.338583 
vn 0.937008 0.133858 0.338583 
vn 0.937008 0.133858 0.338583 
vn -0.92126 -0.244094 -0.291339 
vn -0.92126 -0.244094 -0.291339 
vn -0.92126 -0.244094 -0.291339 
vn 0.724409 -0.322835 -0.606299 
vn 0.724409 -0.322835 -0.606299 
vn 0.724409 -0.322835 -0.606299 
vn 0.724409 -0.322835 -0.606299 
vn -0.149606 -0.125984 -0.984252 
vn -0.96063 0.0944882 0.251969 
vn -0.96063 0.0944882 0.251969 
vn -0.96063 0.0944882 0.251969 
vn -0.96063 0.0944882 0.251969 
vn 0.700787 -0.149606 0.700787 
vn 0.700787 -0.149606 0.700787 
vn 0.700787 -0.149606 0.700787 
vn 0.165354 -0.377953 -0.913386 
vn -0.149606 0.259843 0.952756 
vn 0.952756 -0.212598 -0.204724 
vn 0.952756 -0.212598 -0.204724 
vn 0.952756 -0.212598 -0.204724 
vn 0.952756 -0.212598 -0.204724 
vn 0.535433 0.700787 -0.472441 
vn 0.535433 0.700787 -0.472441 
vn 0.377953 0.653543 -0.653543 
vn 0.535433 0.716535 -0.456693 
vn 0.472441 0.80315 0.370079 
vn 0.370079 0.834646 0.401575 
vn 0.944882 -0.275591 -0.188976 
vn 0.944882 -0.275591 -0.188976 
vn 0.944882 -0.275591 -0.188976 
vn 0.944882 -0.275591 -0.188976 
vn 0.307087 -0.543307 -0.779528 
vn 0.724409 0.110236 0.677165 
vn 0.724409 0.110236 0.677165 
vn 0.724409 0.110236 0.677165 
vn 0.724409 0.110236 0.677165 
vn -0.267717 -0.511811 -0.818898 
vn 0.984252 -0.0314961 0.181102 
vn 0.984252 -0.0314961 0.181102 
vn 0.984252 -0.0314961 0.181102 
vn 0.984252 -0.0314961 0.181102 
vn 0.677165 -0.220472 -0.700787 
vn 0.346457 0.76378 -0.543307 
vn -0.0551181 1 0.0393701 
vn 0.393701 0.889764 0.23622 
vn 0.976378 -0.015748 0.212598 
vn 0.976378 -0.015748 0.212598 
vn 0.976378 -0.015748 0.212598 
vn 0.976378 -0.015748 0.212598 
vn 0.700787 -0.220472 -0.677165 
vn 0.700787 -0.220472 -0.677165 
vn 0.700787 -0.220472 -0.677165 
vn 0.700787 -0.220472 -0.677165 
vn 0.866142 -0.267717 -0.425197 
vn 0.866142 -0.267717 -0.425197 
vn 0.866142 -0.267717 -0.425197 
vn 0.866142 -0.267717 -0.425197 
vn 0.874016 0.0551181 0.488189 
vn 0.874016 0.0551181 0.488189 
vn 0.874016 0.0551181 0.488189 
vn 0.874016 0.0551181 0.488189 
vn 0.834646 -0.259843 -0.480315 
vn 0.834646 -0.259843 -0.480315 
vn 0.834646 -0.259843 -0.480315 
vn 0.834646 -0.259843 -0.480315 
vn 0.897638 0.0314961 0.433071 
vn 0.897638 0.0314961 0.433071 
vn 0.897638 0.0314961 0.433071 
vn 0.897638 0.0314961 0.433071 
vn -0.913386 -0.0708661 -0.401575 
vn 0.905512 0.0708661 0.409449 
vn 0.905512 0.0708661 0.409449 
vn 0.905512 0.0708661 0.409449 
vn 0.905512 0.0708661 0.409449 
vn 0.84252 -0.220472 -0.496063 
vn 0.84252 -0.220472 -0.496063 
vn 0.84252 -0.220472 -0.496063 
vn 0.84252 -0.220472 -0.496063 
vn 0.811024 -0.259843 -0.527559 
vn 0.811024 -0.259843 -0.527559 
vn 0.811024 -0.259843 -0.527559 
vn 0.811024 -0.259843 -0.527559 
vn 0.92126 0.023622 0.385827 
vn 0.92126 0.023622 0.385827 
vn 0.92126 0.023622 0.385827 
vn 0.92126 0.023622 0.385827 
vn -0.88189 -0.0472441 -0.464567 
vn -0.88189 -0.0472441 -0.464567 
vn 0.88189 -0.212598 -0.425197 
vn 0.88189 -0.212598 -0.425197 
vn 0.88189 -0.212598 -0.425197 
vn 0.88189 -0.212598 -0.425197 
vn 0.874016 0.102362 0.472441 
vn 0.874016 0.102362 0.472441 
vn 0.874016 0.102362 0.472441 
vn 0.874016 0.102362 0.472441 
vn 0.023622 0.858268 -0.511811 
vn 0.291339 0.952756 -0.11811 
vn -1 0.0708661 -0.0472441 
vn -0.0629921 0.992126 -0.0866142 
vn -0.96063 0.275591 0.0787402 
vn -0.425197 -0.480315 -0.76378 
vn 0.992126 -0.0866142 0.023622 
vn 0.992126 -0.0866142 0.023622 
vn 0.992126 -0.0866142 0.023622 
vn 0.992126 -0.0866142 0.023622 
vn -0.259843 0.80315 -0.543307 
vn 0.984252 -0.181102 -0.0551181 
vn 0.984252 -0.181102 -0.0551181 
vn 0.984252 -0.181102 -0.0551181 
vn 0.984252 -0.181102 -0.0551181 
vn 0.488189 0.755906 -0.433071 
vn 0.984252 -0.102362 -0.141732 
vn 0.984252 -0.102362 -0.141732 
vn 0.984252 -0.102362 -0.141732 
vn 0.984252 -0.102362 -0.141732 
vn 0.401575 0.84252 0.354331 
vn 0.0393701 -0.992126 0.0787402 
vn 0.96063 -0.110236 0.23622 
vn 0.96063 -0.110236 0.23622 
vn 0.96063 -0.110236 0.23622 
vn 0.96063 -0.110236 0.23622 
vn -0.023622 0.858268 -0.511811 
vn 0.685039 -0.322835 -0.653543 
vn 0.685039 -0.322835 -0.653543 
vn 0.685039 -0.322835 -0.653543 
vn 0.685039 -0.322835 -0.653543 
vn 0.984252 0.141732 0.0708661 
vn 0.984252 0.141732 0.0708661 
vn 0.984252 0.141732 0.0708661 
vn 0.984252 0.141732 0.0708661 
vn 1 0.0708661 -0.0472441 
vn 1 0.0708661 -0.0472441 
vn 1 0.0708661 -0.0472441 
vn 1 0.0708661 -0.0472441 
vn 0.992126 0.0629921 -0.0708661 
vn 0.992126 0.0629921 -0.0708661 
vn 0.992126 0.0629921 -0.0708661 
vn 0.992126 0.0629921 -0.0708661 
vn -0.015748 -0.84252 0.543307 
vn -0.393701 -0.787402 0.480315 
vn 0.346457 -0.795276 0.503937 
vn 0.858268 0.299213 0.425197 
vn 0.858268 0.299213 0.425197 
vn 0.858268 0.299213 0.425197 
vn 0.858268 0.299213 0.425197 
vn 0.811024 -0.212598 -0.543307 
vn 0.811024 -0.212598 -0.543307 
vn 0.811024 -0.212598 -0.543307 
vn 0.811024 -0.212598 -0.543307 
vn 1 0.0551181 -0.0393701 
vn 1 0.0551181 -0.0393701 
vn 1 0.0551181 -0.0393701 
vn 1 0.0551181 -0.0314961 
vn 1 0.0551181 -0.0314961 
vn 1 0.0551181 -0.0314961 
vn 0.913386 0.259843 0.322835 
vn 0.913386 0.259843 0.322835 
vn 0.913386 0.259843 0.322835 
vn 0.913386 0.259843 0.322835 
vn 0.740157 -0.212598 -0.637795 
vn 0.740157 -0.212598 -0.637795 
vn 0.740157 -0.212598 -0.637795 
vn 0.740157 -0.212598 -0.637795 
vn 0.496063 -0.110236 0.858268 
vn -1 -0.0551181 0.0393701 
vn -1 -0.0551181 0.0393701 
vn -0.401575 0.244094 0.88189 
vn -1 -0.0866142 -0.00787402 
vn 0.992126 -0.0866142 0.023622 
vn 0.417323 -0.385827 -0.826772 
vn 1 -0.0551181 0.0629921 
vn -0.503937 -0.0472441 -0.858268 
vn -0.464567 -0.0551181 -0.88189 
vn -0.464567 -0.0551181 -0.88189 
vn 0.488189 -0.0944882 0.866142 
vn 0.488189 -0.0944882 0.866142 
vn -1 -0.0551181 0.015748 
vn -1 -0.0551181 0.015748 
vn -0.409449 0.251969 0.874016 
vn 1 -0.0708661 0.0314961 
vn 0.425197 -0.377953 -0.818898 
vn 0.425197 -0.377953 -0.818898 
vn -0.496063 -0.0393701 -0.866142 
vn -0.811024 0.251969 0.527559 
vn -0.905512 0.0944882 -0.417323 
vn 0.88189 -0.23622 0.401575 
vn 0.88189 -0.23622 0.401575 
vn 0.204724 0.220472 0.952756 
vn 0.795276 -0.385827 -0.472441 
vn -0.88189 0.173228 0.433071 
vn 0.795276 0.275591 0.543307 
vn -0.779528 -0.370079 -0.511811 
vn 0.889764 -0.251969 -0.377953 
vn 0.133858 -0.173228 -0.976378 
vn 0.133858 -0.173228 -0.976378 
vn -0.582677 0.385827 0.716535 
vn -0.496063 -0.283465 -0.818898 
vn -0.496063 -0.283465 -0.818898 
vn -0.984252 0.15748 -0.102362 
vn -0.417323 0.15748 0.897638 
vn -0.984252 0.110236 0.149606 
vn 0.574803 0.409449 0.708661 
vn 0.96063 -0.267717 0.0866142 
vn 0.503937 0.165354 0.84252 
vn 0.559055 -0.496063 -0.669291 
vn -0.551181 -0.464567 -0.692913 
vn -0.551181 -0.464567 -0.692913 
vn 0.984252 -0.149606 -0.102362 
vn 0.425197 -0.212598 -0.88189 
vn 0.425197 -0.212598 -0.88189 
vn 0.149606 0 0.992126 
vn 0.149606 0 0.992126 
vn 0.149606 0 0.992126 
vn -0.716535 0.220472 0.661417 
vn 0.937008 0.133858 0.338583 
vn 0.937008 0.133858 0.338583 
vn 0.937008 0.133858 0.338583 
vn -0.92126 -0.244094 -0.291339 
vn -0.92126 -0.244094 -0.291339 
vn -0.92126 -0.244094 -0.291339 
vn 0.724409 -0.322835 -0.606299 
vn -0.149606 -0.125984 -0.984252 
vn -0.149606 -0.125984 -0.984252 
vn -0.149606 -0.125984 -0.984252 
vn -0.149606 -0.125984 -0.984252 
vn -0.582677 0.692913 -0.425197 
vn -0.582677 0.692913 -0.425197 
vn -0.582677 0.692913 -0.425197 
vn -0.582677 0.692913 -0.425197 
vn -0.15748 0.952756 0.259843 
vn -0.15748 0.952756 0.259843 
vn -0.15748 0.952756 0.259843 
vn -0.15748 0.952756 0.259843 
vn 0.590551 0.669291 -0.448819 
vn 0.590551 0.669291 -0.448819 
vn 0.590551 0.669291 -0.448819 
vn 0.590551 0.669291 -0.448819 
vn -0.566929 0.708661 -0.425197 
vn -0.566929 0.708661 -0.425197 
vn -0.566929 0.708661 -0.425197 
vn -0.566929 0.708661 -0.425197 
vn -0.566929 0.669291 -0.480315 
vn -0.566929 0.669291 -0.480315 
vn -0.566929 0.669291 -0.480315 
vn -0.566929 0.669291 -0.480315 
vn -0.11811 0.80315 -0.582677 
vn -0.11811 0.80315 -0.582677 
vn -0.11811 0.80315 -0.582677 
vn -0.11811 0.80315 -0.582677 
vn 0.488189 0.76378 0.425197 
vn 0.488189 0.76378 0.425197 
vn 0.488189 0.76378 0.425197 
vn 0.488189 0.76378 0.425197 
vn -0.559055 0.692913 -0.448819 
vn -0.559055 0.692913 -0.448819 
vn -0.559055 0.692913 -0.448819 
vn -0.559055 0.692913 -0.448819 
vn -0.141732 0.96063 0.251969 
vn -0.141732 0.96063 0.251969 
vn -0.141732 0.96063 0.251969 
vn -0.141732 0.96063 0.251969 
vn 0.582677 0.669291 -0.464567 
vn 0.582677 0.669291 -0.464567 
vn 0.582677 0.669291 -0.464567 
vn 0.582677 0.669291 -0.464567 
vn -0.559055 0.685039 -0.472441 
vn -0.559055 0.685039 -0.472441 
vn -0.559055 0.685039 -0.472441 
vn -0.559055 0.685039 -0.472441 
vn -0.19685 0.952756 0.220472 
vn -0.19685 0.952756 0.220472 
vn -0.19685 0.952756 0.220472 
vn -0.19685 0.952756 0.220472 
vn -0.96063 0.0944882 0.251969 
vn -0.96063 0.0944882 0.251969 
vn -0.96063 0.0944882 0.251969 
vn 0.582677 0.700787 -0.409449 
vn 0.582677 0.700787 -0.409449 
vn 0.582677 0.700787 -0.409449 
vn 0.582677 0.700787 -0.409449 
vn 0.700787 -0.149606 0.700787 
vn 0.700787 -0.149606 0.700787 
vn 0.165354 -0.377953 -0.913386 
vn 0.165354 -0.377953 -0.913386 
vn -0.165354 0.96063 0.228346 
vn -0.165354 0.96063 0.228346 
vn -0.165354 0.96063 0.228346 
vn -0.165354 0.96063 0.228346 
vn -0.11811 0.811024 -0.566929 
vn -0.11811 0.811024 -0.566929 
vn -0.11811 0.811024 -0.566929 
vn -0.11811 0.811024 -0.566929 
vn -0.551181 0.692913 -0.464567 
vn -0.551181 0.692913 -0.464567 
vn -0.551181 0.692913 -0.464567 
vn -0.551181 0.692913 -0.464567 
vn 0.574803 0.692913 -0.440945 
vn 0.574803 0.692913 -0.440945 
vn 0.574803 0.692913 -0.440945 
vn 0.574803 0.692913 -0.440945 
vn -0.149606 0.259843 0.952756 
vn -0.149606 0.259843 0.952756 
vn -0.149606 0.259843 0.952756 
vn -0.708661 0.0314961 -0.708661 
vn -0.708661 0.0314961 -0.708661 
vn -0.708661 0.0314961 -0.708661 
vn 0.952756 -0.212598 -0.204724 
vn 0.952756 -0.212598 -0.204724 
vn -0.0629921 0.80315 -0.598425 
vn -0.0629921 0.80315 -0.598425 
vn -0.0629921 0.80315 -0.598425 
vn -0.0629921 0.80315 -0.598425 
vn -0.181102 0.96063 0.220472 
vn -0.181102 0.96063 0.220472 
vn -0.181102 0.96063 0.220472 
vn -0.181102 0.96063 0.220472 
vn 0.496063 0.771654 0.401575 
vn 0.496063 0.771654 0.401575 
vn 0.496063 0.771654 0.401575 
vn 0.496063 0.771654 0.401575 
vn 0.566929 0.700787 -0.425197 
vn 0.566929 0.700787 -0.425197 
vn 0.566929 0.700787 -0.425197 
vn 0.566929 0.700787 -0.425197 
vn 0.440945 0.787402 0.433071 
vn 0.440945 0.787402 0.433071 
vn 0.440945 0.787402 0.433071 
vn 0.440945 0.787402 0.433071 
vn -0.0866142 0.811024 -0.574803 
vn -0.0866142 0.811024 -0.574803 
vn -0.0866142 0.811024 -0.574803 
vn -0.0866142 0.811024 -0.574803 
vn -0.173228 0.96063 0.212598 
vn -0.173228 0.96063 0.212598 
vn -0.173228 0.96063 0.212598 
vn -0.173228 0.96063 0.212598 
vn 0.566929 0.708661 -0.433071 
vn 0.566929 0.708661 -0.433071 
vn 0.566929 0.708661 -0.433071 
vn 0.566929 0.708661 -0.433071 
vn 0.464567 0.779528 0.409449 
vn 0.464567 0.779528 0.409449 
vn 0.464567 0.779528 0.409449 
vn 0.464567 0.779528 0.409449 
vn -0.0708661 0.811024 -0.582677 
vn -0.0708661 0.811024 -0.582677 
vn -0.0708661 0.811024 -0.582677 
vn -0.0708661 0.811024 -0.582677 
vn 0.448819 0.787402 0.417323 
vn 0.448819 0.787402 0.417323 
vn 0.448819 0.787402 0.417323 
vn 0.448819 0.787402 0.417323 
vn -0.0629921 0.818898 -0.574803 
vn -0.0629921 0.818898 -0.574803 
vn -0.0629921 0.818898 -0.574803 
vn -0.0629921 0.818898 -0.574803 
vn -0.527559 0.724409 -0.440945 
vn -0.527559 0.724409 -0.440945 
vn -0.527559 0.724409 -0.440945 
vn -0.527559 0.724409 -0.440945 
vn 0.448819 0.795276 0.409449 
vn 0.448819 0.795276 0.409449 
vn 0.448819 0.795276 0.409449 
vn 0.448819 0.795276 0.409449 
vn -0.519685 0.716535 -0.464567 
vn -0.519685 0.716535 -0.464567 
vn -0.519685 0.716535 -0.464567 
vn -0.519685 0.716535 -0.464567 
vn -0.125984 0.968504 0.204724 
vn -0.125984 0.968504 0.204724 
vn -0.125984 0.968504 0.204724 
vn -0.125984 0.968504 0.204724 
vn 0.535433 0.700787 -0.472441 
vn 0.535433 0.700787 -0.472441 
vn 0.535433 0.700787 -0.472441 
vn 0.535433 0.700787 -0.472441 
vn 0.377953 0.653543 -0.653543 
vn 0.377953 0.653543 -0.653543 
vn 0.377953 0.653543 -0.653543 
vn -0.149606 0.968504 0.188976 
vn -0.149606 0.968504 0.188976 
vn -0.149606 0.968504 0.188976 
vn -0.149606 0.968504 0.188976 
vn -0.503937 0.677165 -0.543307 
vn -0.503937 0.677165 -0.543307 
vn -0.503937 0.677165 -0.543307 
vn -0.503937 0.677165 -0.543307 
vn 0.535433 0.716535 -0.456693 
vn 0.535433 0.716535 -0.456693 
vn 0.535433 0.716535 -0.456693 
vn 0.535433 0.716535 -0.456693 
vn -0.0866142 0.84252 -0.535433 
vn -0.0866142 0.84252 -0.535433 
vn -0.0866142 0.84252 -0.535433 
vn -0.0866142 0.84252 -0.535433 
vn -0.338583 0.472441 0.818898 
vn -0.716535 -0.19685 -0.669291 
vn 0.472441 0.80315 0.370079 
vn 0.472441 0.80315 0.370079 
vn 0.472441 0.80315 0.370079 
vn 0.472441 0.80315 0.370079 
vn -0.0629921 0.834646 -0.543307 
vn -0.0629921 0.834646 -0.543307 
vn -0.0629921 0.834646 -0.543307 
vn -0.0629921 0.834646 -0.543307 
vn 0.519685 0.76378 -0.385827 
vn 0.519685 0.76378 -0.385827 
vn 0.519685 0.76378 -0.385827 
vn 0.519685 0.76378 -0.385827 
vn -0.220472 0.968504 0.133858 
vn -0.220472 0.968504 0.133858 
vn -0.220472 0.968504 0.133858 
vn -0.220472 0.968504 0.133858 
vn 0.448819 0.811024 0.377953 
vn 0.448819 0.811024 0.377953 
vn 0.448819 0.811024 0.377953 
vn 0.448819 0.811024 0.377953 
vn 0.023622 0.818898 -0.566929 
vn 0.023622 0.818898 -0.566929 
vn 0.023622 0.818898 -0.566929 
vn 0.023622 0.818898 -0.566929 
vn 0.370079 0.834646 0.401575 
vn 0.370079 0.834646 0.401575 
vn 0.370079 0.834646 0.401575 
vn 0.370079 0.834646 0.401575 
vn 0.944882 -0.275591 -0.188976 
vn 0.307087 -0.543307 -0.779528 
vn 0.724409 0.110236 0.677165 
vn -0.984252 0.0393701 -0.15748 
vn 0.291339 0.503937 0.811024 
vn 0.984252 -0.0314961 0.181102 
vn 0.677165 -0.220472 -0.700787 
vn -0.362205 0.716535 -0.598425 
vn -0.362205 0.716535 -0.598425 
vn -0.362205 0.716535 -0.598425 
vn -0.362205 0.716535 -0.598425 
vn 0.346457 0.76378 -0.543307 
vn 0.346457 0.76378 -0.543307 
vn 0.346457 0.76378 -0.543307 
vn 0.346457 0.76378 -0.543307 
vn -0.370079 0.787402 -0.496063 
vn -0.370079 0.787402 -0.496063 
vn -0.370079 0.787402 -0.496063 
vn -0.370079 0.787402 -0.496063 
vn -0.362205 0.795276 -0.488189 
vn -0.362205 0.795276 -0.488189 
vn -0.362205 0.795276 -0.488189 
vn -0.362205 0.795276 -0.488189 
vn 0.23622 0.76378 -0.606299 
vn 0.23622 0.76378 -0.606299 
vn 0.23622 0.76378 -0.606299 
vn 0.23622 0.76378 -0.606299 
vn 0.220472 0.76378 -0.606299 
vn 0.220472 0.76378 -0.606299 
vn 0.220472 0.76378 -0.606299 
vn 0.220472 0.76378 -0.606299 
vn -0.181102 0.984252 -0.015748 
vn -0.181102 0.984252 -0.015748 
vn -0.181102 0.984252 -0.015748 
vn -0.181102 0.984252 -0.015748 
vn 0.377953 0.834646 -0.393701 
vn 0.377953 0.834646 -0.393701 
vn 0.377953 0.834646 -0.393701 
vn 0.377953 0.834646 -0.393701 
vn 0.377953 0.779528 -0.496063 
vn 0.377953 0.779528 -0.496063 
vn 0.377953 0.779528 -0.496063 
vn 0.377953 0.779528 -0.496063 
vn -0.0708661 1 0.0393701 
vn -0.0708661 1 0.0393701 
vn -0.0708661 1 0.0393701 
vn -0.0708661 1 0.0393701 
vn 0.377953 0.771654 -0.511811 
vn 0.377953 0.771654 -0.511811 
vn 0.377953 0.771654 -0.511811 
vn 0.377953 0.771654 -0.511811 
vn -0.0551181 1 0.0393701 
vn -0.0551181 1 0.0393701 
vn -0.0551181 1 0.0393701 
vn -0.0551181 1 0.0393701 
vn 0.125984 0.874016 -0.472441 
vn 0.125984 0.874016 -0.472441 
vn 0.125984 0.874016 -0.472441 
vn 0.125984 0.874016 -0.472441 
vn 0.023622 0.913386 -0.417323 
vn 0.023622 0.913386 -0.417323 
vn 0.023622 0.913386 -0.417323 
vn 0.023622 0.913386 -0.417323 
vn 0.015748 0.913386 -0.401575 
vn 0.015748 0.913386 -0.401575 
vn 0.015748 0.913386 -0.401575 
vn 0.015748 0.913386 -0.401575 
vn 0.291339 0.913386 0.291339 
vn 0.291339 0.913386 0.291339 
vn 0.291339 0.913386 0.291339 
vn 0.291339 0.913386 0.291339 
vn 0.393701 0.889764 0.23622 
vn 0.393701 0.889764 0.23622 
vn 0.393701 0.889764 0.23622 
vn 0.393701 0.889764 0.23622 
vn 0.409449 0.88189 0.220472 
vn 0.409449 0.88189 0.220472 
vn 0.409449 0.88189 0.220472 
vn 0.409449 0.88189 0.220472 
vn -0.685039 0.228346 0.692913 
vn 0.267717 0.511811 0.818898 
vn 0.267717 0.511811 0.818898 
vn -0.984252 0.0314961 -0.188976 
vn -0.23622 -0.511811 -0.826772 
vn 0.976378 -0.015748 0.212598 
vn 0.700787 -0.220472 -0.677165 
vn -0.889764 0.212598 0.401575 
vn 0.874016 0.0551181 0.488189 
vn 0.15748 0.874016 -0.464567 
vn 0.15748 0.874016 -0.464567 
vn 0.15748 0.874016 -0.464567 
vn 0.15748 0.874016 -0.464567 
vn -0.181102 0.834646 -0.519685 
vn -0.181102 0.834646 -0.519685 
vn -0.181102 0.834646 -0.519685 
vn -0.181102 0.834646 -0.519685 
vn -0.165354 0.84252 -0.519685 
vn -0.165354 0.84252 -0.519685 
vn -0.165354 0.84252 -0.519685 
vn -0.165354 0.84252 -0.519685 
vn 0.149606 0.874016 -0.456693 
vn 0.149606 0.874016 -0.456693 
vn 0.149606 0.874016 -0.456693 
vn 0.149606 0.874016 -0.456693 
vn -0.15748 0.779528 -0.606299 
vn -0.15748 0.779528 -0.606299 
vn -0.15748 0.779528 -0.606299 
vn -0.15748 0.779528 -0.606299 
vn 0.23622 0.88189 -0.401575 
vn 0.23622 0.88189 -0.401575 
vn 0.23622 0.88189 -0.401575 
vn 0.23622 0.88189 -0.401575 
vn -0.858268 0.212598 0.464567 
vn 0.19685 0.826772 -0.527559 
vn 0.19685 0.826772 -0.527559 
vn 0.19685 0.826772 -0.527559 
vn 0.19685 0.826772 -0.527559 
vn 0.00787402 0.992126 -0.141732 
vn 0.00787402 0.992126 -0.141732 
vn 0.00787402 0.992126 -0.141732 
vn 0.00787402 0.992126 -0.141732 
vn -0.0708661 0.976378 -0.19685 
vn -0.0708661 0.976378 -0.19685 
vn -0.0708661 0.976378 -0.19685 
vn -0.0708661 0.976378 -0.19685 
vn 0.023622 0.992126 -0.149606 
vn 0.023622 0.992126 -0.149606 
vn 0.023622 0.992126 -0.149606 
vn 0.023622 0.992126 -0.149606 
vn 0.173228 0.88189 -0.448819 
vn 0.173228 0.88189 -0.448819 
vn 0.173228 0.88189 -0.448819 
vn 0.173228 0.88189 -0.448819 
vn 0.181102 0.826772 -0.535433 
vn 0.181102 0.826772 -0.535433 
vn 0.181102 0.826772 -0.535433 
vn 0.181102 0.826772 -0.535433 
vn 0.125984 0.96063 -0.251969 
vn 0.125984 0.96063 -0.251969 
vn 0.125984 0.96063 -0.251969 
vn 0.125984 0.96063 -0.251969 
vn 0.0393701 0.551181 0.834646 
vn 0.125984 0.96063 -0.244094 
vn 0.125984 0.96063 -0.244094 
vn 0.125984 0.96063 -0.244094 
vn 0.125984 0.96063 -0.244094 
vn 0.220472 0.937008 -0.283465 
vn 0.220472 0.937008 -0.283465 
vn 0.220472 0.937008 -0.283465 
vn 0.220472 0.937008 -0.283465 
vn 0.834646 -0.259843 -0.480315 
vn 0.897638 0.0314961 0.433071 
vn 0.314961 0.944882 0.0629921 
vn 0.314961 0.944882 0.0629921 
vn 0.314961 0.944882 0.0629921 
vn 0.314961 0.944882 0.0629921 
vn -0.913386 -0.0708661 -0.401575 
vn -0.834646 0.220472 0.503937 
vn 0.023622 0.511811 0.858268 
vn 0.023622 0.511811 0.858268 
vn 0.220472 0.968504 0.0944882 
vn 0.220472 0.968504 0.0944882 
vn 0.220472 0.968504 0.0944882 
vn 0.220472 0.968504 0.0944882 
vn 0.314961 0.944882 0.0551181 
vn 0.314961 0.944882 0.0551181 
vn 0.314961 0.944882 0.0551181 
vn 0.314961 0.944882 0.0551181 
vn 0.905512 0.0708661 0.409449 
vn 0.84252 -0.220472 -0.496063 
vn -0.0551181 -0.551181 -0.834646 
vn 0.811024 -0.259843 -0.527559 
vn 0.811024 -0.259843 -0.527559 
vn 0.92126 0.023622 0.385827 
vn -0.0393701 0.551181 0.834646 
vn -0.88189 -0.0472441 -0.464567 
vn -0.850394 0.267717 0.448819 
vn 0.0629921 -0.511811 -0.858268 
vn 0.88189 -0.212598 -0.425197 
vn 0.88189 -0.212598 -0.425197 
vn 0.874016 0.102362 0.472441 
vn 0.874016 0.102362 0.472441 
vn 0.023622 0.80315 -0.598425 
vn 0.023622 0.80315 -0.598425 
vn 0.023622 0.80315 -0.598425 
vn 0.023622 0.80315 -0.598425 
vn 0.149606 0.952756 -0.259843 
vn 0.149606 0.952756 -0.259843 
vn 0.149606 0.952756 -0.259843 
vn 0.149606 0.952756 -0.259843 
vn 0.023622 0.858268 -0.511811 
vn 0.023622 0.858268 -0.511811 
vn 0.023622 0.858268 -0.511811 
vn 0.023622 0.858268 -0.511811 
vn 0.023622 0.850394 -0.527559 
vn 0.023622 0.850394 -0.527559 
vn 0.023622 0.850394 -0.527559 
vn 0.023622 0.850394 -0.527559 
vn 0.0629921 0.952756 -0.299213 
vn 0.0629921 0.952756 -0.299213 
vn 0.0629921 0.952756 -0.299213 
vn 0.0629921 0.952756 -0.299213 
vn 0.0708661 0.952756 -0.299213 
vn 0.0708661 0.952756 -0.299213 
vn 0.0708661 0.952756 -0.299213 
vn 0.0708661 0.952756 -0.299213 
vn 0 0.88189 -0.464567 
vn 0 0.88189 -0.464567 
vn 0 0.88189 -0.464567 
vn 0 0.88189 -0.464567 
vn 0.023622 0.937008 -0.346457 
vn 0.023622 0.937008 -0.346457 
vn 0.023622 0.937008 -0.346457 
vn 0.023622 0.937008 -0.346457 
vn -0.00787402 0.834646 -0.551181 
vn -0.00787402 0.834646 -0.551181 
vn -0.00787402 0.834646 -0.551181 
vn -0.00787402 0.834646 -0.551181 
vn -0.00787402 0.84252 -0.543307 
vn -0.00787402 0.84252 -0.543307 
vn -0.00787402 0.84252 -0.543307 
vn -0.00787402 0.84252 -0.543307 
vn 0.110236 0.944882 -0.314961 
vn 0.110236 0.944882 -0.314961 
vn 0.110236 0.944882 -0.314961 
vn 0.110236 0.944882 -0.314961 
vn 0.102362 0.944882 -0.314961 
vn 0.102362 0.944882 -0.314961 
vn 0.102362 0.944882 -0.314961 
vn 0.102362 0.944882 -0.314961 
vn 0.291339 0.952756 -0.11811 
vn 0.291339 0.952756 -0.11811 
vn 0.291339 0.952756 -0.11811 
vn 0.291339 0.952756 -0.11811 
vn 0.212598 0.976378 -0.0708661 
vn 0.212598 0.976378 -0.0708661 
vn 0.212598 0.976378 -0.0708661 
vn 0.212598 0.976378 -0.0708661 
vn 0.220472 0.976378 -0.0787402 
vn 0.220472 0.976378 -0.0787402 
vn 0.220472 0.976378 -0.0787402 
vn 0.220472 0.976378 -0.0787402 
vn 0.149606 0.984252 -0.0708661 
vn 0.149606 0.984252 -0.0708661 
vn 0.149606 0.984252 -0.0708661 
vn 0.149606 0.984252 -0.0708661 
vn 0.228346 0.968504 -0.11811 
vn 0.228346 0.968504 -0.11811 
vn 0.228346 0.968504 -0.11811 
vn 0.228346 0.968504 -0.11811 
vn 0.220472 0.968504 -0.110236 
vn 0.220472 0.968504 -0.110236 
vn 0.220472 0.968504 -0.110236 
vn 0.220472 0.968504 -0.110236 
vn -0.574803 0.204724 0.795276 
vn -1 0.0708661 -0.0472441 
vn 0.401575 0.480315 0.779528 
vn -0.00787402 1 -0.0787402 
vn -0.00787402 1 -0.0787402 
vn -0.00787402 1 -0.0787402 
vn -0.00787402 1 -0.0787402 
vn 0.259843 0.811024 -0.527559 
vn 0.259843 0.811024 -0.527559 
vn 0.259843 0.811024 -0.527559 
vn 0.259843 0.811024 -0.527559 
vn 0.275591 0.834646 -0.480315 
vn 0.275591 0.834646 -0.480315 
vn 0.275591 0.834646 -0.480315 
vn 0.275591 0.834646 -0.480315 
vn -0.0629921 0.992126 -0.0866142 
vn -0.0629921 0.992126 -0.0866142 
vn -0.0629921 0.992126 -0.0866142 
vn -0.0629921 0.992126 -0.0866142 
vn -0.0551181 0.992126 -0.0787402 
vn -0.0551181 0.992126 -0.0787402 
vn -0.0551181 0.992126 -0.0787402 
vn -0.0551181 0.992126 -0.0787402 
vn 0.283465 0.826772 -0.488189 
vn 0.283465 0.826772 -0.488189 
vn 0.283465 0.826772 -0.488189 
vn 0.283465 0.826772 -0.488189 
vn -0.244094 0.834646 -0.496063 
vn -0.244094 0.834646 -0.496063 
vn -0.244094 0.834646 -0.496063 
vn -0.244094 0.834646 -0.496063 
vn -0.409449 0.527559 0.740157 
vn 0.165354 0.834646 -0.519685 
vn 0.165354 0.834646 -0.519685 
vn 0.165354 0.834646 -0.519685 
vn 0.165354 0.834646 -0.519685 
vn -0.96063 0.275591 0.0787402 
vn -0.425197 -0.480315 -0.76378 
vn 0.992126 -0.0866142 0.023622 
vn -0.259843 0.80315 -0.543307 
vn -0.259843 0.80315 -0.543307 
vn -0.259843 0.80315 -0.543307 
vn -0.259843 0.80315 -0.543307 
vn 0.354331 0.929134 0.125984 
vn 0.354331 0.929134 0.125984 
vn 0.354331 0.929134 0.125984 
vn 0.354331 0.929134 0.125984 
vn 0.220472 0.826772 -0.511811 
vn 0.220472 0.826772 -0.511811 
vn 0.220472 0.826772 -0.511811 
vn 0.220472 0.826772 -0.511811 
vn -0.267717 0.80315 -0.535433 
vn -0.267717 0.80315 -0.535433 
vn -0.267717 0.80315 -0.535433 
vn -0.267717 0.80315 -0.535433 
vn 0.220472 0.826772 -0.519685 
vn 0.220472 0.826772 -0.519685 
vn 0.220472 0.826772 -0.519685 
vn 0.220472 0.826772 -0.519685 
vn 0.314961 0.937008 0.15748 
vn 0.314961 0.937008 0.15748 
vn 0.314961 0.937008 0.15748 
vn 0.314961 0.937008 0.15748 
vn 0.322835 0.929134 0.15748 
vn 0.322835 0.929134 0.15748 
vn 0.322835 0.929134 0.15748 
vn 0.322835 0.929134 0.15748 
vn 0.984252 -0.181102 -0.0551181 
vn -0.425197 0.212598 0.88189 
vn 0.0708661 0.952756 -0.299213 
vn 0.0708661 0.952756 -0.299213 
vn 0.0708661 0.952756 -0.299213 
vn 0.0708661 0.952756 -0.299213 
vn 0.110236 0.937008 -0.338583 
vn 0.110236 0.937008 -0.338583 
vn 0.110236 0.937008 -0.338583 
vn 0.110236 0.937008 -0.338583 
vn 0.0944882 0.937008 -0.338583 
vn 0.0944882 0.937008 -0.338583 
vn 0.0944882 0.937008 -0.338583 
vn 0.0944882 0.937008 -0.338583 
vn -0.291339 0.952756 0.0866142 
vn -0.291339 0.952756 0.0866142 
vn -0.291339 0.952756 0.0866142 
vn -0.291339 0.952756 0.0866142 
vn 0.503937 0.811024 -0.307087 
vn 0.503937 0.811024 -0.307087 
vn 0.503937 0.811024 -0.307087 
vn 0.503937 0.811024 -0.307087 
vn -0.15748 0.976378 0.125984 
vn -0.15748 0.976378 0.125984 
vn -0.15748 0.976378 0.125984 
vn -0.15748 0.976378 0.125984 
vn -0.19685 0.976378 0.110236 
vn -0.19685 0.976378 0.110236 
vn -0.19685 0.976378 0.110236 
vn -0.19685 0.976378 0.110236 
vn 0.488189 0.755906 -0.433071 
vn 0.488189 0.755906 -0.433071 
vn 0.488189 0.755906 -0.433071 
vn 0.488189 0.755906 -0.433071 
vn 0.488189 0.771654 -0.401575 
vn 0.488189 0.771654 -0.401575 
vn 0.488189 0.771654 -0.401575 
vn 0.488189 0.771654 -0.401575 
vn -0.259843 -0.826772 0.496063 
vn -0.165354 -0.96063 0.23622 
vn 0.984252 -0.102362 -0.141732 
vn 0.291339 0.850394 0.433071 
vn 0.291339 0.850394 0.433071 
vn 0.291339 0.850394 0.433071 
vn 0.291339 0.850394 0.433071 
vn -0.480315 0.732283 -0.488189 
vn -0.480315 0.732283 -0.488189 
vn -0.480315 0.732283 -0.488189 
vn -0.480315 0.732283 -0.488189 
vn -0.496063 0.637795 -0.590551 
vn -0.496063 0.637795 -0.590551 
vn -0.496063 0.637795 -0.590551 
vn -0.496063 0.637795 -0.590551 
vn -0.480315 0.708661 -0.519685 
vn -0.480315 0.708661 -0.519685 
vn -0.480315 0.708661 -0.519685 
vn -0.480315 0.708661 -0.519685 
vn 0.299213 0.677165 -0.669291 
vn 0.299213 0.677165 -0.669291 
vn 0.299213 0.677165 -0.669291 
vn 0.425197 0.661417 -0.622047 
vn 0.425197 0.661417 -0.622047 
vn 0.425197 0.661417 -0.622047 
vn 0.425197 0.661417 -0.622047 
vn 0.330709 0.677165 -0.661417 
vn 0.330709 0.677165 -0.661417 
vn 0.330709 0.677165 -0.661417 
vn 0.330709 0.677165 -0.661417 
vn 0.401575 0.84252 0.354331 
vn 0.401575 0.84252 0.354331 
vn 0.401575 0.84252 0.354331 
vn 0.401575 0.84252 0.354331 
vn 0.370079 0.850394 0.377953 
vn 0.370079 0.850394 0.377953 
vn 0.370079 0.850394 0.377953 
vn 0.370079 0.850394 0.377953 
vn 0.0629921 -0.992126 0.0866142 
vn -0.267717 -0.96063 -0.0472441 
vn -0.267717 -0.96063 -0.0472441 
vn -0.023622 0.858268 -0.511811 
vn -0.023622 0.858268 -0.511811 
vn -0.023622 0.858268 -0.511811 
vn -0.023622 0.858268 -0.511811 
vn 0.0708661 0.80315 -0.590551 
vn 0.0708661 0.80315 -0.590551 
vn 0.0708661 0.80315 -0.590551 
vn 0.0708661 0.80315 -0.590551 
vn 0 0.84252 -0.535433 
vn 0 0.84252 -0.535433 
vn 0 0.84252 -0.535433 
vn 0 0.84252 -0.535433 
vn 0.496063 -0.110236 0.858268 
vn 0.496063 -0.110236 0.858268 
vn 0.496063 -0.110236 0.858268 
vn 0.496063 -0.110236 0.858268 
vn 0.496063 -0.110236 0.866142 
vn 0.496063 -0.110236 0.866142 
vn 0.496063 -0.110236 0.866142 
vn 0.496063 -0.110236 0.866142 
vn 0.448819 -0.0944882 0.889764 
vn 0.448819 -0.0944882 0.889764 
vn 0.448819 -0.0944882 0.889764 
vn 0.448819 -0.0944882 0.889764 
vn -0.401575 0.244094 0.88189 
vn -0.401575 0.244094 0.88189 
vn -0.401575 0.244094 0.88189 
vn -0.401575 0.244094 0.88189 
vn -0.448819 0.244094 0.858268 
vn -0.448819 0.244094 0.858268 
vn -0.448819 0.244094 0.858268 
vn -0.448819 0.244094 0.858268 
vn -0.401575 0.244094 0.88189 
vn -0.401575 0.244094 0.88189 
vn -0.401575 0.244094 0.88189 
vn -0.401575 0.244094 0.88189 
vn 0.417323 -0.385827 -0.826772 
vn 1 -0.0551181 0.0629921 
vn -0.464567 -0.0551181 -0.88189 
vn 0.488189 -0.0944882 0.866142 
vn 0.488189 -0.0944882 0.866142 
vn 0.488189 -0.0944882 0.866142 
vn 0.488189 -0.0944882 0.866142 
vn -1 -0.0551181 0.015748 
vn -1 -0.0551181 0.015748 
vn -0.409449 0.251969 0.874016 
vn -0.409449 0.251969 0.874016 
vn -0.409449 0.251969 0.874016 
vn -0.409449 0.251969 0.874016 
vn 0.425197 -0.377953 -0.818898 
vn 0.425197 -0.377953 -0.818898 
vn 0.204724 0.220472 0.952756 
vn 0.204724 0.220472 0.952756 
vn 0.204724 0.220472 0.952756 
vn 0.204724 0.220472 0.952756 
vn -0.125984 0.0787402 0.992126 
vn -0.125984 0.0787402 0.992126 
vn -0.125984 0.0787402 0.992126 
vn -0.125984 0.0787402 0.992126 
vn 0.795276 0.275591 0.543307 
vn 0.889764 -0.251969 -0.377953 
vn 0.133858 -0.173228 -0.976378 
vn 0.133858 -0.173228 -0.976378 
vn -0.582677 0.385827 0.716535 
vn -0.582677 0.385827 0.716535 
vn -0.582677 0.385827 0.716535 
vn -0.582677 0.385827 0.716535 
vn -0.496063 -0.283465 -0.818898 
vn -0.496063 -0.283465 -0.818898 
vn -0.417323 0.15748 0.897638 
vn -0.417323 0.15748 0.897638 
vn -0.417323 0.15748 0.897638 
vn -0.417323 0.15748 0.897638 
vn 0.574803 0.409449 0.708661 
vn 0.574803 0.409449 0.708661 
vn 0.574803 0.409449 0.708661 
vn 0.574803 0.409449 0.708661 
vn 0.96063 -0.267717 0.0866142 
vn 0.503937 0.165354 0.84252 
vn 0.503937 0.165354 0.84252 
vn 0.503937 0.165354 0.84252 
vn 0.503937 0.165354 0.84252 
vn -0.551181 -0.464567 -0.692913 
vn -0.551181 -0.464567 -0.692913 
vn 0.984252 -0.149606 -0.102362 
vn 0.984252 -0.149606 -0.102362 
vn 0.149606 0 0.992126 
vn 0.149606 0 0.992126 
vn 0.149606 0 0.992126 
vn 0.149606 0 0.992126 
vn 0.937008 0.133858 0.338583 
vn 0.937008 0.133858 0.338583 
vn -0.92126 -0.244094 -0.291339 
vn -0.92126 -0.244094 -0.291339 
vn 0.724409 -0.322835 -0.606299 
vn 0.724409 -0.322835 -0.606299 
vn 0.724409 -0.322835 -0.606299 
vn -0.149606 -0.125984 -0.984252 
vn -0.149606 -0.125984 -0.984252 
vn -0.149606 -0.125984 -0.984252 
vn -0.96063 0.0944882 0.251969 
vn -0.96063 0.0944882 0.251969 
vn -0.96063 0.0944882 0.251969 
vn 0.700787 -0.149606 0.700787 
vn 0.700787 -0.149606 0.700787 
vn 0.700787 -0.149606 0.700787 
vn 0.165354 -0.377953 -0.913386 
vn 0.165354 -0.377953 -0.913386 
vn -0.149606 0.259843 0.952756 
vn -0.149606 0.259843 0.952756 
vn -0.149606 0.259843 0.952756 
vn -0.149606 0.259843 0.952756 
vn 0.952756 -0.212598 -0.204724 
vn -0.527559 0.724409 -0.440945 
vn 0.535433 0.700787 -0.472441 
vn -0.338583 0.472441 0.818898 
vn -0.338583 0.472441 0.818898 
vn -0.338583 0.472441 0.818898 
vn -0.338583 0.472441 0.818898 
vn -0.716535 -0.19685 -0.669291 
vn 0.519685 0.76378 -0.385827 
vn 0.370079 0.834646 0.401575 
vn 0.944882 -0.275591 -0.188976 
vn 0.307087 -0.543307 -0.779528 
vn 0.724409 0.110236 0.677165 
vn -0.661417 0.220472 0.716535 
vn -0.661417 0.220472 0.716535 
vn -0.661417 0.220472 0.716535 
vn -0.661417 0.220472 0.716535 
vn 0.291339 0.503937 0.811024 
vn 0.291339 0.503937 0.811024 
vn 0.291339 0.503937 0.811024 
vn 0.291339 0.503937 0.811024 
vn -0.267717 -0.511811 -0.818898 
vn 0.346457 0.76378 -0.543307 
vn -0.362205 0.795276 -0.488189 
vn 0.393701 0.889764 0.23622 
vn -0.685039 0.228346 0.692913 
vn -0.685039 0.228346 0.692913 
vn -0.685039 0.228346 0.692913 
vn -0.685039 0.228346 0.692913 
vn 0.267717 0.511811 0.818898 
vn 0.267717 0.511811 0.818898 
vn 0.267717 0.511811 0.818898 
vn 0.267717 0.511811 0.818898 
vn -0.984252 0.0314961 -0.188976 
vn 0.976378 -0.015748 0.212598 
vn 0.700787 -0.220472 -0.677165 
vn -0.0944882 0.511811 0.858268 
vn -0.0944882 0.511811 0.858268 
vn -0.0944882 0.511811 0.858268 
vn -0.0944882 0.511811 0.858268 
vn 0.15748 0.874016 -0.464567 
vn -0.889764 -0.0866142 -0.440945 
vn -0.023622 0.511811 0.858268 
vn -0.023622 0.511811 0.858268 
vn -0.023622 0.511811 0.858268 
vn -0.023622 0.511811 0.858268 
vn 0.0393701 0.551181 0.834646 
vn 0.0393701 0.551181 0.834646 
vn 0.0393701 0.551181 0.834646 
vn 0.0393701 0.551181 0.834646 
vn -0.834646 0.220472 0.503937 
vn -0.834646 0.220472 0.503937 
vn 0.023622 0.511811 0.858268 
vn 0.023622 0.511811 0.858268 
vn 0.023622 0.511811 0.858268 
vn 0.023622 0.511811 0.858268 
vn 0.905512 0.0708661 0.409449 
vn 0.84252 -0.220472 -0.496063 
vn 0.811024 -0.259843 -0.527559 
vn 0.92126 0.023622 0.385827 
vn -0.0393701 0.551181 0.834646 
vn -0.0393701 0.551181 0.834646 
vn -0.0393701 0.551181 0.834646 
vn -0.0393701 0.551181 0.834646 
vn -0.88189 -0.0472441 -0.464567 
vn -0.88189 -0.0472441 -0.464567 
vn 0.874016 0.102362 0.472441 
vn 0.874016 0.102362 0.472441 
vn 0.110236 0.944882 -0.314961 
vn -0.574803 0.204724 0.795276 
vn -0.574803 0.204724 0.795276 
vn -0.574803 0.204724 0.795276 
vn -0.574803 0.204724 0.795276 
vn 0.401575 0.480315 0.779528 
vn 0.401575 0.480315 0.779528 
vn 0.401575 0.480315 0.779528 
vn 0.401575 0.480315 0.779528 
vn 0.275591 0.834646 -0.480315 
vn -0.244094 0.834646 -0.496063 
vn -0.409449 0.527559 0.740157 
vn -0.409449 0.527559 0.740157 
vn -0.409449 0.527559 0.740157 
vn -0.409449 0.527559 0.740157 
vn -0.96063 0.275591 0.0787402 
vn -0.425197 -0.480315 -0.76378 
vn 0.992126 -0.0866142 0.023622 
vn -0.259843 0.80315 -0.543307 
vn 0.629921 0.23622 0.740157 
vn 0.629921 0.23622 0.740157 
vn 0.629921 0.23622 0.740157 
vn 0.629921 0.23622 0.740157 
vn -0.425197 0.212598 0.88189 
vn -0.425197 0.212598 0.88189 
vn -0.425197 0.212598 0.88189 
vn -0.425197 0.212598 0.88189 
vn 0.551181 0.464567 0.692913 
vn 0.551181 0.464567 0.692913 
vn 0.551181 0.464567 0.692913 
vn 0.551181 0.464567 0.692913 
vn 0.503937 0.811024 -0.307087 
vn 0.488189 0.755906 -0.433071 
vn -0.259843 -0.826772 0.496063 
vn 1 0.0551181 -0.0393701 
vn 1 0.0551181 -0.0393701 
vn 1 0.0551181 -0.0393701 
vn -0.992126 0.0944882 -0.023622 
vn -0.992126 0.0944882 -0.023622 
vn -0.992126 0.0944882 -0.023622 
vn -1 0.0787402 -0.023622 
vn -1 0.0787402 -0.023622 
vn -1 0.0787402 -0.023622 
vn 0.401575 -0.23622 -0.88189 
vn 0.401575 -0.23622 -0.88189 
vn 0.401575 -0.23622 -0.88189 
vn -0.496063 0.102362 -0.866142 
vn -0.496063 0.102362 -0.866142 
vn -0.496063 0.102362 -0.866142 
vn 0.984252 -0.102362 -0.141732 
vn -0.496063 0.637795 -0.590551 
vn 0.401575 0.84252 0.354331 
vn 0.0629921 -0.992126 0.0866142 
vn -0.023622 0.858268 -0.511811 
vn 0.393701 0.0944882 0.913386 
vn 0.393701 0.0944882 0.913386 
vn 0.393701 0.0944882 0.913386 
vn 0.393701 0.0944882 0.913386 
vn 0.370079 0.330709 0.866142 
vn 0.370079 0.330709 0.866142 
vn 0.370079 0.330709 0.866142 
vn 0.370079 0.330709 0.866142 
vn -0.527559 0.385827 0.755906 
vn -0.527559 0.385827 0.755906 
vn -0.527559 0.385827 0.755906 
vn -0.527559 0.385827 0.755906 
vn 0.535433 0.0629921 0.84252 
vn 0.535433 0.0629921 0.84252 
vn 0.535433 0.0629921 0.84252 
vn 0.535433 0.0629921 0.84252 
vn 0.511811 0.0629921 0.858268 
vn 0.511811 0.0629921 0.858268 
vn 0.511811 0.0629921 0.858268 
vn 0.511811 0.0629921 0.858268 
vn -0.385827 0.409449 0.826772 
vn -0.385827 0.409449 0.826772 
vn -0.385827 0.409449 0.826772 
vn -0.385827 0.409449 0.826772 
vn -0.409449 0.401575 0.818898 
vn -0.409449 0.401575 0.818898 
vn -0.409449 0.401575 0.818898 
vn -0.409449 0.401575 0.818898 
vn 0 -0.850394 0.527559 
vn -0.0787402 -0.944882 0.314961 
vn -0.125984 -0.96063 0.244094 
vn -0.393701 -0.787402 0.480315 
vn -0.212598 -0.771654 0.590551 
vn 0.346457 -0.795276 0.503937 
vn -0.00787402 0.133858 0.992126 
vn -0.00787402 0.133858 0.992126 
vn -0.00787402 0.133858 0.992126 
vn -0.00787402 0.133858 0.992126 
vn 0.511811 0.0472441 0.858268 
vn 0.511811 0.0472441 0.858268 
vn 0.511811 0.0472441 0.858268 
vn 0.511811 0.0472441 0.858268 
vn 0.503937 0.0393701 0.866142 
vn 0.503937 0.0393701 0.866142 
vn 0.503937 0.0393701 0.866142 
vn -0.409449 0.385827 0.826772 
vn -0.409449 0.385827 0.826772 
vn -0.409449 0.385827 0.826772 
vn -0.409449 0.385827 0.826772 
vn -0.417323 0.377953 0.826772 
vn -0.417323 0.377953 0.826772 
vn -0.417323 0.377953 0.826772 
vn 0.110236 0.125984 0.984252 
vn 0.110236 0.125984 0.984252 
vn 0.110236 0.125984 0.984252 
vn 0.110236 0.125984 0.984252 
vn -1 -0.0551181 0.0393701 
vn -1 -0.0551181 0.0393701 
vn -1 -0.0551181 0.0393701 
vn -1 -0.0551181 0.0393701 
vn -1 -0.0551181 0.0314961 
vn -1 -0.0551181 0.0314961 
vn -1 -0.0551181 0.0314961 
vn -1 -0.0551181 0.0314961 
vn -1 -0.0866142 -0.00787402 
vn -1 -0.0866142 -0.00787402 
vn -1 -0.0866142 -0.00787402 
vn -1 -0.0866142 -0.00787402 
vn 0.488189 -0.0944882 0.866142 
vn 0.488189 -0.0944882 0.866142 
vn -1 -0.0551181 0.015748 
vn -1 -0.0551181 0.015748 
vn -1 -0.0551181 0.015748 
vn -1 -0.0551181 0.015748 
vn -0.409449 0.251969 0.874016 
vn 1 -0.0708661 0.0314961 
vn 1 -0.0708661 0.0314961 
vn 0.425197 -0.377953 -0.818898 
vn 0.425197 -0.377953 -0.818898 
vn 0.425197 -0.377953 -0.818898 
vn -0.811024 0.251969 0.527559 
vn -0.811024 0.251969 0.527559 
vn -0.811024 0.251969 0.527559 
vn -0.811024 0.251969 0.527559 
vn -0.905512 0.0944882 -0.417323 
vn -0.905512 0.0944882 -0.417323 
vn -0.905512 0.0944882 -0.417323 
vn -0.905512 0.0944882 -0.417323 
vn 0.88189 -0.23622 0.401575 
vn -0.88189 0.173228 0.433071 
vn -0.88189 0.173228 0.433071 
vn -0.88189 0.173228 0.433071 
vn -0.88189 0.173228 0.433071 
vn -0.779528 -0.370079 -0.511811 
vn -0.779528 -0.370079 -0.511811 
vn -0.779528 -0.370079 -0.511811 
vn -0.779528 -0.370079 -0.511811 
vn 0.889764 -0.251969 -0.377953 
vn -0.582677 0.385827 0.716535 
vn -0.496063 -0.283465 -0.818898 
vn -0.984252 0.15748 -0.102362 
vn -0.984252 0.15748 -0.102362 
vn -0.984252 0.15748 -0.102362 
vn -0.984252 0.15748 -0.102362 
vn -0.984252 0.110236 0.149606 
vn -0.984252 0.110236 0.149606 
vn -0.984252 0.110236 0.149606 
vn -0.984252 0.110236 0.149606 
vn 0.559055 -0.496063 -0.669291 
vn -0.551181 -0.464567 -0.692913 
vn -0.551181 -0.464567 -0.692913 
vn 0.984252 -0.149606 -0.102362 
vn 0.984252 -0.149606 -0.102362 
vn 0.149606 0 0.992126 
vn 0.149606 0 0.992126 
vn -0.716535 0.220472 0.661417 
vn -0.716535 0.220472 0.661417 
vn -0.716535 0.220472 0.661417 
vn -0.716535 0.220472 0.661417 
vn 0.937008 0.133858 0.338583 
vn 0.937008 0.133858 0.338583 
vn 0.937008 0.133858 0.338583 
vn -0.92126 -0.244094 -0.291339 
vn -0.92126 -0.244094 -0.291339 
vn -0.92126 -0.244094 -0.291339 
vn -0.92126 -0.244094 -0.291339 
vn -0.96063 0.0944882 0.251969 
vn -0.96063 0.0944882 0.251969 
vn -0.96063 0.0944882 0.251969 
vn -0.96063 0.0944882 0.251969 
vn 0.700787 -0.149606 0.700787 
vn 0.700787 -0.149606 0.700787 
vn 0.700787 -0.149606 0.700787 
vn 0.165354 -0.377953 -0.913386 
vn -0.149606 0.259843 0.952756 
vn -0.149606 0.259843 0.952756 
vn -0.708661 0.0314961 -0.708661 
vn -0.708661 0.0314961 -0.708661 
vn -0.708661 0.0314961 -0.708661 
vn 0.952756 -0.212598 -0.204724 
vn 0.952756 -0.212598 -0.204724 
vn -0.527559 0.724409 -0.440945 
vn -0.519685 0.716535 -0.464567 
vn 0.535433 0.700787 -0.472441 
vn -0.0866142 0.84252 -0.535433 
vn -0.716535 -0.19685 -0.669291 
vn -0.716535 -0.19685 -0.669291 
vn -0.716535 -0.19685 -0.669291 
vn -0.716535 -0.19685 -0.669291 
vn 0.472441 0.80315 0.370079 
vn -0.968504 0.19685 0.165354 
vn -0.968504 0.19685 0.165354 
vn -0.968504 0.19685 0.165354 
vn -0.968504 0.19685 0.165354 
vn -0.220472 0.968504 0.133858 
vn 0.370079 0.834646 0.401575 
vn 0.944882 -0.275591 -0.188976 
vn 0.307087 -0.543307 -0.779528 
vn -0.661417 0.220472 0.716535 
vn -0.984252 0.0393701 -0.15748 
vn -0.984252 0.0393701 -0.15748 
vn -0.984252 0.0393701 -0.15748 
vn -0.984252 0.0393701 -0.15748 
vn -0.181102 0.984252 -0.015748 
vn -0.984252 0.0314961 -0.188976 
vn -0.984252 0.0314961 -0.188976 
vn -0.984252 0.0314961 -0.188976 
vn -0.984252 0.0314961 -0.188976 
vn -0.866142 -0.110236 -0.488189 
vn -0.866142 -0.110236 -0.488189 
vn -0.866142 -0.110236 -0.488189 
vn -0.866142 -0.110236 -0.488189 
vn -0.889764 0.212598 0.401575 
vn -0.889764 0.212598 0.401575 
vn -0.889764 0.212598 0.401575 
vn -0.889764 0.212598 0.401575 
vn 0.866142 -0.267717 -0.425197 
vn 0.15748 0.874016 -0.464567 
vn -0.889764 -0.0866142 -0.440945 
vn -0.889764 -0.0866142 -0.440945 
vn -0.889764 -0.0866142 -0.440945 
vn -0.889764 -0.0866142 -0.440945 
vn -0.858268 0.212598 0.464567 
vn -0.858268 0.212598 0.464567 
vn -0.858268 0.212598 0.464567 
vn -0.858268 0.212598 0.464567 
vn 0.19685 0.826772 -0.527559 
vn -0.913386 -0.023622 -0.401575 
vn -0.913386 -0.023622 -0.401575 
vn -0.913386 -0.023622 -0.401575 
vn -0.913386 -0.023622 -0.401575 
vn 0.0393701 0.551181 0.834646 
vn -0.818898 0.259843 0.511811 
vn -0.818898 0.259843 0.511811 
vn -0.818898 0.259843 0.511811 
vn -0.818898 0.259843 0.511811 
vn -0.913386 -0.0708661 -0.401575 
vn -0.913386 -0.0708661 -0.401575 
vn -0.913386 -0.0708661 -0.401575 
vn -0.913386 -0.0708661 -0.401575 
vn -0.834646 0.220472 0.503937 
vn -0.834646 0.220472 0.503937 
vn -0.834646 0.220472 0.503937 
vn -0.834646 0.220472 0.503937 
vn 0.220472 0.968504 0.0944882 
vn -0.88189 -0.0472441 -0.464567 
vn -0.88189 -0.0472441 -0.464567 
vn -0.88189 -0.0472441 -0.464567 
vn -0.88189 -0.0472441 -0.464567 
vn -0.850394 0.267717 0.448819 
vn -0.850394 0.267717 0.448819 
vn -0.850394 0.267717 0.448819 
vn -0.850394 0.267717 0.448819 
vn 0.88189 -0.212598 -0.425197 
vn 0.110236 0.944882 -0.314961 
vn -1 0.0708661 -0.0472441 
vn -1 0.0708661 -0.0472441 
vn -1 0.0708661 -0.0472441 
vn -1 0.0708661 -0.0472441 
vn -0.96063 0.275591 0.0787402 
vn -0.96063 0.275591 0.0787402 
vn -0.96063 0.275591 0.0787402 
vn -0.96063 0.275591 0.0787402 
vn -0.425197 0.212598 0.88189 
vn -0.984252 0.149606 0.102362 
vn -0.984252 0.149606 0.102362 
vn -0.984252 0.149606 0.102362 
vn -0.984252 0.149606 0.102362 
vn 0.488189 0.755906 -0.433071 
vn 0.984252 -0.102362 -0.141732 
vn 0.0393701 -0.992126 0.0787402 
vn -0.661417 0.464567 0.582677 
vn -0.661417 0.464567 0.582677 
vn -0.661417 0.464567 0.582677 
vn -0.661417 0.464567 0.582677 
vn -0.937008 0.275591 -0.228346 
vn -0.937008 0.275591 -0.228346 
vn -0.937008 0.275591 -0.228346 
vn -0.937008 0.275591 -0.228346 
vn -0.023622 0.858268 -0.511811 
vn -0.992126 0.0314961 -0.141732 
vn -0.992126 0.0314961 -0.141732 
vn -0.992126 0.0314961 -0.141732 
vn -0.992126 0.0314961 -0.141732 
vn -0.992126 0.11811 -0.015748 
vn -0.992126 0.11811 -0.015748 
vn -0.992126 0.11811 -0.015748 
vn -0.992126 0.11811 -0.015748 
vn -0.992126 0.102362 -0.0314961 
vn -0.992126 0.102362 -0.0314961 
vn -0.992126 0.102362 -0.0314961 
vn -0.992126 0.102362 -0.0314961 
vn -0.015748 -0.84252 0.543307 
vn -0.393701 -0.787402 0.480315 
vn -0.826772 0.275591 0.496063 
vn -0.826772 0.275591 0.496063 
vn -0.826772 0.275591 0.496063 
vn -0.826772 0.275591 0.496063 
vn -0.866142 -0.228346 -0.440945 
vn -0.866142 -0.228346 -0.440945 
vn -0.866142 -0.228346 -0.440945 
vn -0.866142 -0.228346 -0.440945 
vn -0.992126 0.0944882 -0.023622 
vn -0.992126 0.0944882 -0.023622 
vn -0.992126 0.0944882 -0.023622 
vn -1 0.0787402 -0.023622 
vn -1 0.0787402 -0.023622 
vn -1 0.0787402 -0.023622 
vn -0.748031 0.314961 0.582677 
vn -0.748031 0.314961 0.582677 
vn -0.748031 0.314961 0.582677 
vn -0.748031 0.314961 0.582677 
vn -0.92126 -0.149606 -0.362205 
vn -0.92126 -0.149606 -0.362205 
vn -0.92126 -0.149606 -0.362205 
vn -0.92126 -0.149606 -0.362205 
vn 0.496063 -0.110236 0.858268 
vn -1 -0.0551181 0.0393701 
vn -1 -0.0551181 0.0393701 
vn -0.401575 0.244094 0.88189 
vn -1 -0.0866142 -0.00787402 
vn 0.992126 -0.0866142 0.023622 
vn 0.417323 -0.385827 -0.826772 
vn 0.417323 -0.385827 -0.826772 
vn 1 -0.0551181 0.0629921 
vn -0.503937 -0.0472441 -0.858268 
vn -0.464567 -0.0551181 -0.88189 
vn -0.464567 -0.0551181 -0.88189 
vn -1 -0.0551181 0.015748 
vn -1 -0.0551181 0.015748 
vn -0.409449 0.251969 0.874016 
vn 1 -0.0708661 0.0314961 
vn 0.425197 -0.377953 -0.818898 
vn 0.425197 -0.377953 -0.818898 
vn 0.425197 -0.377953 -0.818898 
vn -0.496063 -0.0393701 -0.866142 
vn -0.811024 0.251969 0.527559 
vn -0.188976 -0.354331 -0.913386 
vn -0.905512 0.0944882 -0.417323 
vn 0.88189 -0.23622 0.401575 
vn 0.88189 -0.23622 0.401575 
vn 0.204724 0.220472 0.952756 
vn 0.795276 -0.385827 -0.472441 
vn -0.88189 0.173228 0.433071 
vn 0.795276 0.275591 0.543307 
vn -0.779528 -0.370079 -0.511811 
vn 0.889764 -0.251969 -0.377953 
vn 0.133858 -0.173228 -0.976378 
vn 0.133858 -0.173228 -0.976378 
vn -0.582677 0.385827 0.716535 
vn -0.496063 -0.283465 -0.818898 
vn -0.496063 -0.283465 -0.818898 
vn -0.984252 0.15748 -0.102362 
vn -0.417323 0.15748 0.897638 
vn -0.984252 0.110236 0.149606 
vn 0.574803 0.409449 0.708661 
vn 0.96063 -0.267717 0.0866142 
vn 0.96063 -0.267717 0.0866142 
vn 0.503937 0.165354 0.84252 
vn 0.559055 -0.496063 -0.669291 
vn -0.551181 -0.464567 -0.692913 
vn -0.551181 -0.464567 -0.692913 
vn 0.984252 -0.149606 -0.102362 
vn 0.984252 -0.149606 -0.102362 
vn 0.425197 -0.212598 -0.88189 
vn 0.425197 -0.212598 -0.88189 
vn 0.149606 0 0.992126 
vn 0.149606 0 0.992126 
vn -0.716535 0.220472 0.661417 
vn 0.937008 0.133858 0.338583 
vn 0.937008 0.133858 0.338583 
vn -0.92126 -0.244094 -0.291339 
vn -0.92126 -0.244094 -0.291339 
vn 0.724409 -0.322835 -0.606299 
vn 0.724409 -0.322835 -0.606299 
vn 0.724409 -0.322835 -0.606299 
vn -0.149606 -0.125984 -0.984252 
vn -0.149606 -0.125984 -0.984252 
vn -0.149606 -0.125984 -0.984252 
vn -0.149606 -0.125984 -0.984252 
vn -0.582677 0.692913 -0.425197 
vn -0.15748 0.952756 0.259843 
vn -0.96063 0.0944882 0.251969 
vn -0.96063 0.0944882 0.251969 
vn -0.96063 0.0944882 0.251969 
vn -0.96063 0.0944882 0.251969 
vn 0.700787 -0.149606 0.700787 
vn 0.700787 -0.149606 0.700787 
vn 0.700787 -0.149606 0.700787 
vn 0.165354 -0.377953 -0.913386 
vn 0.165354 -0.377953 -0.913386 
vn -0.165354 0.96063 0.228346 
vn -0.149606 0.259843 0.952756 
vn -0.149606 0.259843 0.952756 
vn -0.149606 0.259843 0.952756 
vn -0.708661 0.0314961 -0.708661 
vn -0.708661 0.0314961 -0.708661 
vn -0.708661 0.0314961 -0.708661 
vn 0.952756 -0.212598 -0.204724 
vn 0.952756 -0.212598 -0.204724 
vn -0.527559 0.724409 -0.440945 
vn -0.125984 0.968504 0.204724 
vn 0.535433 0.700787 -0.472441 
vn -0.0866142 0.84252 -0.535433 
vn -0.338583 0.472441 0.818898 
vn -0.716535 -0.19685 -0.669291 
vn 0.472441 0.80315 0.370079 
vn -0.968504 0.19685 0.165354 
vn 0.370079 0.834646 0.401575 
vn 0.944882 -0.275591 -0.188976 
vn 0.307087 -0.543307 -0.779528 
vn 0.724409 0.110236 0.677165 
vn -0.661417 0.220472 0.716535 
vn -0.984252 0.0393701 -0.15748 
vn 0.291339 0.503937 0.811024 
vn -0.267717 -0.511811 -0.818898 
vn 0.984252 -0.0314961 0.181102 
vn 0.677165 -0.220472 -0.700787 
vn -0.181102 0.984252 -0.015748 
vn 0.125984 0.874016 -0.472441 
vn 0.291339 0.913386 0.291339 
vn -0.685039 0.228346 0.692913 
vn 0.267717 0.511811 0.818898 
vn -0.984252 0.0314961 -0.188976 
vn -0.23622 -0.511811 -0.826772 
vn 0.976378 -0.015748 0.212598 
vn 0.700787 -0.220472 -0.677165 
vn -0.0944882 0.511811 0.858268 
vn -0.889764 0.212598 0.401575 
vn 0.866142 -0.267717 -0.425197 
vn 0.874016 0.0551181 0.488189 
vn 0.15748 0.874016 -0.464567 
vn -0.181102 0.834646 -0.519685 
vn -0.165354 0.84252 -0.519685 
vn -0.889764 -0.0866142 -0.440945 
vn -0.858268 0.212598 0.464567 
vn 0.19685 0.826772 -0.527559 
vn -0.0708661 0.976378 -0.19685 
vn 0.0393701 0.551181 0.834646 
vn -0.818898 0.259843 0.511811 
vn 0.834646 -0.259843 -0.480315 
vn 0.834646 -0.259843 -0.480315 
vn 0.897638 0.0314961 0.433071 
vn -0.913386 -0.0708661 -0.401575 
vn -0.834646 0.220472 0.503937 
vn 0.023622 0.511811 0.858268 
vn 0.220472 0.968504 0.0944882 
vn 0.905512 0.0708661 0.409449 
vn 0.84252 -0.220472 -0.496063 
vn -0.0551181 -0.551181 -0.834646 
vn 0.811024 -0.259843 -0.527559 
vn 0.92126 0.023622 0.385827 
vn -0.0393701 0.551181 0.834646 
vn -0.88189 -0.0472441 -0.464567 
vn -0.850394 0.267717 0.448819 
vn 0.0629921 -0.511811 -0.858268 
vn 0.88189 -0.212598 -0.425197 
vn 0.874016 0.102362 0.472441 
vn 0.023622 0.858268 -0.511811 
vn 0.110236 0.944882 -0.314961 
vn 0.149606 0.984252 -0.0708661 
vn -0.574803 0.204724 0.795276 
vn -1 0.0708661 -0.0472441 
vn 0.401575 0.480315 0.779528 
vn 0.275591 0.834646 -0.480315 
vn -0.409449 0.527559 0.740157 
vn -0.96063 0.275591 0.0787402 
vn -0.425197 -0.480315 -0.76378 
vn 0.992126 -0.0866142 0.023622 
vn 0.551181 -0.204724 -0.811024 
vn -0.0866142 -0.944882 0.322835 
vn -0.0866142 -0.944882 0.322835 
vn -0.0866142 -0.944882 0.322835 
vn -0.0866142 -0.944882 0.322835 
vn 0.984252 -0.181102 -0.0551181 
vn -0.133858 -0.92126 0.362205 
vn -0.133858 -0.92126 0.362205 
vn -0.133858 -0.92126 0.362205 
vn -0.133858 -0.92126 0.362205 
vn -0.110236 -0.937008 0.338583 
vn -0.110236 -0.937008 0.338583 
vn -0.110236 -0.937008 0.338583 
vn -0.110236 -0.937008 0.338583 
vn -0.425197 0.212598 0.88189 
vn 0.503937 0.811024 -0.307087 
vn -0.330709 -0.937008 -0.141732 
vn -0.330709 -0.937008 -0.141732 
vn -0.330709 -0.937008 -0.141732 
vn -0.330709 -0.937008 -0.141732 
vn 0.488189 0.755906 -0.433071 
vn -0.314961 -0.937008 -0.15748 
vn -0.314961 -0.937008 -0.15748 
vn -0.314961 -0.937008 -0.15748 
vn -0.314961 -0.937008 -0.15748 
vn -0.283465 -0.944882 -0.181102 
vn -0.283465 -0.944882 -0.181102 
vn -0.283465 -0.944882 -0.181102 
vn -0.283465 -0.944882 -0.181102 
vn -0.19685 -0.834646 0.519685 
vn -0.19685 -0.834646 0.519685 
vn -0.19685 -0.834646 0.519685 
vn -0.19685 -0.834646 0.519685 
vn 0.251969 -0.818898 0.519685 
vn 0.251969 -0.818898 0.519685 
vn 0.251969 -0.818898 0.519685 
vn 0.251969 -0.818898 0.519685 
vn -0.259843 -0.826772 0.496063 
vn -0.259843 -0.826772 0.496063 
vn -0.259843 -0.826772 0.496063 
vn -0.259843 -0.826772 0.496063 
vn -0.165354 -0.96063 0.23622 
vn -0.165354 -0.96063 0.23622 
vn -0.165354 -0.96063 0.23622 
vn -0.165354 -0.96063 0.23622 
vn 0.259843 -0.779528 0.566929 
vn 0.259843 -0.779528 0.566929 
vn 0.259843 -0.779528 0.566929 
vn 0.259843 -0.779528 0.566929 
vn -0.220472 -0.834646 0.511811 
vn -0.220472 -0.834646 0.511811 
vn -0.220472 -0.834646 0.511811 
vn -0.220472 -0.834646 0.511811 
vn -0.149606 -0.968504 0.19685 
vn -0.149606 -0.968504 0.19685 
vn -0.149606 -0.968504 0.19685 
vn -0.149606 -0.968504 0.19685 
vn 0.259843 -0.80315 0.543307 
vn 0.259843 -0.80315 0.543307 
vn 0.259843 -0.80315 0.543307 
vn 0.259843 -0.80315 0.543307 
vn 0.984252 -0.102362 -0.141732 
vn -0.133858 -0.976378 0.188976 
vn -0.133858 -0.976378 0.188976 
vn -0.133858 -0.976378 0.188976 
vn -0.133858 -0.976378 0.188976 
vn -0.496063 0.637795 -0.590551 
vn 0.401575 0.84252 0.354331 
vn -0.267717 -0.818898 0.503937 
vn -0.267717 -0.818898 0.503937 
vn -0.267717 -0.818898 0.503937 
vn -0.267717 -0.818898 0.503937 
vn 0.0393701 -0.992126 0.0787402 
vn 0.0393701 -0.992126 0.0787402 
vn 0.0393701 -0.992126 0.0787402 
vn 0.0393701 -0.992126 0.0787402 
vn -0.275591 -0.850394 0.448819 
vn -0.275591 -0.850394 0.448819 
vn -0.275591 -0.850394 0.448819 
vn -0.275591 -0.850394 0.448819 
vn -0.275591 -0.834646 0.480315 
vn -0.275591 -0.834646 0.480315 
vn -0.275591 -0.834646 0.480315 
vn -0.275591 -0.834646 0.480315 
vn 0.0629921 -0.992126 0.0866142 
vn 0.0629921 -0.992126 0.0866142 
vn 0.0629921 -0.992126 0.0866142 
vn 0.0629921 -0.992126 0.0866142 
vn 0.102362 -0.992126 0.102362 
vn 0.102362 -0.992126 0.102362 
vn 0.102362 -0.992126 0.102362 
vn 0.102362 -0.992126 0.102362 
vn -0.267717 -0.96063 -0.0472441 
vn -0.267717 -0.96063 -0.0472441 
vn -0.267717 -0.96063 -0.0472441 
vn -0.267717 -0.96063 -0.0472441 
vn -0.291339 -0.952756 -0.015748 
vn -0.291339 -0.952756 -0.015748 
vn -0.291339 -0.952756 -0.015748 
vn -0.291339 -0.952756 -0.015748 
vn -0.173228 -0.889764 0.417323 
vn -0.173228 -0.889764 0.417323 
vn -0.173228 -0.889764 0.417323 
vn -0.173228 -0.889764 0.417323 
vn 0.141732 -0.826772 0.551181 
vn 0.141732 -0.826772 0.551181 
vn 0.141732 -0.826772 0.551181 
vn 0.141732 -0.826772 0.551181 
vn -0.307087 -0.952756 0 
vn -0.307087 -0.952756 0 
vn -0.307087 -0.952756 0 
vn -0.307087 -0.952756 0 
vn -0.125984 -0.897638 0.417323 
vn -0.125984 -0.897638 0.417323 
vn -0.125984 -0.897638 0.417323 
vn -0.125984 -0.897638 0.417323 
vn 0.11811 -0.850394 0.519685 
vn 0.11811 -0.850394 0.519685 
vn 0.11811 -0.850394 0.519685 
vn 0.11811 -0.850394 0.519685 
vn -0.110236 -0.897638 0.425197 
vn -0.110236 -0.897638 0.425197 
vn -0.110236 -0.897638 0.425197 
vn -0.110236 -0.897638 0.425197 
vn 0.11811 -0.858268 0.503937 
vn 0.11811 -0.858268 0.503937 
vn 0.11811 -0.858268 0.503937 
vn 0.11811 -0.858268 0.503937 
vn -0.023622 0.858268 -0.511811 
vn -0.15748 -0.850394 0.496063 
vn -0.15748 -0.850394 0.496063 
vn -0.15748 -0.850394 0.496063 
vn -0.15748 -0.850394 0.496063 
vn 0.00787402 -0.984252 0.188976 
vn 0.00787402 -0.984252 0.188976 
vn 0.00787402 -0.984252 0.188976 
vn 0.00787402 -0.984252 0.188976 
vn -0.133858 -0.834646 0.535433 
vn -0.133858 -0.834646 0.535433 
vn -0.133858 -0.834646 0.535433 
vn -0.133858 -0.834646 0.535433 
vn -0.0393701 -0.984252 0.188976 
vn -0.0393701 -0.984252 0.188976 
vn -0.0393701 -0.984252 0.188976 
vn -0.0393701 -0.984252 0.188976 
vn -0.0551181 -0.984252 0.188976 
vn -0.0551181 -0.984252 0.188976 
vn -0.0551181 -0.984252 0.188976 
vn -0.0551181 -0.984252 0.188976 
vn -0.133858 -0.826772 0.551181 
vn -0.133858 -0.826772 0.551181 
vn -0.133858 -0.826772 0.551181 
vn -0.133858 -0.826772 0.551181 
vn -0.228346 -0.968504 0.0944882 
vn -0.228346 -0.968504 0.0944882 
vn -0.228346 -0.968504 0.0944882 
vn -0.228346 -0.968504 0.0944882 
vn -0.244094 -0.96063 0.102362 
vn -0.244094 -0.96063 0.102362 
vn -0.244094 -0.96063 0.102362 
vn -0.244094 -0.96063 0.102362 
vn -0.15748 -0.984252 0.0472441 
vn -0.15748 -0.984252 0.0472441 
vn -0.15748 -0.984252 0.0472441 
vn -0.15748 -0.984252 0.0472441 
vn -0.212598 -0.976378 0.0944882 
vn -0.212598 -0.976378 0.0944882 
vn -0.212598 -0.976378 0.0944882 
vn -0.212598 -0.976378 0.0944882 
vn -0.283465 -0.944882 0.133858 
vn -0.283465 -0.944882 0.133858 
vn -0.283465 -0.944882 0.133858 
vn -0.283465 -0.944882 0.133858 
vn -0.19685 -0.976378 0.0866142 
vn -0.19685 -0.976378 0.0866142 
vn -0.19685 -0.976378 0.0866142 
vn -0.19685 -0.976378 0.0866142 
vn -0.015748 -0.84252 0.543307 
vn -0.015748 -0.84252 0.543307 
vn -0.015748 -0.84252 0.543307 
vn -0.015748 -0.84252 0.543307 
vn -0.0944882 -0.952756 0.299213 
vn -0.0944882 -0.952756 0.299213 
vn -0.0944882 -0.952756 0.299213 
vn -0.0944882 -0.952756 0.299213 
vn -0.015748 -0.834646 0.551181 
vn -0.015748 -0.834646 0.551181 
vn -0.015748 -0.834646 0.551181 
vn -0.015748 -0.834646 0.551181 
vn -0.102362 -0.952756 0.291339 
vn -0.102362 -0.952756 0.291339 
vn -0.102362 -0.952756 0.291339 
vn -0.102362 -0.952756 0.291339 
vn -0.015748 -0.889764 0.464567 
vn -0.015748 -0.889764 0.464567 
vn -0.015748 -0.889764 0.464567 
vn -0.015748 -0.889764 0.464567 
vn -0.00787402 -0.944882 0.338583 
vn -0.00787402 -0.944882 0.338583 
vn -0.00787402 -0.944882 0.338583 
vn -0.00787402 -0.944882 0.338583 
vn 0 -0.850394 0.527559 
vn 0 -0.850394 0.527559 
vn 0 -0.850394 0.527559 
vn 0 -0.850394 0.527559 
vn -0.0787402 -0.944882 0.314961 
vn -0.0787402 -0.944882 0.314961 
vn -0.0787402 -0.944882 0.314961 
vn -0.0787402 -0.944882 0.314961 
vn -0.354331 -0.929134 -0.0944882 
vn -0.354331 -0.929134 -0.0944882 
vn -0.354331 -0.929134 -0.0944882 
vn -0.354331 -0.929134 -0.0944882 
vn 0 -0.858268 0.511811 
vn 0 -0.858268 0.511811 
vn 0 -0.858268 0.511811 
vn 0 -0.858268 0.511811 
vn -0.15748 -0.944882 0.275591 
vn -0.15748 -0.944882 0.275591 
vn -0.15748 -0.944882 0.275591 
vn -0.15748 -0.944882 0.275591 
vn -0.0629921 -0.944882 0.322835 
vn -0.0629921 -0.944882 0.322835 
vn -0.0629921 -0.944882 0.322835 
vn -0.0629921 -0.944882 0.322835 
vn -0.00787402 -0.80315 0.598425 
vn -0.00787402 -0.80315 0.598425 
vn -0.00787402 -0.80315 0.598425 
vn -0.00787402 -0.80315 0.598425 
vn -0.307087 -0.944882 -0.125984 
vn -0.307087 -0.944882 -0.125984 
vn -0.307087 -0.944882 -0.125984 
vn -0.307087 -0.944882 -0.125984 
vn -0.0787402 -0.952756 0.283465 
vn -0.0787402 -0.952756 0.283465 
vn -0.0787402 -0.952756 0.283465 
vn -0.0787402 -0.952756 0.283465 
vn -0.125984 -0.944882 0.307087 
vn -0.125984 -0.944882 0.307087 
vn -0.125984 -0.944882 0.307087 
vn -0.125984 -0.944882 0.307087 
vn -0.23622 -0.80315 0.543307 
vn -0.23622 -0.80315 0.543307 
vn -0.23622 -0.80315 0.543307 
vn -0.23622 -0.80315 0.543307 
vn -0.015748 -0.992126 0.0866142 
vn -0.015748 -0.992126 0.0866142 
vn -0.015748 -0.992126 0.0866142 
vn -0.015748 -0.992126 0.0866142 
vn -0.244094 -0.834646 0.496063 
vn -0.244094 -0.834646 0.496063 
vn -0.244094 -0.834646 0.496063 
vn -0.244094 -0.834646 0.496063 
vn 0.0393701 -0.992126 0.110236 
vn 0.0393701 -0.992126 0.110236 
vn 0.0393701 -0.992126 0.110236 
vn 0.0393701 -0.992126 0.110236 
vn -0.354331 -0.929134 -0.11811 
vn -0.354331 -0.929134 -0.11811 
vn -0.354331 -0.929134 -0.11811 
vn -0.354331 -0.929134 -0.11811 
vn -0.15748 -0.850394 0.511811 
vn -0.15748 -0.850394 0.511811 
vn -0.15748 -0.850394 0.511811 
vn -0.15748 -0.850394 0.511811 
vn 0.220472 -0.84252 0.496063 
vn 0.220472 -0.84252 0.496063 
vn 0.220472 -0.84252 0.496063 
vn 0.220472 -0.84252 0.496063 
vn 0.228346 -0.811024 0.543307 
vn 0.228346 -0.811024 0.543307 
vn 0.228346 -0.811024 0.543307 
vn 0.228346 -0.811024 0.543307 
vn -0.212598 -0.850394 0.488189 
vn -0.212598 -0.850394 0.488189 
vn -0.212598 -0.850394 0.488189 
vn -0.212598 -0.850394 0.488189 
vn -0.0787402 -0.952756 0.299213 
vn -0.0787402 -0.952756 0.299213 
vn -0.0787402 -0.952756 0.299213 
vn -0.0787402 -0.952756 0.299213 
vn -0.259843 -0.80315 0.535433 
vn -0.259843 -0.80315 0.535433 
vn -0.259843 -0.80315 0.535433 
vn -0.259843 -0.80315 0.535433 
vn 0.00787402 -1 0.0787402 
vn 0.00787402 -1 0.0787402 
vn 0.00787402 -1 0.0787402 
vn 0.00787402 -1 0.0787402 
vn -0.173228 -0.834646 0.519685 
vn -0.173228 -0.834646 0.519685 
vn -0.173228 -0.834646 0.519685 
vn -0.173228 -0.834646 0.519685 
vn -0.314961 -0.944882 -0.0551181 
vn -0.314961 -0.944882 -0.0551181 
vn -0.314961 -0.944882 -0.0551181 
vn -0.314961 -0.944882 -0.0551181 
vn 0.244094 -0.826772 0.503937 
vn 0.244094 -0.826772 0.503937 
vn 0.244094 -0.826772 0.503937 
vn 0.244094 -0.826772 0.503937 
vn -0.220472 -0.968504 -0.0944882 
vn -0.220472 -0.968504 -0.0944882 
vn -0.220472 -0.968504 -0.0944882 
vn -0.220472 -0.968504 -0.0944882 
vn -0.314961 -0.944882 -0.0629921 
vn -0.314961 -0.944882 -0.0629921 
vn -0.314961 -0.944882 -0.0629921 
vn -0.314961 -0.944882 -0.0629921 
vn -0.220472 -0.937008 0.283465 
vn -0.220472 -0.937008 0.283465 
vn -0.220472 -0.937008 0.283465 
vn -0.220472 -0.937008 0.283465 
vn -0.125984 -0.96063 0.244094 
vn -0.125984 -0.96063 0.244094 
vn -0.125984 -0.96063 0.244094 
vn -0.125984 -0.96063 0.244094 
vn -0.125984 -0.96063 0.251969 
vn -0.125984 -0.96063 0.251969 
vn -0.125984 -0.96063 0.251969 
vn -0.125984 -0.96063 0.251969 
vn -0.181102 -0.826772 0.535433 
vn -0.181102 -0.826772 0.535433 
vn -0.181102 -0.826772 0.535433 
vn -0.181102 -0.826772 0.535433 
vn -0.173228 -0.88189 0.440945 
vn -0.173228 -0.88189 0.440945 
vn -0.173228 -0.88189 0.440945 
vn -0.173228 -0.88189 0.440945 
vn 0.0708661 -0.976378 0.204724 
vn 0.0708661 -0.976378 0.204724 
vn 0.0708661 -0.976378 0.204724 
vn 0.0708661 -0.976378 0.204724 
vn -0.023622 -0.992126 0.149606 
vn -0.023622 -0.992126 0.149606 
vn -0.023622 -0.992126 0.149606 
vn -0.023622 -0.992126 0.149606 
vn -0.19685 -0.826772 0.527559 
vn -0.19685 -0.826772 0.527559 
vn -0.19685 -0.826772 0.527559 
vn -0.19685 -0.826772 0.527559 
vn -0.00787402 -0.992126 0.141732 
vn -0.00787402 -0.992126 0.141732 
vn -0.00787402 -0.992126 0.141732 
vn -0.00787402 -0.992126 0.141732 
vn 0.15748 -0.779528 0.606299 
vn 0.15748 -0.779528 0.606299 
vn 0.15748 -0.779528 0.606299 
vn 0.15748 -0.779528 0.606299 
vn -0.244094 -0.88189 0.401575 
vn -0.244094 -0.88189 0.401575 
vn -0.244094 -0.88189 0.401575 
vn -0.244094 -0.88189 0.401575 
vn -0.149606 -0.874016 0.456693 
vn -0.149606 -0.874016 0.456693 
vn -0.149606 -0.874016 0.456693 
vn -0.149606 -0.874016 0.456693 
vn 0.165354 -0.84252 0.519685 
vn 0.165354 -0.84252 0.519685 
vn 0.165354 -0.84252 0.519685 
vn 0.165354 -0.84252 0.519685 
vn 0.181102 -0.834646 0.519685 
vn 0.181102 -0.834646 0.519685 
vn 0.181102 -0.834646 0.519685 
vn 0.181102 -0.834646 0.519685 
vn -0.15748 -0.874016 0.464567 
vn -0.15748 -0.874016 0.464567 
vn -0.15748 -0.874016 0.464567 
vn -0.15748 -0.874016 0.464567 
vn -0.401575 -0.889764 -0.204724 
vn -0.401575 -0.889764 -0.204724 
vn -0.401575 -0.889764 -0.204724 
vn -0.401575 -0.889764 -0.204724 
vn -0.385827 -0.897638 -0.220472 
vn -0.385827 -0.897638 -0.220472 
vn -0.385827 -0.897638 -0.220472 
vn -0.385827 -0.897638 -0.220472 
vn -0.283465 -0.92126 -0.275591 
vn -0.283465 -0.92126 -0.275591 
vn -0.283465 -0.92126 -0.275591 
vn -0.283465 -0.92126 -0.275591 
vn -0.023622 -0.92126 0.385827 
vn -0.023622 -0.92126 0.385827 
vn -0.023622 -0.92126 0.385827 
vn -0.023622 -0.92126 0.385827 
vn -0.385827 -0.889764 -0.251969 
vn -0.385827 -0.889764 -0.251969 
vn -0.385827 -0.889764 -0.251969 
vn -0.385827 -0.889764 -0.251969 
vn -0.0314961 -0.913386 0.401575 
vn -0.0314961 -0.913386 0.401575 
vn -0.0314961 -0.913386 0.401575 
vn -0.0314961 -0.913386 0.401575 
vn -0.141732 -0.88189 0.456693 
vn -0.141732 -0.88189 0.456693 
vn -0.141732 -0.88189 0.456693 
vn -0.141732 -0.88189 0.456693 
vn -0.362205 -0.779528 0.519685 
vn -0.362205 -0.779528 0.519685 
vn -0.362205 -0.779528 0.519685 
vn -0.362205 -0.779528 0.519685 
vn 0.0472441 -1 -0.023622 
vn 0.0472441 -1 -0.023622 
vn 0.0472441 -1 -0.023622 
vn 0.0472441 -1 -0.023622 
vn -0.0314961 -0.897638 0.433071 
vn -0.0314961 -0.897638 0.433071 
vn -0.0314961 -0.897638 0.433071 
vn -0.0314961 -0.897638 0.433071 
vn -0.362205 -0.787402 0.503937 
vn -0.362205 -0.787402 0.503937 
vn -0.362205 -0.787402 0.503937 
vn -0.362205 -0.787402 0.503937 
vn 0.0629921 -1 -0.015748 
vn 0.0629921 -1 -0.015748 
vn 0.0629921 -1 -0.015748 
vn 0.0629921 -1 -0.015748 
vn -0.433071 -0.866142 -0.228346 
vn -0.433071 -0.866142 -0.228346 
vn -0.433071 -0.866142 -0.228346 
vn -0.433071 -0.866142 -0.228346 
vn -0.362205 -0.84252 0.393701 
vn -0.362205 -0.84252 0.393701 
vn -0.362205 -0.84252 0.393701 
vn -0.362205 -0.84252 0.393701 
vn 0.173228 -0.984252 0.0314961 
vn 0.173228 -0.984252 0.0314961 
vn 0.173228 -0.984252 0.0314961 
vn 0.173228 -0.984252 0.0314961 
vn -0.401575 -0.88189 -0.259843 
vn -0.401575 -0.88189 -0.259843 
vn -0.401575 -0.88189 -0.259843 
vn -0.401575 -0.88189 -0.259843 
vn -0.393701 -0.787402 0.480315 
vn -0.393701 -0.787402 0.480315 
vn -0.393701 -0.787402 0.480315 
vn -0.393701 -0.787402 0.480315 
vn 0.0944882 -0.992126 -0.0393701 
vn 0.0944882 -0.992126 -0.0393701 
vn 0.0944882 -0.992126 -0.0393701 
vn 0.0944882 -0.992126 -0.0393701 
vn 0.023622 -0.913386 0.409449 
vn 0.023622 -0.913386 0.409449 
vn 0.023622 -0.913386 0.409449 
vn 0.023622 -0.913386 0.409449 
vn 0.346457 -0.80315 0.488189 
vn 0.346457 -0.80315 0.488189 
vn 0.346457 -0.80315 0.488189 
vn 0.346457 -0.80315 0.488189 
vn -0.212598 -0.771654 0.590551 
vn -0.212598 -0.771654 0.590551 
vn -0.212598 -0.771654 0.590551 
vn -0.212598 -0.771654 0.590551 
vn -0.23622 -0.771654 0.590551 
vn -0.23622 -0.771654 0.590551 
vn -0.23622 -0.771654 0.590551 
vn -0.23622 -0.771654 0.590551 
vn 0.346457 -0.795276 0.503937 
vn 0.346457 -0.795276 0.503937 
vn 0.346457 -0.795276 0.503937 
vn 0.346457 -0.795276 0.503937 
vn -0.015748 -0.897638 0.433071 
vn -0.015748 -0.897638 0.433071 
vn -0.015748 -0.897638 0.433071 
vn -0.015748 -0.897638 0.433071 
vn 0.346457 -0.716535 0.606299 
vn 0.346457 -0.716535 0.606299 
vn 0.346457 -0.716535 0.606299 
vn 0.346457 -0.716535 0.606299 
vn -0.338583 -0.779528 0.527559 
vn -0.338583 -0.779528 0.527559 
vn -0.338583 -0.779528 0.527559 
vn -0.338583 -0.779528 0.527559 
vn -0.401575 -0.748031 0.527559 
vn -0.401575 -0.748031 0.527559 
vn -0.401575 -0.748031 0.527559 
vn -0.401575 -0.748031 0.527559 
vn 0.0472441 -1 -0.0708661 
vn 0.0472441 -1 -0.0708661 
vn 0.0472441 -1 -0.0708661 
vn 0.0472441 -1 -0.0708661 
vn 0.377953 -0.771654 0.511811 
vn 0.377953 -0.771654 0.511811 
vn 0.377953 -0.771654 0.511811 
vn 0.377953 -0.771654 0.511811 
vn -0.259843 -0.755906 0.598425 
vn -0.259843 -0.755906 0.598425 
vn -0.259843 -0.755906 0.598425 
vn -0.259843 -0.755906 0.598425 
vn -0.409449 -0.771654 0.488189 
vn -0.409449 -0.771654 0.488189 
vn -0.409449 -0.771654 0.488189 
vn -0.409449 -0.771654 0.488189 
vn 0.0866142 -0.992126 -0.0551181 
vn 0.0866142 -0.992126 -0.0551181 
vn 0.0866142 -0.992126 -0.0551181 
vn 0.0866142 -0.992126 -0.0551181 
vn -0.212598 -0.748031 0.629921 
vn -0.212598 -0.748031 0.629921 
vn -0.212598 -0.748031 0.629921 
vn -0.212598 -0.748031 0.629921 
vn 0.385827 -0.80315 0.456693 
vn 0.385827 -0.80315 0.456693 
vn 0.385827 -0.80315 0.456693 
vn 0.385827 -0.80315 0.456693 
vn -0.251969 -0.748031 0.614173 
vn -0.251969 -0.748031 0.614173 
vn -0.251969 -0.748031 0.614173 
vn -0.251969 -0.748031 0.614173 
vn 0.385827 -0.771654 0.496063 
vn 0.385827 -0.771654 0.496063 
vn 0.385827 -0.771654 0.496063 
vn 0.385827 -0.771654 0.496063 
vn -0.346457 -0.874016 -0.338583 
vn -0.346457 -0.874016 -0.338583 
vn -0.346457 -0.874016 -0.338583 
vn -0.346457 -0.874016 -0.338583 
vn -0.0629921 -0.858268 0.503937 
vn -0.0629921 -0.858268 0.503937 
vn -0.0629921 -0.858268 0.503937 
vn -0.0629921 -0.858268 0.503937 
vn -0.417323 -0.850394 -0.307087 
vn -0.417323 -0.850394 -0.307087 
vn -0.417323 -0.850394 -0.307087 
vn -0.417323 -0.850394 -0.307087 
vn -0.440945 -0.795276 0.401575 
vn -0.440945 -0.795276 0.401575 
vn -0.440945 -0.795276 0.401575 
vn -0.440945 -0.795276 0.401575 
vn 0.181102 -0.984252 -0.0629921 
vn 0.181102 -0.984252 -0.0629921 
vn 0.181102 -0.984252 -0.0629921 
vn 0.181102 -0.984252 -0.0629921 
vn 0.015748 -0.874016 0.480315 
vn 0.015748 -0.874016 0.480315 
vn 0.015748 -0.874016 0.480315 
vn 0.015748 -0.874016 0.480315 
vn -0.448819 -0.84252 -0.299213 
vn -0.448819 -0.84252 -0.299213 
vn -0.448819 -0.84252 -0.299213 
vn -0.448819 -0.84252 -0.299213 
vn 0.425197 -0.708661 0.559055 
vn 0.425197 -0.708661 0.559055 
vn 0.425197 -0.708661 0.559055 
vn 0.425197 -0.708661 0.559055 
vn -0.464567 -0.748031 0.472441 
vn -0.464567 -0.748031 0.472441 
vn -0.464567 -0.748031 0.472441 
vn -0.464567 -0.748031 0.472441 
vn -0.346457 -0.716535 0.606299 
vn -0.346457 -0.716535 0.606299 
vn -0.346457 -0.716535 0.606299 
vn -0.346457 -0.716535 0.606299 
vn 0.110236 -0.984252 -0.110236 
vn 0.110236 -0.984252 -0.110236 
vn 0.110236 -0.984252 -0.110236 
vn 0.110236 -0.984252 -0.110236 
vn 0.0472441 -0.88189 0.472441 
vn 0.0472441 -0.88189 0.472441 
vn 0.0472441 -0.88189 0.472441 
vn 0.0472441 -0.88189 0.472441 
vn -0.464567 -0.732283 0.496063 
vn -0.464567 -0.732283 0.496063 
vn -0.464567 -0.732283 0.496063 
vn -0.464567 -0.732283 0.496063 
vn 0.0944882 -0.984252 -0.133858 
vn 0.0944882 -0.984252 -0.133858 
vn 0.0944882 -0.984252 -0.133858 
vn 0.0944882 -0.984252 -0.133858 
vn -0.275591 -0.700787 0.653543 
vn -0.275591 -0.700787 0.653543 
vn -0.275591 -0.700787 0.653543 
vn -0.275591 -0.700787 0.653543 
vn 0.448819 -0.748031 0.488189 
vn 0.448819 -0.748031 0.488189 
vn 0.448819 -0.748031 0.488189 
vn 0.448819 -0.748031 0.488189 
vn 0.456693 -0.76378 0.456693 
vn 0.456693 -0.76378 0.456693 
vn 0.456693 -0.76378 0.456693 
vn 0.456693 -0.76378 0.456693 
vn -0.251969 -0.692913 0.669291 
vn -0.251969 -0.692913 0.669291 
vn -0.251969 -0.692913 0.669291 
vn -0.251969 -0.692913 0.669291 
vn -1 -0.0551181 0.0393701 
vn 0.417323 -0.385827 -0.826772 
vn 0.417323 -0.385827 -0.826772 
vn 0.417323 -0.385827 -0.826772 
vn 0.417323 -0.385827 -0.826772 
vn 0.417323 -0.385827 -0.826772 
vn 0.417323 -0.385827 -0.826772 
vn 0.417323 -0.385827 -0.826772 
vn 0.417323 -0.385827 -0.826772 
vn 1 -0.0551181 0.0629921 
vn 0.464567 -0.377953 -0.80315 
vn 0.464567 -0.377953 -0.80315 
vn 0.464567 -0.377953 -0.80315 
vn 0.464567 -0.377953 -0.80315 
vn -0.503937 -0.0472441 -0.858268 
vn -0.503937 -0.0472441 -0.858268 
vn -0.503937 -0.0472441 -0.858268 
vn -0.503937 -0.0472441 -0.858268 
vn -0.503937 -0.0472441 -0.858268 
vn -0.503937 -0.0472441 -0.858268 
vn -0.503937 -0.0472441 -0.858268 
vn -0.503937 -0.0472441 -0.858268 
vn -0.464567 -0.0551181 -0.88189 
vn -0.464567 -0.0551181 -0.88189 
vn -0.464567 -0.0551181 -0.88189 
vn -0.464567 -0.0551181 -0.88189 
vn 0.488189 -0.0944882 0.866142 
vn 0.488189 -0.0944882 0.866142 
vn -1 -0.0551181 0.015748 
vn -1 -0.0551181 0.015748 
vn -0.409449 0.251969 0.874016 
vn 1 -0.0708661 0.0314961 
vn 0.425197 -0.377953 -0.818898 
vn 0.425197 -0.377953 -0.818898 
vn 0.425197 -0.377953 -0.818898 
vn 0.425197 -0.377953 -0.818898 
vn -0.496063 -0.0393701 -0.866142 
vn -0.496063 -0.0393701 -0.866142 
vn -0.496063 -0.0393701 -0.866142 
vn -0.496063 -0.0393701 -0.866142 
vn -0.188976 -0.354331 -0.913386 
vn -0.188976 -0.354331 -0.913386 
vn -0.188976 -0.354331 -0.913386 
vn -0.188976 -0.354331 -0.913386 
vn 0.889764 -0.251969 -0.377953 
vn 0.133858 -0.173228 -0.976378 
vn 0.133858 -0.173228 -0.976378 
vn 0.133858 -0.173228 -0.976378 
vn 0.133858 -0.173228 -0.976378 
vn -0.582677 0.385827 0.716535 
vn -0.496063 -0.283465 -0.818898 
vn -0.496063 -0.283465 -0.818898 
vn -0.496063 -0.283465 -0.818898 
vn -0.496063 -0.283465 -0.818898 
vn 0.96063 -0.267717 0.0866142 
vn 0.503937 0.165354 0.84252 
vn 0.559055 -0.496063 -0.669291 
vn 0.559055 -0.496063 -0.669291 
vn 0.559055 -0.496063 -0.669291 
vn 0.559055 -0.496063 -0.669291 
vn -0.551181 -0.464567 -0.692913 
vn -0.551181 -0.464567 -0.692913 
vn -0.551181 -0.464567 -0.692913 
vn -0.551181 -0.464567 -0.692913 
vn 0.984252 -0.149606 -0.102362 
vn 0.984252 -0.149606 -0.102362 
vn 0.425197 -0.212598 -0.88189 
vn 0.425197 -0.212598 -0.88189 
vn 0.425197 -0.212598 -0.88189 
vn 0.425197 -0.212598 -0.88189 
vn 0.149606 0 0.992126 
vn 0.149606 0 0.992126 
vn 0.149606 0 0.992126 
vn 0.937008 0.133858 0.338583 
vn 0.937008 0.133858 0.338583 
vn -0.92126 -0.244094 -0.291339 
vn -0.92126 -0.244094 -0.291339 
vn 0.724409 -0.322835 -0.606299 
vn -0.149606 -0.125984 -0.984252 
vn -0.149606 -0.125984 -0.984252 
vn -0.149606 -0.125984 -0.984252 
vn -0.149606 -0.125984 -0.984252 
vn 0.307087 0.582677 -0.755906 
vn 0.307087 0.582677 -0.755906 
vn 0.307087 0.582677 -0.755906 
vn 0.307087 0.582677 -0.755906 
vn 0.291339 0.590551 -0.748031 
vn 0.291339 0.590551 -0.748031 
vn 0.291339 0.590551 -0.748031 
vn 0.291339 0.590551 -0.748031 
vn 0.354331 0.598425 -0.716535 
vn 0.354331 0.598425 -0.716535 
vn 0.354331 0.598425 -0.716535 
vn 0.354331 0.598425 -0.716535 
vn 0.314961 0.606299 -0.732283 
vn 0.314961 0.606299 -0.732283 
vn 0.314961 0.606299 -0.732283 
vn 0.314961 0.606299 -0.732283 
vn -0.96063 0.0944882 0.251969 
vn 0.338583 0.606299 -0.716535 
vn 0.338583 0.606299 -0.716535 
vn 0.338583 0.606299 -0.716535 
vn 0.338583 0.606299 -0.716535 
vn 0.165354 -0.377953 -0.913386 
vn 0.165354 -0.377953 -0.913386 
vn 0.165354 -0.377953 -0.913386 
vn 0.165354 -0.377953 -0.913386 
vn -0.149606 0.259843 0.952756 
vn -0.149606 0.259843 0.952756 
vn -0.708661 0.0314961 -0.708661 
vn -0.708661 0.0314961 -0.708661 
vn -0.708661 0.0314961 -0.708661 
vn 0.330709 0.614173 -0.716535 
vn 0.330709 0.614173 -0.716535 
vn 0.330709 0.614173 -0.716535 
vn 0.330709 0.614173 -0.716535 
vn 0.952756 -0.212598 -0.204724 
vn -0.527559 0.724409 -0.440945 
vn 0.283465 0.629921 -0.716535 
vn 0.283465 0.629921 -0.716535 
vn 0.283465 0.629921 -0.716535 
vn 0.283465 0.629921 -0.716535 
vn -0.519685 0.716535 -0.464567 
vn 0.307087 0.637795 -0.708661 
vn 0.307087 0.637795 -0.708661 
vn 0.307087 0.637795 -0.708661 
vn 0.307087 0.637795 -0.708661 
vn 0.535433 0.700787 -0.472441 
vn 0.535433 0.700787 -0.472441 
vn 0.377953 0.653543 -0.653543 
vn 0.377953 0.653543 -0.653543 
vn 0.377953 0.653543 -0.653543 
vn 0.377953 0.653543 -0.653543 
vn 0.535433 0.716535 -0.456693 
vn -0.338583 0.472441 0.818898 
vn -0.716535 -0.19685 -0.669291 
vn -0.0629921 0.834646 -0.543307 
vn 0.307087 -0.543307 -0.779528 
vn 0.307087 -0.543307 -0.779528 
vn 0.307087 -0.543307 -0.779528 
vn 0.307087 -0.543307 -0.779528 
vn 0.724409 0.110236 0.677165 
vn -0.267717 -0.511811 -0.818898 
vn -0.267717 -0.511811 -0.818898 
vn -0.267717 -0.511811 -0.818898 
vn -0.267717 -0.511811 -0.818898 
vn 0.677165 -0.220472 -0.700787 
vn 0.677165 -0.220472 -0.700787 
vn 0.677165 -0.220472 -0.700787 
vn 0.677165 -0.220472 -0.700787 
vn 0.346457 0.76378 -0.543307 
vn -0.370079 0.787402 -0.496063 
vn -0.362205 0.795276 -0.488189 
vn 0.23622 0.76378 -0.606299 
vn -0.0551181 1 0.0393701 
vn -0.984252 0.0314961 -0.188976 
vn -0.23622 -0.511811 -0.826772 
vn -0.23622 -0.511811 -0.826772 
vn -0.23622 -0.511811 -0.826772 
vn -0.23622 -0.511811 -0.826772 
vn 0.0629921 -0.551181 -0.826772 
vn 0.0629921 -0.551181 -0.826772 
vn 0.0629921 -0.551181 -0.826772 
vn 0.0629921 -0.551181 -0.826772 
vn 0.15748 0.874016 -0.464567 
vn 0.19685 0.826772 -0.527559 
vn 0 -0.551181 -0.834646 
vn 0 -0.551181 -0.834646 
vn 0 -0.551181 -0.834646 
vn 0 -0.551181 -0.834646 
vn 0.897638 0.0314961 0.433071 
vn 0.023622 0.511811 0.858268 
vn -0.00787402 -0.511811 -0.858268 
vn -0.00787402 -0.511811 -0.858268 
vn -0.00787402 -0.511811 -0.858268 
vn -0.00787402 -0.511811 -0.858268 
vn 0.84252 -0.220472 -0.496063 
vn -0.0551181 -0.551181 -0.834646 
vn -0.0551181 -0.551181 -0.834646 
vn -0.0551181 -0.551181 -0.834646 
vn -0.0551181 -0.551181 -0.834646 
vn 0.811024 -0.259843 -0.527559 
vn 0.811024 -0.259843 -0.527559 
vn 0.92126 0.023622 0.385827 
vn -0.0393701 0.551181 0.834646 
vn -0.88189 -0.0472441 -0.464567 
vn -0.88189 -0.0472441 -0.464567 
vn 0.0629921 -0.511811 -0.858268 
vn 0.0629921 -0.511811 -0.858268 
vn 0.0629921 -0.511811 -0.858268 
vn 0.0629921 -0.511811 -0.858268 
vn 0.874016 0.102362 0.472441 
vn 0.023622 0.858268 -0.511811 
vn -0.574803 0.204724 0.795276 
vn 0.275591 0.834646 -0.480315 
vn -0.244094 0.834646 -0.496063 
vn -0.409449 0.527559 0.740157 
vn -0.645669 -0.133858 -0.755906 
vn -0.645669 -0.133858 -0.755906 
vn -0.645669 -0.133858 -0.755906 
vn -0.645669 -0.133858 -0.755906 
vn -0.96063 0.275591 0.0787402 
vn -0.425197 -0.480315 -0.76378 
vn -0.425197 -0.480315 -0.76378 
vn -0.425197 -0.480315 -0.76378 
vn -0.425197 -0.480315 -0.76378 
vn 0.992126 -0.0866142 0.023622 
vn 0.551181 -0.204724 -0.811024 
vn 0.551181 -0.204724 -0.811024 
vn 0.551181 -0.204724 -0.811024 
vn 0.551181 -0.204724 -0.811024 
vn 0.440945 -0.440945 -0.787402 
vn 0.440945 -0.440945 -0.787402 
vn 0.440945 -0.440945 -0.787402 
vn 0.440945 -0.440945 -0.787402 
vn -0.425197 0.212598 0.88189 
vn 0.503937 0.811024 -0.307087 
vn 0.488189 0.755906 -0.433071 
vn -0.259843 -0.826772 0.496063 
vn -0.566929 -0.409449 -0.708661 
vn -0.566929 -0.409449 -0.708661 
vn -0.566929 -0.409449 -0.708661 
vn -0.566929 -0.409449 -0.708661 
vn 0.984252 -0.102362 -0.141732 
vn 0.417323 -0.149606 -0.897638 
vn 0.417323 -0.149606 -0.897638 
vn 0.417323 -0.149606 -0.897638 
vn 0.417323 -0.149606 -0.897638 
vn -0.496063 0.637795 -0.590551 
vn 0.299213 0.677165 -0.669291 
vn 0.299213 0.677165 -0.669291 
vn 0.299213 0.677165 -0.669291 
vn 0.401575 0.84252 0.354331 
vn -0.385827 -0.173228 -0.905512 
vn -0.385827 -0.173228 -0.905512 
vn -0.385827 -0.173228 -0.905512 
vn -0.385827 -0.173228 -0.905512 
vn -0.023622 0.858268 -0.511811 
vn 0.519685 -0.220472 -0.826772 
vn 0.519685 -0.220472 -0.826772 
vn 0.519685 -0.220472 -0.826772 
vn 0.519685 -0.220472 -0.826772 
vn 0.377953 -0.220472 -0.897638 
vn 0.377953 -0.220472 -0.897638 
vn 0.377953 -0.220472 -0.897638 
vn 0.377953 -0.220472 -0.897638 
vn 0.401575 -0.220472 -0.889764 
vn 0.401575 -0.220472 -0.889764 
vn 0.401575 -0.220472 -0.889764 
vn 0.401575 -0.220472 -0.889764 
vn -0.377953 0.0944882 -0.92126 
vn -0.377953 0.0944882 -0.92126 
vn -0.377953 0.0944882 -0.92126 
vn -0.377953 0.0944882 -0.92126 
vn -0.511811 0.133858 -0.850394 
vn -0.511811 0.133858 -0.850394 
vn -0.511811 0.133858 -0.850394 
vn -0.511811 0.133858 -0.850394 
vn -0.496063 0.125984 -0.858268 
vn -0.496063 0.125984 -0.858268 
vn -0.496063 0.125984 -0.858268 
vn -0.496063 0.125984 -0.858268 
vn -0.015748 -0.84252 0.543307 
vn -0.023622 -0.992126 0.149606 
vn 0.165354 -0.84252 0.519685 
vn -0.362205 -0.779528 0.519685 
vn -0.393701 -0.787402 0.480315 
vn -0.212598 -0.771654 0.590551 
vn -0.23622 -0.771654 0.590551 
vn -0.00787402 -0.0629921 -1 
vn -0.00787402 -0.0629921 -1 
vn -0.00787402 -0.0629921 -1 
vn -0.00787402 -0.0629921 -1 
vn 0.401575 -0.23622 -0.88189 
vn 0.401575 -0.23622 -0.88189 
vn 0.401575 -0.23622 -0.88189 
vn 0.401575 -0.251969 -0.88189 
vn 0.401575 -0.251969 -0.88189 
vn 0.401575 -0.251969 -0.88189 
vn -0.496063 0.110236 -0.858268 
vn -0.496063 0.110236 -0.858268 
vn -0.496063 0.110236 -0.858268 
vn -0.496063 0.102362 -0.866142 
vn -0.496063 0.102362 -0.866142 
vn -0.496063 0.102362 -0.866142 
vn -0.11811 -0.015748 -0.992126 
vn -0.11811 -0.015748 -0.992126 
vn -0.11811 -0.015748 -0.992126 
vn -0.11811 -0.015748 -0.992126 

vt 59.6311 -51.2885 
vt 61.9026 -51.0904 
vt 61.8018 -51.119 
vt 61.8284 -51.1372 
vt 61.8369 -51.1243 
vt 61.8103 -51.1061 
vt 61.8284 -51.1372 
vt 61.8537 -51.1545 
vt 61.8623 -51.1417 
vt 61.8369 -51.1243 
vt 64.2317 -51.9801 
vt 61.8537 -51.1545 
vt 61.879 -51.1694 
vt 61.8875 -51.1565 
vt 61.8623 -51.1417 
vt 60.0073 -51.077 
vt 60.1117 -51.1352 
vt 60.1063 -51.2416 
vt 62.0174 -51.0956 
vt 62.1915 -51.2149 
vt 62.2524 -51.1229 
vt 62.0782 -51.0038 
vt 64.1078 -51.6594 
vt 59.7632 -51.3052 
vt 59.7651 -51.2616 
vt 59.6608 -51.2883 
vt 59.6602 -51.3032 
vt 61.9898 -51.1636 
vt 61.879 -51.1694 
vt 61.9648 -51.2014 
vt 61.8875 -51.1565 
vt 61.7367 -51.0554 
vt 61.8018 -51.119 
vt 61.8103 -51.1061 
vt 61.7617 -51.0177 
vt 64.1415 -51.9359 
vt 64.2317 -51.9801 
vt 64.2376 -51.9659 
vt 64.159 -51.8941 
vt 59.7858 -51.08 
vt 61.6303 -50.8586 
vt 59.7651 -51.2616 
vt 59.7632 -51.3052 
vt 60.019 -51.2623 
vt 60.0241 -51.1556 
vt 62.127 -51.214 
vt 62.2283 -51.1485 
vt 62.2849 -51.0541 
vt 63.8574 -51.7354 
vt 64.1415 -51.9359 
vt 64.159 -51.8941 
vt 63.8998 -51.6341 
vt 60.6053 -50.5884 
vt 60.5975 -50.748 
vt 61.0292 -50.0891 
vt 61.9876 -50.6432 
vt 62.0791 -50.5051 
vt 61.7554 -50.5 
vt 61.8472 -50.3614 
vt 62.554 -50.7378 
vt 62.2424 -50.7332 
vt 62.3276 -50.5909 
vt 63.2455 -50.9538 
vt 63.1817 -51.1071 
vt 63.4547 -51.0012 
vt 63.3924 -51.1544 
vt 63.5549 -50.6002 
vt 61.9786 -50.5017 
vt 61.7046 -50.3356 
vt 62.0641 -50.3589 
vt 61.7903 -50.1925 
vt 61.0848 -50.6018 
vt 61.0756 -50.762 
vt 61.3218 -50.6792 
vt 63.3849 -50.8506 
vt 61.0059 -50.0758 
vt 62.3054 -50.7706 
vt 62.5725 -50.943 
vt 62.6645 -50.8041 
vt 62.3973 -50.632 
vt 62.5312 -50.9697 
vt 62.2765 -50.8012 
vt 63.5202 -51.2411 
vt 62.0053 -50.6301 
vt 60.5951 -50.8937 
vt 60.151 -50.6837 
vt 60.5951 -50.8937 
vt 60.1117 -51.1352 
vt 60.5858 -51.0462 
vt 60.1063 -51.2416 
vt 62.4438 -51.1016 
vt 59.8252 -50.1659 
vt 59.7984 -50.2729 
vt 60.1785 -50.1883 
vt 60.2184 -50.0355 
vt 62.4452 -51.0509 
vt 63.4594 -51.3868 
vt 63.8574 -51.7354 
vt 63.8998 -51.6341 
vt 63.5202 -51.2411 
vt 63.9141 -50.9237 
vt 63.2929 -51.0249 
vt 60.5475 -50.0126 
vt 60.7701 -50.6714 
vt 62.9141 -50.9768 
vt 63.1817 -51.1071 
vt 63.2455 -50.9538 
vt 62.9787 -50.8234 
vt 63.5549 -50.6002 
vt 63.3133 -50.7526 
vt 63.5297 -50.7628 
vt 63.3394 -50.5896 
vt 60.5951 -50.8937 
vt 60.5858 -51.0462 
vt 60.9145 -50.9159 
vt 60.9248 -50.7558 
vt 60.2184 -50.0355 
vt 60.5051 -50.173 
vt 60.5475 -50.0126 
vt 60.1785 -50.1883 
vt 60.9248 -50.7558 
vt 60.9145 -50.9159 
vt 61.0704 -50.8733 
vt 61.0806 -50.7131 
vt 60.7077 -50.0303 
vt 60.5051 -50.173 
vt 60.6654 -50.1907 
vt 60.5475 -50.0126 
vt 63.0892 -50.9195 
vt 63.2289 -51.1778 
vt 63.4594 -51.3868 
vt 63.5202 -51.2411 
vt 63.2929 -51.0249 
vt 63.6784 -50.6567 
vt 63.6529 -50.8191 
vt 63.9383 -50.769 
vt 63.9141 -50.9237 
vt 61.3218 -50.6792 
vt 61.5424 -50.8292 
vt 61.5567 -50.676 
vt 61.3119 -50.8398 
vt 61.1918 -50.188 
vt 60.9089 -50.2528 
vt 61.1469 -50.3396 
vt 60.951 -50.0918 
vt 61.6408 -50.2688 
vt 61.6008 -50.4234 
vt 62.9936 -50.5933 
vt 63.3133 -50.7526 
vt 63.3394 -50.5896 
vt 62.9723 -50.7496 
vt 62.9787 -50.8234 
vt 62.6051 -50.8521 
vt 62.9141 -50.9768 
vt 62.6637 -50.7035 
vt 62.0578 -50.3617 
vt 62.8629 -50.4897 
vt 62.668 -50.8217 
vt 62.5006 -50.7139 
vt 61.6129 -50.5959 
vt 62.3886 -50.8661 
vt 61.1469 -50.3396 
vt 61.5449 -50.509 
vt 61.5663 -50.4177 
vt 61.1918 -50.188 
vt 62.2496 -50.7039 
vt 62.9723 -50.7496 
vt 62.9936 -50.5933 
vt 62.4792 -50.6607 
vt 62.4636 -50.7522 
vt 62.0801 -50.7223 
vt 61.5315 -50.5027 
vt 61.9568 -50.7457 
vt 61.9603 -50.7298 
vt 61.5529 -50.4114 
vt 62.1173 -50.7615 
vt 62.4637 -50.8011 
vt 62.1145 -50.7774 
vt 62.4636 -50.7522 
vt 62.1173 -50.7615 
vt 62.4792 -50.6607 
vt 61.9646 -50.8054 
vt 62.3639 -50.7156 
vt 62.0717 -50.7362 
vt 62.3158 -50.7958 
vt 62.0801 -50.7223 
vt 61.9888 -50.6943 
vt 62.0135 -50.7102 
vt 62.0218 -50.6963 
vt 61.9972 -50.6803 
vt 62.0503 -50.709 
vt 62.0135 -50.7102 
vt 62.0419 -50.723 
vt 62.0218 -50.6963 
vt 62.0801 -50.7223 
vt 62.0419 -50.723 
vt 62.0717 -50.7362 
vt 62.0503 -50.709 
vt 62.0246 -50.5862 
vt 61.8294 -50.9783 
vt 62.1768 -50.8472 
vt 62.0641 -50.3589 
vt 61.6968 -50.3588 
vt 61.9786 -50.5017 
vt 61.7823 -50.216 
vt 61.0059 -50.0758 
vt 60.6654 -50.1907 
vt 60.9645 -50.2367 
vt 60.7077 -50.0303 
vt 62.3276 -50.5909 
vt 62.506 -50.9545 
vt 62.5915 -50.8119 
vt 62.506 -50.9545 
vt 62.3276 -50.5909 
vt 62.2424 -50.7332 
vt 61.9042 -50.8075 
vt 61.6954 -50.8545 
vt 61.8475 -50.902 
vt 61.7524 -50.7594 
vt 59.7819 -50.1791 
vt 59.8878 -50.276 
vt 59.9143 -50.1692 
vt 59.7553 -50.2866 
vt 60.7501 -48.6311 
vt 64.7208 -50.9305 
vt 64.7207 -50.9026 
vt 63.2089 -48.6334 
vt 64.7224 -50.8517 
vt 59.2789 -50.8284 
vt 60.851 -53.2508 
vt 59.2789 -50.879 
vt 63.3628 -53.4031 
vt 63.4415 -53.3598 
vt 63.439 -53.3621 
vt 60.7395 -49.0073 
vt 60.5655 -49.1117 
vt 64.3882 -50.8475 
vt 64.3907 -50.6645 
vt 62.7028 -48.8252 
vt 59.6046 -51.0782 
vt 61.2933 -53.1969 
vt 61.1031 -53.1078 
vt 63.3026 -53.0563 
vt 64.6581 -50.7836 
vt 63.4829 -53.2615 
vt 60.653 -48.7632 
vt 60.6405 -48.7651 
vt 63.0149 -48.6186 
vt 59.3453 -50.9648 
vt 63.2564 -48.7442 
vt 59.3405 -50.7617 
vt 64.6515 -51.0138 
vt 60.7722 -53.1415 
vt 63.2439 -53.3939 
vt 63.2513 -53.3869 
vt 64.4556 -50.6954 
vt 61.2174 -53.2179 
vt 61.2279 -53.1763 
vt 63.4931 -53.0204 
vt 61.1552 -48.7858 
vt 63.3112 -49.0829 
vt 59.6175 -50.6303 
vt 60.5864 -49.0241 
vt 62.7833 -48.7819 
vt 59.5506 -51.127 
vt 64.3714 -51.2283 
vt 64.3792 -51.2849 
vt 60.7004 -52.8998 
vt 62.9324 -53.2448 
vt 62.9144 -53.2617 
vt 61.5396 -49.5621 
vt 61.259 -49.6053 
vt 61.3046 -49.5975 
vt 62.9692 -50.0292 
vt 60.3905 -51.0791 
vt 60.5073 -50.7554 
vt 60.4929 -50.8472 
vt 63.4849 -51.554 
vt 63.5848 -51.2424 
vt 63.5947 -51.3276 
vt 60.9861 -52.2455 
vt 62.3333 -52.5549 
vt 62.3607 -52.5297 
vt 62.6419 -52.4965 
vt 62.6138 -52.5202 
vt 64.6555 -50.9558 
vt 64.7217 -50.9105 
vt 64.7217 -50.8839 
vt 64.6569 -50.8789 
vt 63.1784 -48.6238 
vt 63.0885 -48.667 
vt 63.1704 -48.7048 
vt 63.1504 -48.6111 
vt 59.3434 -50.9162 
vt 59.2776 -50.8369 
vt 59.2785 -50.8623 
vt 59.3423 -50.8404 
vt 64.6555 -50.9558 
vt 64.6547 -51.0371 
vt 64.7217 -50.9105 
vt 64.7218 -50.9384 
vt 64.7234 -50.8596 
vt 64.661 -50.8069 
vt 64.6569 -50.8789 
vt 64.7217 -50.8839 
vt 63.3244 -53.3486 
vt 63.3876 -53.3897 
vt 63.4137 -53.3747 
vt 63.4013 -53.306 
vt 60.7141 -48.7249 
vt 60.7458 -48.6318 
vt 60.7207 -48.6473 
vt 60.7893 -48.6803 
vt 64.3905 -51.0912 
vt 64.6555 -50.9558 
vt 64.6569 -50.8789 
vt 64.3947 -50.9042 
vt 63.2078 -48.637 
vt 63.1704 -48.7048 
vt 63.2564 -48.7442 
vt 63.1784 -48.6238 
vt 59.3405 -50.7617 
vt 59.2766 -50.8103 
vt 59.3423 -50.8404 
vt 59.2776 -50.8369 
vt 64.3947 -50.9042 
vt 64.6569 -50.8789 
vt 64.661 -50.8069 
vt 64.4622 -50.7524 
vt 63.0885 -48.667 
vt 63.1504 -48.6111 
vt 63.1243 -48.5982 
vt 63.0114 -48.6294 
vt 63.1514 -50.7046 
vt 63.2461 -51.0641 
vt 63.159 -50.7903 
vt 59.3417 -50.9898 
vt 59.2785 -50.8623 
vt 59.2776 -50.8875 
vt 59.3434 -50.9162 
vt 61.1383 -50.0848 
vt 60.9189 -50.3218 
vt 61.6377 -52.3241 
vt 61.9642 -52.3849 
vt 63.0952 -49.0067 
vt 63.1704 -48.7048 
vt 63.0885 -48.667 
vt 62.8941 -48.9143 
vt 63.2439 -53.3939 
vt 63.3602 -53.4054 
vt 63.3876 -53.3897 
vt 63.3244 -53.3486 
vt 64.6547 -51.0371 
vt 64.6555 -50.9558 
vt 64.3792 -51.2849 
vt 64.3905 -51.0912 
vt 59.6046 -51.0782 
vt 59.3423 -50.8404 
vt 59.3434 -50.9162 
vt 59.6028 -50.8901 
vt 62.306 -50.0059 
vt 61.9789 -49.951 
vt 61.9929 -49.9089 
vt 62.9783 -51.8021 
vt 62.7212 -52.0553 
vt 62.9489 -51.824 
vt 60.8434 -51.6645 
vt 60.7474 -51.3973 
vt 63.439 -53.3621 
vt 63.4753 -53.2681 
vt 63.4013 -53.306 
vt 63.4137 -53.3747 
vt 63.0885 -48.667 
vt 62.7833 -48.7819 
vt 62.8941 -48.9143 
vt 63.0114 -48.6294 
vt 60.7893 -48.6803 
vt 60.7722 -48.6155 
vt 60.7458 -48.6318 
vt 60.8674 -48.6332 
vt 59.5421 -51.1881 
vt 59.3434 -50.9162 
vt 59.3417 -50.9898 
vt 59.6046 -51.0782 
vt 60.6405 -48.7651 
vt 60.7207 -48.6473 
vt 60.6954 -48.6608 
vt 60.7141 -48.7249 
vt 63.1142 -53.1598 
vt 63.3244 -53.3486 
vt 63.4013 -53.306 
vt 63.3026 -53.0563 
vt 63.2564 -48.7442 
vt 63.0952 -49.0067 
vt 63.3032 -49.1083 
vt 63.1704 -48.7048 
vt 59.6078 -50.691 
vt 59.3405 -50.7617 
vt 59.6028 -50.8901 
vt 59.3423 -50.8404 
vt 60.7395 -49.0073 
vt 60.7893 -48.6803 
vt 60.7141 -48.7249 
vt 60.9253 -48.8983 
vt 63.3026 -53.0563 
vt 63.4753 -53.2681 
vt 63.4744 -53.0363 
vt 63.4013 -53.306 
vt 60.7141 -48.7249 
vt 60.5864 -49.0241 
vt 60.7395 -49.0073 
vt 60.6405 -48.7651 
vt 62.9144 -53.2617 
vt 63.2439 -53.3939 
vt 63.3244 -53.3486 
vt 63.1142 -53.1598 
vt 63.9513 -50.9866 
vt 64.3947 -50.9042 
vt 64.397 -50.7213 
vt 63.959 -50.7246 
vt 60.9253 -48.8983 
vt 60.8674 -48.6332 
vt 60.7893 -48.6803 
vt 61.1244 -48.7898 
vt 63.9452 -51.2581 
vt 64.3905 -51.0912 
vt 64.3947 -50.9042 
vt 63.9513 -50.9866 
vt 62.8941 -48.9143 
vt 62.3549 -49.2184 
vt 62.6304 -49.3498 
vt 62.7028 -48.8252 
vt 60.0459 -51.5312 
vt 59.6046 -51.0782 
vt 59.6083 -51.2524 
vt 60.0451 -51.2765 
vt 60.7004 -52.8998 
vt 61.0435 -52.7058 
vt 60.7596 -52.5202 
vt 62.9211 -49.4841 
vt 63.0952 -49.0067 
vt 62.8941 -48.9143 
vt 62.6304 -49.3498 
vt 63.9056 -51.5266 
vt 64.3792 -51.2849 
vt 64.3905 -51.0912 
vt 63.9452 -51.2581 
vt 60.0451 -51.2765 
vt 59.6028 -50.8901 
vt 59.6046 -51.0782 
vt 60.0424 -51.0053 
vt 63.0857 -52.6635 
vt 63.3026 -53.0563 
vt 63.483 -52.9554 
vt 63.3479 -52.5218 
vt 63.9518 -50.6433 
vt 61.6175 -52.9239 
vt 60.5914 -49.5951 
vt 60.7395 -49.0073 
vt 60.5655 -49.1117 
vt 60.8465 -49.4474 
vt 62.8127 -52.8133 
vt 63.1142 -53.1598 
vt 63.3026 -53.0563 
vt 63.0857 -52.6635 
vt 60.0733 -50.7052 
vt 59.6078 -50.691 
vt 60.0424 -51.0053 
vt 59.6028 -50.8901 
vt 63.2146 -49.6444 
vt 63.3032 -49.1083 
vt 63.0952 -49.0067 
vt 62.9211 -49.4841 
vt 60.8465 -49.4474 
vt 60.9253 -48.8983 
vt 60.7395 -49.0073 
vt 61.115 -49.2899 
vt 62.517 -52.9383 
vt 62.9144 -53.2617 
vt 63.1142 -53.1598 
vt 62.8127 -52.8133 
vt 61.115 -49.2899 
vt 61.1244 -48.7898 
vt 60.9253 -48.8983 
vt 61.4199 -49.151 
vt 60.6338 -49.5858 
vt 60.0558 -51.4438 
vt 62.3682 -49.1785 
vt 63.2262 -49.6079 
vt 60.0871 -50.6178 
vt 60.7753 -52.4594 
vt 62.543 -52.9141 
vt 63.5947 -51.3276 
vt 63.5923 -51.5915 
vt 63.9452 -51.2581 
vt 63.9056 -51.5266 
vt 61.0435 -52.7058 
vt 60.8804 -52.2929 
vt 60.7596 -52.5202 
vt 61.1833 -52.4547 
vt 63.601 -51.0418 
vt 63.5947 -51.3276 
vt 63.9513 -50.9866 
vt 63.9452 -51.2581 
vt 63.9513 -50.9866 
vt 63.959 -50.7246 
vt 63.601 -51.0418 
vt 63.6091 -50.7668 
vt 61.4843 -52.6021 
vt 61.0435 -52.7058 
vt 61.3305 -52.8473 
vt 61.1833 -52.4547 
vt 61.7705 -52.7425 
vt 61.3305 -52.8473 
vt 61.6035 -52.9815 
vt 61.4843 -52.6021 
vt 62.7658 -49.8269 
vt 63.2146 -49.6444 
vt 62.9211 -49.4841 
vt 63.0804 -49.952 
vt 60.3905 -51.0791 
vt 60.0733 -50.7052 
vt 60.0424 -51.0053 
vt 60.3843 -50.7657 
vt 60.0424 -51.0053 
vt 60.0451 -51.2765 
vt 60.3935 -51.3619 
vt 60.3905 -51.0791 
vt 62.9211 -49.4841 
vt 62.4613 -49.6856 
vt 62.7658 -49.8269 
vt 62.6304 -49.3498 
vt 60.0451 -51.2765 
vt 60.0459 -51.5312 
vt 60.3943 -51.6284 
vt 60.3935 -51.3619 
vt 62.6304 -49.3498 
vt 62.1727 -49.5475 
vt 62.4613 -49.6856 
vt 62.3549 -49.2184 
vt 62.3357 -52.6784 
vt 62.517 -52.9383 
vt 62.8127 -52.8133 
vt 62.6138 -52.5202 
vt 62.6138 -52.5202 
vt 62.8127 -52.8133 
vt 63.0857 -52.6635 
vt 62.9004 -52.3629 
vt 62.9004 -52.3629 
vt 63.0857 -52.6635 
vt 63.3479 -52.5218 
vt 63.1754 -52.2143 
vt 61.259 -49.6053 
vt 61.4199 -49.151 
vt 61.115 -49.2899 
vt 61.5531 -49.4301 
vt 60.9783 -49.7701 
vt 61.115 -49.2899 
vt 60.8465 -49.4474 
vt 61.259 -49.6053 
vt 60.7111 -49.9248 
vt 60.8465 -49.4474 
vt 60.5914 -49.5951 
vt 60.9783 -49.7701 
vt 61.7405 -49.779 
vt 60.7819 -50.8012 
vt 60.797 -50.7092 
vt 62.9158 -50.3203 
vt 63.1932 -51.6324 
vt 61.0413 -51.9787 
vt 62.1219 -52.3394 
vt 63.2049 -52.1931 
vt 62.1869 -49.5051 
vt 61.6377 -52.3241 
vt 61.4843 -52.6021 
vt 61.8454 -52.6086 
vt 61.7705 -52.7425 
vt 63.4345 -50.7823 
vt 63.2461 -51.0641 
vt 63.6091 -50.7668 
vt 63.601 -51.0418 
vt 63.2461 -51.0641 
vt 63.2394 -51.3517 
vt 63.601 -51.0418 
vt 63.5947 -51.3276 
vt 61.6377 -52.3241 
vt 61.1833 -52.4547 
vt 61.4843 -52.6021 
vt 61.3367 -52.1775 
vt 63.2394 -51.3517 
vt 63.1932 -51.6324 
vt 63.5947 -51.3276 
vt 63.4849 -51.554 
vt 60.9861 -52.2455 
vt 61.3367 -52.1775 
vt 61.0413 -51.9787 
vt 61.1833 -52.4547 
vt 63.0855 -52.0638 
vt 60.3935 -51.3619 
vt 60.3943 -51.6284 
vt 60.5683 -51.6507 
vt 60.7474 -51.3973 
vt 62.4613 -49.6856 
vt 62.0954 -49.7077 
vt 62.306 -50.0059 
vt 62.1727 -49.5475 
vt 62.9692 -50.0292 
vt 62.61 -50.1486 
vt 62.9158 -50.3203 
vt 62.7658 -49.8269 
vt 62.7658 -49.8269 
vt 62.306 -50.0059 
vt 62.61 -50.1486 
vt 62.4613 -49.6856 
vt 60.4929 -50.8472 
vt 60.7448 -51.1163 
vt 60.7819 -50.8012 
vt 60.3905 -51.0791 
vt 60.3905 -51.0791 
vt 60.7474 -51.3973 
vt 60.7448 -51.1163 
vt 60.3935 -51.3619 
vt 62.9004 -52.3629 
vt 63.1754 -52.2143 
vt 62.7212 -52.0553 
vt 63.0855 -52.0638 
vt 60.399 -50.674 
vt 62.7212 -52.0553 
vt 62.4338 -52.2126 
vt 62.9004 -52.3629 
vt 62.6138 -52.5202 
vt 62.4338 -52.2126 
vt 62.1219 -52.3394 
vt 62.6138 -52.5202 
vt 62.3333 -52.5549 
vt 60.7877 -50.0806 
vt 62.1095 -49.6654 
vt 60.9783 -49.7701 
vt 60.7877 -50.0806 
vt 61.1383 -50.0848 
vt 60.7111 -49.9248 
vt 62.0879 -52.0892 
vt 62.8079 -51.5835 
vt 62.8799 -50.7902 
vt 62.8784 -50.7087 
vt 61.4184 -49.9207 
vt 61.5396 -49.5621 
vt 61.259 -49.6053 
vt 61.7405 -49.779 
vt 61.1383 -50.0848 
vt 61.259 -49.6053 
vt 60.9783 -49.7701 
vt 61.4184 -49.9207 
vt 60.8969 -52.2289 
vt 62.3629 -52.6529 
vt 61.1223 -51.6495 
vt 61.1096 -50.5424 
vt 61.0699 -50.5567 
vt 61.8908 -50.1469 
vt 61.1657 -50.8161 
vt 62.7407 -50.6408 
vt 61.9597 -50.1112 
vt 62.8099 -51.6095 
vt 61.9545 -51.9936 
vt 61.9824 -51.9723 
vt 61.2399 -51.6051 
vt 61.2256 -51.6637 
vt 62.8099 -51.6095 
vt 63.2394 -51.3517 
vt 62.8466 -51.3327 
vt 63.1932 -51.6324 
vt 61.0413 -51.9787 
vt 61.516 -51.8467 
vt 61.2256 -51.6637 
vt 61.3367 -52.1775 
vt 62.8799 -50.7902 
vt 63.2461 -51.0641 
vt 63.159 -50.7903 
vt 62.8746 -51.0578 
vt 62.8746 -51.0578 
vt 63.2394 -51.3517 
vt 63.2461 -51.0641 
vt 62.8466 -51.3327 
vt 62.0764 -52.1422 
vt 61.6377 -52.3241 
vt 61.9642 -52.3849 
vt 61.7978 -52.0089 
vt 61.7978 -52.0089 
vt 61.3367 -52.1775 
vt 61.6377 -52.3241 
vt 61.516 -51.8467 
vt 60.7819 -50.8012 
vt 60.7448 -51.1163 
vt 61.1657 -50.8161 
vt 61.138 -51.1167 
vt 62.9158 -50.3203 
vt 62.4418 -50.4787 
vt 62.7407 -50.6408 
vt 62.61 -50.1486 
vt 60.7474 -51.3973 
vt 61.1223 -51.6495 
vt 61.1189 -51.3924 
vt 60.8434 -51.6645 
vt 60.7448 -51.1163 
vt 60.7474 -51.3973 
vt 61.138 -51.1167 
vt 61.1189 -51.3924 
vt 62.1556 -50.3239 
vt 62.306 -50.0059 
vt 61.9789 -49.951 
vt 61.8751 -50.1918 
vt 62.61 -50.1486 
vt 62.1556 -50.3239 
vt 62.4418 -50.4787 
vt 62.306 -50.0059 
vt 61.9545 -51.9936 
vt 62.4338 -52.2126 
vt 62.2547 -51.8629 
vt 62.1219 -52.3394 
vt 62.5422 -51.7299 
vt 62.9489 -51.824 
vt 62.8079 -51.5835 
vt 62.7212 -52.0553 
vt 62.2547 -51.8629 
vt 62.7212 -52.0553 
vt 62.5422 -51.7299 
vt 62.4338 -52.2126 
vt 61.7405 -49.779 
vt 61.4184 -49.9207 
vt 61.9166 -50.1203 
vt 61.6107 -50.2637 
vt 61.1383 -50.0848 
vt 60.9189 -50.3218 
vt 61.327 -50.4048 
vt 61.0699 -50.5567 
vt 61.4184 -49.9207 
vt 61.1383 -50.0848 
vt 61.6107 -50.2637 
vt 61.327 -50.4048 
vt 62.5078 -51.3034 
vt 62.1023 -51.668 
vt 62.4836 -50.8319 
vt 61.7989 -51.42 
vt 61.2256 -51.6637 
vt 61.516 -51.8467 
vt 61.6248 -51.3329 
vt 62.3585 -51.1978 
vt 62.8099 -51.6095 
vt 62.8466 -51.3327 
vt 62.3529 -51.3639 
vt 62.3585 -51.1978 
vt 62.8466 -51.3327 
vt 62.3642 -51.0345 
vt 62.8746 -51.0578 
vt 61.9655 -51.5006 
vt 61.516 -51.8467 
vt 61.7978 -52.0089 
vt 61.7989 -51.42 
vt 61.9655 -51.5006 
vt 61.7978 -52.0089 
vt 62.0928 -51.7043 
vt 62.0764 -52.1422 
vt 62.3642 -51.0345 
vt 62.8746 -51.0578 
vt 62.4905 -50.8801 
vt 62.8799 -50.7902 
vt 61.6304 -50.9336 
vt 61.1657 -50.8161 
vt 61.138 -51.1167 
vt 61.6302 -51.0978 
vt 61.64 -50.882 
vt 62.7407 -50.6408 
vt 62.1931 -50.8302 
vt 62.3692 -50.914 
vt 62.4418 -50.4787 
vt 61.9962 -50.6129 
vt 61.5087 -51.4404 
vt 61.8947 -50.5449 
vt 61.6298 -51.2496 
vt 61.6302 -51.0978 
vt 61.1189 -51.3924 
vt 61.138 -51.1167 
vt 61.9545 -51.9936 
vt 62.1046 -51.3894 
vt 61.9372 -51.4792 
vt 62.2547 -51.8629 
vt 62.0261 -50.7472 
vt 62.4418 -50.4787 
vt 62.1556 -50.3239 
vt 62.1931 -50.8302 
vt 61.1223 -51.6495 
vt 61.6298 -51.2496 
vt 61.1189 -51.3924 
vt 61.5087 -51.4404 
vt 61.888 -50.5663 
vt 62.1556 -50.3239 
vt 61.8751 -50.1918 
vt 62.0261 -50.7472 
vt 62.2547 -51.8629 
vt 62.2664 -51.3032 
vt 62.1046 -51.3894 
vt 62.5422 -51.7299 
vt 62.2664 -51.3032 
vt 62.5422 -51.7299 
vt 62.4926 -51.3181 
vt 62.8079 -51.5835 
vt 61.9519 -51.4636 
vt 62.1198 -51.0735 
vt 61.9962 -50.6129 
vt 61.9166 -50.1203 
vt 61.6107 -50.2637 
vt 61.8322 -50.707 
vt 61.327 -50.4048 
vt 61.6777 -50.7956 
vt 61.8322 -50.707 
vt 61.6107 -50.2637 
vt 61.4375 -50.7932 
vt 61.6777 -50.7956 
vt 61.0699 -50.5567 
vt 61.327 -50.4048 
vt 61.9655 -51.5006 
vt 62.0477 -51.1968 
vt 62.0229 -51.1808 
vt 62.0971 -51.7192 
vt 62.502 -50.8727 
vt 62.0889 -50.9972 
vt 62.3642 -51.0345 
vt 62.0849 -51.0218 
vt 61.9643 -51.1583 
vt 61.7989 -51.42 
vt 61.9944 -51.1695 
vt 61.6248 -51.3329 
vt 61.9944 -51.1695 
vt 61.9655 -51.5006 
vt 62.0229 -51.1808 
vt 61.7989 -51.42 
vt 62.3529 -51.3639 
vt 62.0855 -51.0503 
vt 62.0867 -51.0801 
vt 62.3585 -51.1978 
vt 62.0855 -51.0503 
vt 62.3585 -51.1978 
vt 62.0849 -51.0218 
vt 62.3642 -51.0345 
vt 62.0314 -50.9852 
vt 61.6512 -50.251 
vt 61.977 -50.9603 
vt 62.5064 -51.3233 
vt 62.1198 -51.0735 
vt 62.2664 -51.3032 
vt 62.0932 -51.0842 
vt 61.9057 -51.0465 
vt 61.6304 -50.9336 
vt 61.6302 -51.0978 
vt 61.9079 -51.0714 
vt 61.4974 -51.4505 
vt 61.9094 -51.0951 
vt 61.6298 -51.2496 
vt 61.9062 -51.1203 
vt 61.9079 -51.0714 
vt 61.6302 -51.0978 
vt 61.6298 -51.2496 
vt 61.9094 -51.0951 
vt 62.06 -51.002 
vt 62.1931 -50.8302 
vt 62.0304 -50.9887 
vt 62.0261 -50.7472 
vt 61.977 -50.9603 
vt 62.0023 -50.9755 
vt 61.8829 -50.5529 
vt 62.0304 -50.9887 
vt 62.1931 -50.8302 
vt 62.0261 -50.7472 
vt 62.0023 -50.9755 
vt 61.9372 -51.4792 
vt 62.0665 -51.1001 
vt 62.0389 -51.1173 
vt 62.1046 -51.3894 
vt 62.1046 -51.3894 
vt 62.0932 -51.0842 
vt 62.0665 -51.1001 
vt 62.2664 -51.3032 
vt 61.966 -51.1518 
vt 62.2844 -51.8454 
vt 62.5727 -51.7142 
vt 61.9724 -50.9475 
vt 61.9962 -50.6129 
vt 61.8322 -50.707 
vt 61.9473 -50.9646 
vt 61.923 -50.9804 
vt 61.6777 -50.7956 
vt 61.4225 -50.7888 
vt 61.8966 -50.9919 
vt 61.9473 -50.9646 
vt 61.8322 -50.707 
vt 61.6777 -50.7956 
vt 61.923 -50.9804 
vt 63.2278 -51.2648 
vt 63.2235 -51.2797 
vt 63.2542 -51.2737 
vt 63.2499 -51.2885 
vt 63.2542 -51.2737 
vt 63.2499 -51.2885 
vt 63.2793 -51.2821 
vt 63.275 -51.297 
vt 63.2793 -51.2821 
vt 63.275 -51.297 
vt 63.3046 -51.2883 
vt 63.3003 -51.3032 
vt 60.7922 -50.2899 
vt 60.8204 -50.3045 
vt 60.8216 -50.2895 
vt 60.7911 -50.3049 
vt 60.8496 -50.2891 
vt 60.8484 -50.3041 
vt 60.8746 -50.3013 
vt 60.8757 -50.2863 
vt 60.8216 -50.2895 
vt 60.8484 -50.3041 
vt 60.8496 -50.2891 
vt 60.8204 -50.3045 
vt 63.1766 -51.9801 
vt 64.7211 -51.1694 
vt 60.5585 -51.1019 
vt 63.2605 -51.077 
vt 63.2303 -51.1831 
vt 63.4345 -51.1352 
vt 63.4043 -51.2416 
vt 59.6119 -50.902 
vt 59.603 -50.702 
vt 61.1059 -50.1692 
vt 61.2885 -50.2729 
vt 61.2972 -50.1659 
vt 61.0973 -50.276 
vt 62.8866 -51.7613 
vt 62.8969 -51.6594 
vt 60.9851 -50.3 
vt 60.9886 -50.2561 
vt 60.8757 -50.2863 
vt 60.8746 -50.3013 
vt 63.1199 -51.2385 
vt 63.2235 -51.2797 
vt 63.2278 -51.2648 
vt 63.1326 -51.1949 
vt 64.6595 -51.0177 
vt 63.2278 -51.9359 
vt 60.7561 -51.083 
vt 60.7487 -51.1273 
vt 59.5378 -50.7594 
vt 59.339 -50.9564 
vt 59.5444 -50.8545 
vt 59.3419 -50.9952 
vt 62.7826 -51.728 
vt 62.7721 -51.8304 
vt 62.8448 -51.08 
vt 63.1199 -51.2385 
vt 63.1326 -51.1949 
vt 62.8756 -50.974 
vt 64.3825 -50.8586 
vt 64.6556 -51.0554 
vt 64.6595 -51.0177 
vt 64.3922 -50.7669 
vt 63.3832 -51.2623 
vt 60.9886 -50.2561 
vt 60.9851 -50.3 
vt 61.2081 -50.2866 
vt 61.2167 -50.1791 
vt 59.6287 -51.1485 
vt 59.6208 -51.0541 
vt 63.2886 -51.7354 
vt 63.2996 -51.6341 
vt 62.4604 -50.523 
vt 62.4139 -50.6831 
vt 62.741 -50.5884 
vt 62.6954 -50.748 
vt 63.4927 -50.5 
vt 63.5071 -50.3614 
vt 60.5151 -50.7378 
vt 60.4152 -50.7332 
vt 63.0139 -50.9538 
vt 62.9975 -51.1071 
vt 62.8011 -51.1544 
vt 61.6667 -50.6002 
vt 61.3581 -50.6919 
vt 61.3862 -50.5299 
vt 60.8486 -50.3356 
vt 60.7539 -50.3589 
vt 60.841 -50.1925 
vt 62.8168 -50.762 
vt 63.0811 -50.6792 
vt 63.0365 -50.8398 
vt 62.3623 -50.8557 
vt 62.0358 -50.8506 
vt 61.694 -50.0758 
vt 61.6803 -50.2367 
vt 62.0211 -50.0918 
vt 62.0071 -50.2528 
vt 63.1566 -50.8041 
vt 60.041 -50.3844 
vt 63.9549 -50.8012 
vt 60.041 -50.3844 
vt 59.603 -50.702 
vt 60.0482 -50.5202 
vt 59.6093 -50.7967 
vt 62.3825 -51.4395 
vt 63.9267 -50.4752 
vt 62.5801 -50.6837 
vt 63.3662 -51.0462 
vt 63.9442 -51.1016 
vt 61.6318 -50.1883 
vt 62.5359 -50.836 
vt 62.8448 -51.08 
vt 62.8756 -50.974 
vt 62.5801 -50.6837 
vt 63.9129 -50.607 
vt 64.3825 -50.8586 
vt 64.3922 -50.7669 
vt 63.9267 -50.4752 
vt 60.1056 -51.0509 
vt 63.1196 -51.0249 
vt 60.3909 -50.2508 
vt 63.0217 -50.6714 
vt 62.4604 -50.523 
vt 62.2126 -50.6209 
vt 62.4139 -50.6831 
vt 62.2595 -50.4605 
vt 63.2181 -50.2862 
vt 63.203 -50.425 
vt 63.5071 -50.3614 
vt 63.4927 -50.5 
vt 61.0842 -50.1498 
vt 62.9587 -50.8234 
vt 61.8781 -50.5896 
vt 60.041 -50.3844 
vt 60.0482 -50.5202 
vt 60.3979 -50.3935 
vt 60.3909 -50.2508 
vt 62.1546 -50.962 
vt 62.1402 -51.1166 
vt 60.3909 -50.2508 
vt 60.3979 -50.3935 
vt 60.5727 -50.3588 
vt 60.5655 -50.216 
vt 63.6157 -50.3629 
vt 63.601 -50.5013 
vt 63.9267 -50.4752 
vt 63.9129 -50.607 
vt 61.1921 -50.3464 
vt 61.1615 -50.5015 
vt 61.1201 -50.2049 
vt 60.8486 -50.3356 
vt 61.1216 -50.3412 
vt 60.841 -50.1925 
vt 63.1031 -51.1778 
vt 61.6371 -50.8191 
vt 62.9301 -50.676 
vt 62.1092 -50.3396 
vt 62.8343 -50.2906 
vt 63.203 -50.425 
vt 63.2181 -50.2862 
vt 62.8239 -50.4239 
vt 61.2593 -50.2688 
vt 61.2461 -50.4234 
vt 62.7601 -50.8521 
vt 62.7744 -50.7035 
vt 61.8444 -50.1953 
vt 61.1615 -50.5015 
vt 61.4922 -50.5907 
vt 61.5074 -50.4991 
vt 61.1921 -50.3464 
vt 61.1216 -50.3412 
vt 61.5164 -50.4681 
vt 61.5095 -50.3877 
vt 61.1201 -50.2049 
vt 61.6358 -50.5233 
vt 62.3696 -50.49 
vt 62.8343 -50.2906 
vt 62.3696 -50.49 
vt 62.8239 -50.4239 
vt 62.36 -50.5679 
vt 62.0038 -50.5959 
vt 62.4829 -50.8661 
vt 62.1053 -50.509 
vt 62.3702 -50.7039 
vt 62.7744 -50.7035 
vt 62.3653 -50.7622 
vt 62.7601 -50.8521 
vt 62.3752 -50.6764 
vt 61.4783 -50.5857 
vt 61.8777 -50.7636 
vt 61.8802 -50.7478 
vt 61.4936 -50.4941 
vt 61.5049 -50.4605 
vt 61.9125 -50.6943 
vt 61.9111 -50.6803 
vt 61.498 -50.3801 
vt 61.9151 -50.6963 
vt 61.9133 -50.7223 
vt 61.9686 -50.7459 
vt 60.4053 -50.5909 
vt 60.4077 -50.8119 
vt 60.4077 -50.8119 
vt 63.6095 -50.5051 
vt 63.6157 -50.3629 
vt 63.6157 -50.3629 
vt 63.601 -50.5013 
vt 63.5968 -50.6432 
vt 63.601 -50.5013 
vt 61.2342 -50.0386 
vt 60.9196 -50.1001 
vt 60.9196 -50.1001 
vt 62.4003 -50.7121 
vt 62.6954 -50.748 
vt 62.4003 -50.7121 
vt 62.023 -50.7298 
vt 62.0906 -50.7821 
vt 61.9611 -50.7615 
vt 62.034 -50.7672 
vt 62.0527 -50.8054 
vt 61.8802 -50.7478 
vt 61.8777 -50.7636 
vt 61.9068 -50.7552 
vt 61.9043 -50.7711 
vt 62.3653 -50.7622 
vt 62.3752 -50.6764 
vt 62.0357 -50.7523 
vt 62.034 -50.7672 
vt 61.9523 -50.7665 
vt 61.9506 -50.7814 
vt 61.9754 -50.7788 
vt 61.9771 -50.7639 
vt 61.9611 -50.7615 
vt 61.931 -50.7743 
vt 61.9586 -50.7774 
vt 61.9335 -50.7584 
vt 61.9335 -50.7584 
vt 61.9043 -50.7711 
vt 61.931 -50.7743 
vt 61.9068 -50.7552 
vt 62.0056 -50.7582 
vt 62.0039 -50.7731 
vt 62.034 -50.7672 
vt 62.0357 -50.7523 
vt 61.9771 -50.7639 
vt 61.9754 -50.7788 
vt 62.0039 -50.7731 
vt 62.0056 -50.7582 
vt 60.7707 -50.6751 
vt 62.6476 -50.9819 
vt 61.0706 -50.6144 
vt 64.3881 -50.9783 
vt 62.6552 -51.4125 
vt 60.0645 -50.8472 
vt 61.2788 -50.3994 
vt 60.885 -50.5113 
vt 61.2498 -50.562 
vt 60.9145 -50.3488 
vt 61.3862 -50.5299 
vt 61.6371 -50.8191 
vt 61.6643 -50.6567 
vt 61.6643 -50.6567 
vt 61.6371 -50.8191 
vt 61.3862 -50.5299 
vt 61.3581 -50.6919 
vt 62.8167 -51.0012 
vt 63.1031 -51.1778 
vt 63.1196 -51.0249 
vt 63.1196 -51.0249 
vt 63.1031 -51.1778 
vt 62.8167 -51.0012 
vt 62.8011 -51.1544 
vt 60.5256 -50.8541 
vt 60.6787 -50.961 
vt 60.6974 -50.8533 
vt 60.5069 -50.9624 
vt 62.0695 -51.1065 
vt 62.0974 -51.0904 
vt 62.0616 -51.0933 
vt 62.0895 -51.0772 
vt 62.0974 -51.0904 
vt 62.1241 -51.0751 
vt 62.0895 -51.0772 
vt 62.1161 -51.0618 
vt 62.1241 -51.0751 
vt 62.1483 -51.0587 
vt 62.1161 -51.0618 
vt 62.1404 -51.0455 
vt 63.9927 -51.077 
vt 63.8937 -51.2416 
vt 62.1525 -50.902 
vt 62.3355 -50.7967 
vt 62.0958 -50.8075 
vt 62.2787 -50.702 
vt 64.1748 -50.1659 
vt 61.9826 -51.0956 
vt 61.9218 -51.0038 
vt 59.8031 -51.6799 
vt 59.9336 -51.7613 
vt 59.8922 -51.6594 
vt 62.1931 -50.9564 
vt 62.1404 -51.0455 
vt 62.2164 -50.9952 
vt 62.1483 -51.0587 
vt 59.7319 -51.02 
vt 59.6379 -51.0868 
vt 59.7385 -51.0643 
vt 59.6402 -51.1019 
vt 64.2368 -51.3052 
vt 64.363 -50.2899 
vt 64.2663 -50.3134 
vt 64.3666 -50.3049 
vt 64.2558 -50.2692 
vt 61.9629 -51.0988 
vt 62.0695 -51.1065 
vt 62.0616 -51.0933 
vt 61.9862 -51.1377 
vt 59.8585 -51.9359 
vt 62.3046 -50.8545 
vt 59.8237 -51.8304 
vt 59.9637 -50.8541 
vt 59.7319 -51.02 
vt 59.9796 -50.9624 
vt 59.7385 -51.0643 
vt 64.2558 -50.2692 
vt 63.9171 -50.3087 
vt 64.2663 -50.3134 
vt 63.8917 -50.2016 
vt 61.873 -51.214 
vt 61.7717 -51.1485 
vt 61.7151 -51.0541 
vt 60.1426 -51.7354 
vt 60.1002 -51.6341 
vt 63.4379 -50.523 
vt 63.4025 -50.748 
vt 62.9708 -50.0891 
vt 63.2129 -50.1994 
vt 63.1731 -50.0386 
vt 63.0094 -50.2509 
vt 61.9209 -50.5051 
vt 62.2446 -50.5 
vt 62.1528 -50.3614 
vt 61.446 -50.7378 
vt 61.5316 -50.8805 
vt 61.7576 -50.7332 
vt 61.6724 -50.5909 
vt 62.0214 -50.5017 
vt 62.2954 -50.3356 
vt 61.9359 -50.3589 
vt 62.2097 -50.1925 
vt 62.9152 -50.6018 
vt 62.9244 -50.762 
vt 62.6782 -50.6792 
vt 60.6759 -50.8557 
vt 62.9941 -50.0758 
vt 63.0911 -50.2528 
vt 61.1979 -50.4922 
vt 60.9447 -50.3994 
vt 61.176 -50.3293 
vt 61.6946 -50.7706 
vt 61.6027 -50.632 
vt 62.2754 -50.3844 
vt 61.7419 -50.7115 
vt 61.7235 -50.8012 
vt 60.4782 -50.5166 
vt 60.0185 -51.2925 
vt 59.8031 -51.6799 
vt 60.0761 -51.4395 
vt 59.8443 -51.7821 
vt 63.4049 -50.8937 
vt 60.4782 -50.5166 
vt 60.0446 -50.8106 
vt 60.499 -50.6713 
vt 60.0602 -50.9186 
vt 63.3556 -50.1195 
vt 63.849 -50.6837 
vt 63.4142 -51.0462 
vt 61.5562 -51.1016 
vt 63.8549 -50.836 
vt 63.8917 -50.2016 
vt 63.3921 -50.2736 
vt 63.9171 -50.3087 
vt 63.3556 -50.1195 
vt 63.048 -50.1001 
vt 62.6797 -50.1498 
vt 62.7177 -50.3122 
vt 63.0094 -50.2509 
vt 62.9708 -50.0891 
vt 60.2575 -51.0536 
vt 60.0185 -51.2925 
vt 60.3174 -51.2082 
vt 60.0761 -51.4395 
vt 60.4782 -50.5166 
vt 60.499 -50.6713 
vt 60.8069 -50.5457 
vt 60.7857 -50.3834 
vt 63.0855 -50.9159 
vt 60.3914 -50.962 
vt 60.2575 -51.0536 
vt 60.3174 -51.2082 
vt 60.4515 -51.1166 
vt 60.3914 -50.962 
vt 60.7857 -50.3834 
vt 60.8069 -50.5457 
vt 60.9576 -50.5113 
vt 60.9362 -50.3488 
vt 61.3493 -50.8296 
vt 63.3556 -50.1195 
vt 63.0862 -50.2619 
vt 63.3921 -50.2736 
vt 63.048 -50.1001 
vt 62.326 -50.5013 
vt 63.5699 -50.5522 
vt 63.5759 -50.7121 
vt 63.849 -50.6837 
vt 63.8549 -50.836 
vt 60.6151 -50.8506 
vt 60.6757 -51.0054 
vt 60.9108 -50.9195 
vt 60.8578 -50.7701 
vt 61.4165 -50.3464 
vt 61.1979 -50.4922 
vt 61.4323 -50.5015 
vt 61.176 -50.3293 
vt 63.0793 -50.5154 
vt 62.3592 -50.2688 
vt 62.3992 -50.4234 
vt 62.7177 -50.3122 
vt 62.6797 -50.1498 
vt 63.221 -50.4605 
vt 62.8888 -50.6068 
vt 63.2267 -50.6209 
vt 62.8797 -50.4526 
vt 61.0277 -50.7496 
vt 62.6761 -50.1953 
vt 60.8578 -50.7701 
vt 61.332 -50.8217 
vt 61.2957 -50.7355 
vt 60.9108 -50.9195 
vt 62.3871 -50.5959 
vt 62.3894 -50.6859 
vt 62.8888 -50.6068 
vt 62.8797 -50.4526 
vt 61.9265 -50.7478 
vt 61.8032 -50.7665 
vt 61.317 -50.8237 
vt 61.8097 -50.7814 
vt 61.2808 -50.7375 
vt 61.9199 -50.7223 
vt 62.0397 -50.7298 
vt 61.5363 -50.8011 
vt 62.0664 -50.49 
vt 61.9535 -50.7409 
vt 62.118 -50.5679 
vt 61.9625 -50.7544 
vt 62.3871 -50.5959 
vt 62.0525 -50.7932 
vt 62.3894 -50.6859 
vt 62.0528 -50.8088 
vt 62.0354 -50.8054 
vt 61.8887 -50.811 
vt 61.9138 -50.7956 
vt 61.8797 -50.7975 
vt 61.9049 -50.7821 
vt 61.9535 -50.7409 
vt 61.9286 -50.762 
vt 61.9625 -50.7544 
vt 61.9376 -50.7755 
vt 61.9286 -50.762 
vt 61.9049 -50.7821 
vt 61.9376 -50.7755 
vt 61.9138 -50.7956 
vt 61.9754 -50.5862 
vt 62.1706 -50.9783 
vt 60.3914 -50.962 
vt 60.4515 -51.1166 
vt 60.7369 -51.01 
vt 60.6759 -50.8557 
vt 61.6027 -50.632 
vt 61.3493 -50.8296 
vt 61.6946 -50.7706 
vt 61.4412 -50.9682 
vt 61.9209 -50.5051 
vt 62.326 -50.5013 
vt 62.2343 -50.3629 
vt 62.0124 -50.6432 
vt 62.326 -50.5013 
vt 61.9209 -50.5051 
vt 59.7821 -51.728 
vt 59.8237 -51.8304 
vt 59.9336 -51.7613 
vt 59.8922 -51.6594 
vt 61.9218 -51.0038 
vt 61.8119 -51.1217 
vt 61.9826 -51.0956 
vt 61.873 -51.214 
vt 63.2499 -48.6311 
vt 59.2792 -50.9305 
vt 59.2793 -50.9026 
vt 60.7911 -48.6334 
vt 59.2776 -50.8517 
vt 64.7211 -50.8284 
vt 63.149 -53.2508 
vt 63.1766 -53.2317 
vt 64.7211 -50.879 
vt 60.6372 -53.4031 
vt 60.5585 -53.3598 
vt 60.561 -53.3621 
vt 59.6119 -50.8475 
vt 59.6093 -50.6645 
vt 61.2972 -48.8252 
vt 64.387 -51.0174 
vt 62.7067 -53.1969 
vt 62.8866 -53.0664 
vt 62.8969 -53.1078 
vt 60.6974 -53.0563 
vt 59.3419 -50.7836 
vt 62.9859 -53.2617 
vt 60.5171 -53.2615 
vt 63.347 -48.7632 
vt 63.3595 -48.7651 
vt 60.9851 -48.6186 
vt 64.6547 -50.9648 
vt 60.7436 -48.7442 
vt 64.6595 -50.7617 
vt 59.3485 -51.0138 
vt 63.2278 -53.1415 
vt 60.7561 -53.3939 
vt 60.7487 -53.3869 
vt 59.5444 -50.6954 
vt 62.7826 -53.2179 
vt 62.7721 -53.1763 
vt 60.5069 -53.0204 
vt 62.8448 -48.7858 
vt 60.6888 -49.0829 
vt 64.3825 -50.6303 
vt 63.3832 -49.019 
vt 63.4136 -49.0241 
vt 61.2167 -48.7819 
vt 64.4494 -51.127 
vt 59.6287 -51.2283 
vt 59.6208 -51.2849 
vt 63.2886 -52.8574 
vt 63.2996 -52.8998 
vt 61.0676 -53.2448 
vt 61.0856 -53.2617 
vt 62.4604 -49.5621 
vt 62.6954 -49.5975 
vt 61.0308 -50.0292 
vt 63.4927 -50.7554 
vt 63.5071 -50.8472 
vt 60.5151 -51.554 
vt 60.4152 -51.2424 
vt 63.0139 -52.2455 
vt 62.9975 -52.1817 
vt 62.8011 -52.3924 
vt 61.6667 -52.5549 
vt 61.6393 -52.5297 
vt 61.3581 -52.4965 
vt 61.3862 -52.5202 
vt 59.3445 -50.9558 
vt 60.8296 -48.7048 
vt 60.7622 -50.9786 
vt 60.8486 -50.7046 
vt 60.7539 -51.0641 
vt 60.841 -50.7903 
vt 62.8617 -50.0848 
vt 62.8168 -50.0756 
vt 63.0811 -50.3218 
vt 62.3623 -52.3241 
vt 62.0358 -52.3849 
vt 60.9048 -49.0067 
vt 61.694 -50.0059 
vt 62.0211 -49.951 
vt 62.0071 -49.9089 
vt 61.0217 -51.8021 
vt 61.2788 -52.0553 
vt 61.0511 -51.824 
vt 63.2415 -51.3054 
vt 63.1566 -51.6645 
vt 60.041 -50.7246 
vt 61.6451 -49.2184 
vt 63.9549 -51.2765 
vt 60.9143 -52.6635 
vt 60.0482 -50.6433 
vt 62.3825 -52.9239 
vt 63.4086 -49.5951 
vt 60.6242 -52.501 
vt 62.5801 -49.151 
vt 63.3662 -49.5858 
vt 63.9442 -51.4438 
vt 61.6318 -49.1785 
vt 62.5359 -49.1451 
vt 60.7738 -49.6079 
vt 63.9129 -50.6178 
vt 60.1056 -51.4452 
vt 63.2247 -52.4594 
vt 61.457 -52.9141 
vt 60.9196 -49.952 
vt 61.6643 -52.6784 
vt 62.4469 -49.4301 
vt 62.2595 -49.779 
vt 63.203 -50.7092 
vt 61.0842 -50.3203 
vt 60.8068 -51.6324 
vt 62.9587 -51.9787 
vt 61.851 -52.3133 
vt 60.3979 -50.6814 
vt 60.7951 -52.1931 
vt 63.2447 -49.9145 
vt 61.8131 -49.5051 
vt 62.1546 -52.6086 
vt 60.5655 -50.7823 
vt 60.7606 -51.3517 
vt 62.1402 -52.5485 
vt 60.885 -52.0424 
vt 63.4317 -51.6507 
vt 61.39 -50.1486 
vt 63.601 -50.674 
vt 62.4003 -49.4241 
vt 63.168 -50.0704 
vt 63.2123 -50.0806 
vt 61.8905 -49.6654 
vt 61.9121 -52.0892 
vt 61.1615 -51.5677 
vt 61.1216 -50.7087 
vt 62.5816 -49.9207 
vt 63.1031 -52.2289 
vt 61.6371 -52.6529 
vt 62.8777 -51.6495 
vt 62.8904 -50.5424 
vt 62.1092 -50.1469 
vt 62.8239 -50.7278 
vt 61.2593 -50.6408 
vt 62.0403 -50.1112 
vt 61.1901 -51.6095 
vt 62.0176 -51.9723 
vt 62.7601 -51.6051 
vt 61.1254 -51.0578 
vt 61.8444 -50.3239 
vt 62.3893 -50.2637 
vt 61.4922 -51.3034 
vt 61.8977 -51.668 
vt 61.5164 -50.8319 
vt 61.6358 -51.0345 
vt 62.36 -50.882 
vt 62.0038 -50.6129 
vt 62.4829 -51.3886 
vt 62.1053 -50.5449 
vt 62.5361 -50.79 
vt 62.5511 -50.7855 
vt 62.0723 -50.98 
vt 62.0988 -50.9915 
vt 62.2955 -50.7926 
vt 62.0481 -51.4636 
vt 62.2955 -50.7926 
vt 62.048 -50.9643 
vt 62.0723 -50.98 
vt 62.141 -50.7041 
vt 61.9769 -50.6106 
vt 62.0229 -50.9472 
vt 62.141 -50.7041 
vt 62.048 -50.9643 
vt 61.8802 -51.0735 
vt 61.9151 -51.0218 
vt 61.7183 -51.2881 
vt 61.9043 -51.0815 
vt 61.8777 -51.0708 
vt 61.4783 -51.3087 
vt 61.9133 -51.0801 
vt 62.0481 -51.4636 
vt 61.9586 -51.1145 
vt 61.931 -51.0973 
vt 61.8803 -51.3743 
vt 61.8803 -51.3743 
vt 61.931 -51.0973 
vt 61.9043 -51.0815 
vt 61.7183 -51.2881 
vt 62.0219 -50.9568 
vt 62.1104 -50.5315 
vt 61.9672 -50.7258 
vt 61.9966 -50.9719 
vt 62.4941 -51.3988 
vt 62.3613 -51.1972 
vt 62.0921 -51.1113 
vt 62.0889 -51.0862 
vt 61.9672 -50.7258 
vt 61.9686 -50.9852 
vt 61.9966 -50.9719 
vt 61.8003 -50.8091 
vt 62.141 -50.7041 
vt 62.6334 -50.3904 
vt 62.3488 -50.251 
vt 62.2955 -50.7926 
vt 62.3613 -51.1972 
vt 62.0903 -51.0624 
vt 62.0889 -51.0862 
vt 62.3607 -51.0457 
vt 61.9389 -50.9985 
vt 61.8003 -50.8091 
vt 61.6246 -50.8936 
vt 61.9686 -50.9852 
vt 62.8904 -50.5424 
vt 62.2955 -50.7926 
vt 62.5361 -50.79 
vt 62.6334 -50.3904 
vt 62.36 -50.882 
vt 62.0926 -51.0375 
vt 62.3607 -51.0457 
vt 62.0903 -51.0624 
vt 62.023 -50.9603 
vt 61.9769 -50.6106 
vt 62.3488 -50.251 
vt 62.0403 -50.1112 
vt 62.141 -50.7041 
vt 62.0906 -51.0951 
vt 61.9611 -51.1173 
vt 61.9125 -50.9888 
vt 61.5049 -50.8244 
vt 61.6431 -50.9857 
vt 61.9165 -51.0135 
vt 61.9506 -51.1903 
vt 61.8935 -51.683 
vt 62.0248 -51.4637 
vt 61.9754 -51.1743 
vt 61.6489 -51.1493 
vt 61.916 -51.0419 
vt 61.9165 -51.0135 
vt 61.6431 -50.9857 
vt 61.6489 -51.1493 
vt 61.9147 -51.0717 
vt 61.916 -51.0419 
vt 61.6551 -51.3158 
vt 62.3653 -51.2957 
vt 62.034 -51.1518 
vt 62.0039 -51.163 
vt 62.1914 -51.3831 
vt 62.1914 -51.3831 
vt 62.0039 -51.163 
vt 61.9754 -51.1743 
vt 62.0248 -51.4637 
vt 61.7156 -51.8454 
vt 61.8803 -51.3743 
vt 61.7183 -51.2881 
vt 61.4273 -51.7142 
vt 61.4273 -51.7142 
vt 61.7183 -51.2881 
vt 61.4922 -51.3034 
vt 61.1615 -51.5677 
vt 61.9672 -50.7258 
vt 61.8287 -50.2791 
vt 61.5433 -50.4355 
vt 61.8003 -50.8091 
vt 62.8769 -51.3049 
vt 62.3607 -51.0457 
vt 62.3613 -51.1972 
vt 62.8559 -51.0292 
vt 61.8803 -51.3743 
vt 61.7156 -51.8454 
vt 62.0176 -51.9723 
vt 62.0481 -51.4636 
vt 61.8287 -50.2791 
vt 62.1053 -50.5449 
vt 62.1092 -50.1469 
vt 61.9672 -50.7258 
vt 62.3613 -51.1972 
vt 62.4829 -51.3886 
vt 62.8769 -51.3049 
vt 62.8735 -51.5618 
vt 61.2461 -50.6008 
vt 61.6246 -50.8936 
vt 61.8003 -50.8091 
vt 61.5433 -50.4355 
vt 62.36 -50.882 
vt 62.8559 -51.0292 
vt 62.8239 -50.7278 
vt 62.3607 -51.0457 
vt 62.0527 -50.9646 
vt 61.1269 -50.9765 
vt 61.1568 -51.2514 
vt 61.6431 -50.9857 
vt 61.6489 -51.1493 
vt 62.0248 -51.4637 
vt 62.1908 -51.9561 
vt 62.4717 -51.7923 
vt 62.1914 -51.3831 
vt 61.1216 -50.7087 
vt 61.1269 -50.9765 
vt 61.5164 -50.8319 
vt 61.6431 -50.9857 
vt 62.1908 -51.9561 
vt 62.0248 -51.4637 
vt 61.8977 -51.668 
vt 61.9121 -52.0892 
vt 62.1914 -51.3831 
vt 62.4717 -51.7923 
vt 62.7601 -51.6051 
vt 62.3653 -51.2957 
vt 61.1568 -51.2514 
vt 61.6551 -51.3158 
vt 61.6489 -51.1493 
vt 61.1978 -51.5272 
vt 62.3488 -50.251 
vt 62.8168 -50.0756 
vt 62.5358 -49.9131 
vt 62.6334 -50.3904 
vt 62.6334 -50.3904 
vt 63.0365 -50.3119 
vt 62.8168 -50.0756 
vt 62.8904 -50.5424 
vt 62.0403 -50.1112 
vt 62.5358 -49.9131 
vt 62.2126 -49.7733 
vt 62.3488 -50.251 
vt 61.2498 -52.0329 
vt 61.7156 -51.8454 
vt 61.4273 -51.7142 
vt 61.5382 -52.1886 
vt 61.5382 -52.1886 
vt 62.0176 -51.9723 
vt 61.7156 -51.8454 
vt 61.851 -52.3133 
vt 61.0217 -51.8021 
vt 61.4273 -51.7142 
vt 61.1615 -51.5677 
vt 61.2498 -52.0329 
vt 62.8559 -51.0292 
vt 62.8769 -51.3049 
vt 63.2423 -51.0246 
vt 63.2415 -51.3054 
vt 61.3772 -50.1088 
vt 61.5433 -50.4355 
vt 61.8287 -50.2791 
vt 61.6803 -49.9645 
vt 62.8769 -51.3049 
vt 62.8735 -51.5618 
vt 63.2415 -51.3054 
vt 63.1462 -51.5725 
vt 61.8287 -50.2791 
vt 62.0071 -49.9089 
vt 61.6803 -49.9645 
vt 62.1092 -50.1469 
vt 62.8239 -50.7278 
vt 62.8559 -51.0292 
vt 63.203 -50.7092 
vt 63.2423 -51.0246 
vt 61.0722 -50.2823 
vt 61.2461 -50.6008 
vt 61.5433 -50.4355 
vt 61.3772 -50.1088 
vt 60.7622 -50.9786 
vt 61.1568 -51.2514 
vt 61.1269 -50.9765 
vt 60.7707 -51.2662 
vt 62.6476 -52.1149 
vt 62.4717 -51.7923 
vt 62.1908 -51.9561 
vt 62.3473 -52.2631 
vt 63.198 -48.6786 
vt 63.2499 -48.6311 
vt 63.2235 -48.6149 
vt 63.1199 -48.6316 
vt 60.8486 -50.7046 
vt 60.7622 -50.9786 
vt 61.1216 -50.7087 
vt 61.1269 -50.9765 
vt 62.9419 -51.9141 
vt 62.7601 -51.6051 
vt 62.4717 -51.7923 
vt 62.6476 -52.1149 
vt 62.3473 -52.2631 
vt 62.1908 -51.9561 
vt 61.9121 -52.0892 
vt 62.0212 -52.3243 
vt 60.7707 -51.2662 
vt 61.1978 -51.5272 
vt 61.1568 -51.2514 
vt 60.8191 -51.5466 
vt 63.2734 -48.7229 
vt 63.3003 -48.6602 
vt 63.275 -48.6466 
vt 63.347 -48.7632 
vt 60.6372 -53.4031 
vt 60.6681 -53.3417 
vt 60.6099 -53.3874 
vt 60.7487 -53.3869 
vt 60.5838 -53.3724 
vt 60.5912 -53.2993 
vt 60.5585 -53.3598 
vt 60.5171 -53.2615 
vt 64.7221 -50.8018 
vt 64.6556 -50.7367 
vt 64.6538 -50.8153 
vt 64.7211 -50.8284 
vt 60.7911 -48.6334 
vt 60.7403 -48.7337 
vt 60.8262 -48.6943 
vt 60.8204 -48.6202 
vt 64.6529 -50.8912 
vt 64.7211 -50.879 
vt 64.7203 -50.8537 
vt 64.6547 -50.9648 
vt 60.908 -48.6563 
vt 60.8746 -48.5946 
vt 60.8484 -48.6075 
vt 60.9851 -48.6186 
vt 63.2499 -48.6311 
vt 63.2734 -48.7229 
vt 63.275 -48.6466 
vt 63.198 -48.6786 
vt 63.1766 -53.2317 
vt 63.2278 -53.1415 
vt 63.1426 -53.1817 
vt 63.1474 -53.2449 
vt 59.2792 -50.9305 
vt 59.3476 -50.9325 
vt 59.2793 -50.9026 
vt 59.3485 -51.0138 
vt 59.2793 -50.8759 
vt 59.346 -50.8556 
vt 59.2776 -50.8517 
vt 59.3419 -50.7836 
vt 63.1196 -53.2576 
vt 63.0617 -53.2211 
vt 62.9859 -53.2617 
vt 63.0939 -53.2718 
vt 60.6099 -53.3874 
vt 60.6681 -53.3417 
vt 60.5838 -53.3724 
vt 60.5912 -53.2993 
vt 64.6538 -50.8153 
vt 64.6529 -50.8912 
vt 64.7211 -50.8284 
vt 64.7203 -50.8537 
vt 60.8262 -48.6943 
vt 60.908 -48.6563 
vt 60.8204 -48.6202 
vt 60.8484 -48.6075 
vt 63.1474 -53.2449 
vt 63.1426 -53.1817 
vt 63.0617 -53.2211 
vt 63.1196 -53.2576 
vt 62.6954 -49.5975 
vt 62.8168 -50.0756 
vt 62.9771 -49.7606 
vt 62.5358 -49.9131 
vt 59.3476 -50.9325 
vt 59.346 -50.8556 
vt 59.2793 -50.8759 
vt 59.2793 -50.9026 
vt 62.4139 -49.5558 
vt 62.5358 -49.9131 
vt 62.6954 -49.5975 
vt 62.2126 -49.7733 
vt 63.2447 -49.9145 
vt 62.9771 -49.7606 
vt 63.168 -50.0704 
vt 62.8168 -50.0756 
vt 61.851 -52.3133 
vt 61.3581 -52.4965 
vt 61.6393 -52.5297 
vt 61.5382 -52.1886 
vt 61.5382 -52.1886 
vt 61.2498 -52.0329 
vt 61.0706 -52.3408 
vt 61.3581 -52.4965 
vt 61.2498 -52.0329 
vt 60.7951 -52.1931 
vt 61.0706 -52.3408 
vt 60.885 -52.0424 
vt 63.2423 -51.0246 
vt 63.2415 -51.3054 
vt 63.5968 -50.9876 
vt 63.5958 -51.2703 
vt 63.203 -50.7092 
vt 63.2423 -51.0246 
vt 63.4927 -50.7554 
vt 63.5968 -50.9876 
vt 61.0722 -50.2823 
vt 61.3772 -50.1088 
vt 61.0185 -49.9906 
vt 61.2213 -49.7871 
vt 61.6803 -49.9645 
vt 61.5249 -49.644 
vt 61.2213 -49.7871 
vt 61.3772 -50.1088 
vt 63.2415 -51.3054 
vt 63.4218 -51.5588 
vt 63.5958 -51.2703 
vt 63.5959 -51.5367 
vt 61.8131 -49.5051 
vt 61.5249 -49.644 
vt 61.8905 -49.6654 
vt 61.6803 -49.9645 
vt 60.4152 -51.2424 
vt 60.8191 -51.5466 
vt 60.7707 -51.2662 
vt 60.5267 -51.4684 
vt 62.9975 -52.1817 
vt 62.9419 -51.9141 
vt 62.6476 -52.1149 
vt 62.8011 -52.3924 
vt 62.8011 -52.3924 
vt 62.6476 -52.1149 
vt 62.3473 -52.2631 
vt 62.5009 -52.5414 
vt 60.7707 -51.2662 
vt 60.4069 -50.9565 
vt 60.4152 -51.2424 
vt 60.7622 -50.9786 
vt 60.7622 -50.9786 
vt 60.5727 -50.6968 
vt 60.3979 -50.6814 
vt 60.4069 -50.9565 
vt 62.5009 -52.5414 
vt 62.3473 -52.2631 
vt 62.1402 -52.5485 
vt 62.2151 -52.6826 
vt 63.2447 -49.9145 
vt 63.3662 -49.5858 
vt 63.1108 -49.4388 
vt 62.9771 -49.7606 
vt 62.9771 -49.7606 
vt 63.1108 -49.4388 
vt 62.8414 -49.2828 
vt 62.6954 -49.5975 
vt 62.6954 -49.5975 
vt 62.8414 -49.2828 
vt 62.5359 -49.1451 
vt 62.4003 -49.4241 
vt 61.0706 -52.3408 
vt 60.6242 -52.501 
vt 60.8869 -52.642 
vt 60.7951 -52.1931 
vt 63.1199 -48.6316 
vt 62.8448 -48.7858 
vt 63.0441 -48.8938 
vt 63.198 -48.6786 
vt 61.3581 -52.4965 
vt 60.8869 -52.642 
vt 61.1607 -52.7904 
vt 61.0706 -52.3408 
vt 61.457 -52.9141 
vt 61.6371 -52.6529 
vt 61.1607 -52.7904 
vt 61.3581 -52.4965 
vt 63.9442 -51.4438 
vt 63.9442 -51.1893 
vt 63.5959 -51.5367 
vt 63.5958 -51.2703 
vt 61.8131 -49.5051 
vt 61.6318 -49.1785 
vt 61.3568 -49.3107 
vt 61.5249 -49.644 
vt 61.0676 -53.2448 
vt 60.6681 -53.3417 
vt 60.7487 -53.3869 
vt 60.8675 -53.1433 
vt 63.9442 -51.1893 
vt 63.9452 -50.9181 
vt 63.5958 -51.2703 
vt 63.5968 -50.9876 
vt 61.5249 -49.644 
vt 61.3568 -49.3107 
vt 61.0668 -49.4463 
vt 61.2213 -49.7871 
vt 63.2734 -48.7229 
vt 63.3832 -49.019 
vt 63.347 -48.7632 
vt 63.2303 -49.0021 
vt 63.9452 -50.9181 
vt 63.9129 -50.6178 
vt 63.5968 -50.9876 
vt 63.601 -50.674 
vt 60.7738 -49.6079 
vt 61.2213 -49.7871 
vt 61.0668 -49.4463 
vt 60.9075 -49.9138 
vt 63.2303 -49.0021 
vt 63.2734 -48.7229 
vt 63.198 -48.6786 
vt 63.0441 -48.8938 
vt 64.6556 -50.7367 
vt 64.3825 -50.6303 
vt 64.3881 -50.8294 
vt 64.6538 -50.8153 
vt 60.8966 -48.9809 
vt 60.8262 -48.6943 
vt 60.7403 -48.7337 
vt 60.6888 -49.0829 
vt 60.5171 -53.2615 
vt 60.6787 -53.0405 
vt 60.5069 -53.0204 
vt 60.5912 -53.2993 
vt 60.4069 -50.9565 
vt 60.3979 -50.6814 
vt 60.0482 -50.6433 
vt 60.0567 -50.9054 
vt 62.6552 -52.7892 
vt 62.5009 -52.5414 
vt 62.2151 -52.6826 
vt 62.3825 -52.9239 
vt 62.9415 -52.6463 
vt 62.8011 -52.3924 
vt 62.5009 -52.5414 
vt 62.6552 -52.7892 
vt 60.4152 -51.2424 
vt 60.4069 -50.9565 
vt 60.0567 -50.9054 
vt 60.0645 -51.1768 
vt 60.6681 -53.3417 
vt 60.8675 -53.1433 
vt 60.5912 -53.2993 
vt 60.6787 -53.0405 
vt 60.4196 -51.506 
vt 60.4152 -51.2424 
vt 60.0645 -51.1768 
vt 60.1056 -51.4452 
vt 63.1031 -52.2289 
vt 62.9415 -52.6463 
vt 63.2247 -52.4594 
vt 62.8011 -52.3924 
vt 64.4494 -51.127 
vt 64.6529 -50.8912 
vt 64.387 -51.0174 
vt 64.6547 -50.9648 
vt 60.908 -48.6563 
vt 61.2081 -48.7553 
vt 60.9851 -48.6186 
vt 61.0973 -48.8878 
vt 59.6287 -51.2283 
vt 59.3476 -50.9325 
vt 59.3485 -51.0138 
vt 59.6168 -51.0345 
vt 63.2278 -53.1415 
vt 63.2886 -52.8574 
vt 63.0845 -52.9676 
vt 63.1426 -53.1817 
vt 64.6529 -50.8912 
vt 64.6538 -50.8153 
vt 64.387 -51.0174 
vt 64.3881 -50.8294 
vt 61.0973 -48.8878 
vt 60.908 -48.6563 
vt 60.8262 -48.6943 
vt 60.8966 -48.9809 
vt 63.0617 -53.2211 
vt 62.8866 -53.0664 
vt 62.7721 -53.1763 
vt 62.9859 -53.2617 
vt 59.346 -50.8556 
vt 59.6119 -50.8475 
vt 59.3419 -50.7836 
vt 59.5444 -50.6954 
vt 63.1426 -53.1817 
vt 63.0845 -52.9676 
vt 62.8866 -53.0664 
vt 63.0617 -53.2211 
vt 59.3476 -50.9325 
vt 59.6168 -51.0345 
vt 59.346 -50.8556 
vt 59.6119 -50.8475 
vt 62.8448 -48.7858 
vt 62.5359 -49.1451 
vt 62.8414 -49.2828 
vt 63.0441 -48.8938 
vt 61.0676 -53.2448 
vt 61.457 -52.9141 
vt 60.8675 -53.1433 
vt 61.1607 -52.7904 
vt 63.0441 -48.8938 
vt 62.8414 -49.2828 
vt 63.1108 -49.4388 
vt 63.2303 -49.0021 
vt 64.3825 -50.6303 
vt 63.9129 -50.6178 
vt 63.9452 -50.9181 
vt 64.3881 -50.8294 
vt 61.0668 -49.4463 
vt 60.6888 -49.0829 
vt 60.7738 -49.6079 
vt 60.8966 -48.9809 
vt 60.8675 -53.1433 
vt 61.1607 -52.7904 
vt 60.6787 -53.0405 
vt 60.8869 -52.642 
vt 63.3662 -49.5858 
vt 63.4043 -49.1063 
vt 63.2303 -49.0021 
vt 63.1108 -49.4388 
vt 60.1056 -51.4452 
vt 59.6168 -51.0345 
vt 59.6287 -51.2283 
vt 60.0645 -51.1768 
vt 63.9442 -51.1893 
vt 64.387 -51.0174 
vt 64.3881 -50.8294 
vt 63.9452 -50.9181 
vt 63.2886 -52.8574 
vt 63.2247 -52.4594 
vt 62.9415 -52.6463 
vt 63.0845 -52.9676 
vt 60.8966 -48.9809 
vt 61.0668 -49.4463 
vt 61.3568 -49.3107 
vt 61.0973 -48.8878 
vt 60.6787 -53.0405 
vt 60.8869 -52.642 
vt 60.4981 -52.9398 
vt 60.6242 -52.501 
vt 64.3835 -51.1915 
vt 64.387 -51.0174 
vt 63.9442 -51.4438 
vt 63.9442 -51.1893 
vt 61.0973 -48.8878 
vt 61.3568 -49.3107 
vt 61.6318 -49.1785 
vt 61.2885 -48.7984 
vt 63.0845 -52.9676 
vt 62.9415 -52.6463 
vt 62.6552 -52.7892 
vt 62.8866 -53.0664 
vt 59.6168 -51.0345 
vt 60.0645 -51.1768 
vt 59.6119 -50.8475 
vt 60.0567 -50.9054 
vt 59.6119 -50.8475 
vt 60.0567 -50.9054 
vt 59.6093 -50.6645 
vt 60.0482 -50.6433 
vt 62.8866 -53.0664 
vt 62.6552 -52.7892 
vt 62.3825 -52.9239 
vt 62.6964 -53.1557 
vt 64.7208 -51.1065 
vt 60.851 -51.9689 
vt 60.8234 -51.9801 
vt 60.8526 -51.9831 
vt 60.8218 -51.9659 
vt 60.8789 -51.9718 
vt 60.8526 -51.9831 
vt 60.8804 -51.986 
vt 60.851 -51.9689 
vt 59.2789 -51.1694 
vt 60.9046 -51.9731 
vt 60.8804 -51.986 
vt 60.9061 -51.9874 
vt 60.8789 -51.9718 
vt 63.3602 -51.1075 
vt 63.3628 -51.1225 
vt 63.3901 -51.116 
vt 63.3876 -51.1009 
vt 63.3876 -51.1009 
vt 63.3901 -51.116 
vt 63.4162 -51.1098 
vt 63.4137 -51.0947 
vt 63.4137 -51.0947 
vt 63.4162 -51.1098 
vt 63.4415 -51.1019 
vt 63.439 -51.0868 
vt 60.7395 -51.077 
vt 60.5655 -51.1352 
vt 64.3882 -50.902 
vt 64.397 -50.702 
vt 62.7115 -50.2729 
vt 59.6046 -51.0038 
vt 61.2933 -51.6799 
vt 61.1134 -51.7613 
vt 61.3036 -51.7821 
vt 61.1031 -51.6594 
vt 63.3026 -50.8533 
vt 63.3213 -50.961 
vt 63.5019 -50.9186 
vt 63.483 -50.8106 
vt 61.0097 -51.9135 
vt 60.9046 -51.9731 
vt 61.0141 -51.9553 
vt 60.9061 -51.9874 
vt 60.7722 -51.9359 
vt 63.2439 -51.083 
vt 63.2513 -51.1273 
vt 63.3602 -51.1075 
vt 63.3628 -51.1225 
vt 64.4556 -50.8545 
vt 61.2174 -51.728 
vt 61.0097 -51.9135 
vt 61.2279 -51.8304 
vt 61.0141 -51.9553 
vt 60.6168 -51.2623 
vt 62.7833 -50.1791 
vt 59.5506 -51.214 
vt 59.5421 -51.1217 
vt 59.3417 -51.1636 
vt 59.3453 -51.2014 
vt 64.3714 -51.1485 
vt 64.6547 -51.0988 
vt 64.3792 -51.0541 
vt 64.6515 -51.1377 
vt 60.7114 -51.7354 
vt 60.7004 -51.6341 
vt 62.9324 -51.0754 
vt 63.2513 -51.1273 
vt 63.2439 -51.083 
vt 62.9144 -50.9678 
vt 61.5396 -50.523 
vt 61.259 -50.5884 
vt 61.3046 -50.748 
vt 60.3905 -50.5051 
vt 60.4929 -50.3614 
vt 63.4849 -50.7378 
vt 63.5848 -50.7332 
vt 60.9861 -50.9538 
vt 62.3333 -50.6002 
vt 62.3607 -50.7628 
vt 62.6419 -50.6919 
vt 62.6138 -50.5299 
vt 60.934 -51.9086 
vt 60.851 -51.9689 
vt 60.8789 -51.9718 
vt 60.8529 -51.902 
vt 60.8529 -51.902 
vt 60.8218 -51.9659 
vt 60.851 -51.9689 
vt 60.7677 -51.8941 
vt 61.0097 -51.9135 
vt 60.8789 -51.9718 
vt 60.9046 -51.9731 
vt 60.934 -51.9086 
vt 61.1031 -51.6594 
vt 60.8529 -51.902 
vt 60.934 -51.9086 
vt 60.9048 -51.6464 
vt 63.2461 -50.3589 
vt 61.1031 -51.6594 
vt 60.934 -51.9086 
vt 61.2174 -51.728 
vt 61.0097 -51.9135 
vt 61.6377 -50.8557 
vt 61.9788 -51.0054 
vt 61.9642 -50.8506 
vt 61.6527 -51.01 
vt 62.306 -50.0758 
vt 61.9789 -50.0918 
vt 62.9783 -50.4922 
vt 62.7212 -50.3994 
vt 62.7502 -50.562 
vt 60.9048 -51.6464 
vt 60.7677 -51.8941 
vt 60.8529 -51.902 
vt 60.7004 -51.6341 
vt 60.8434 -50.8041 
vt 63.959 -50.3844 
vt 61.6035 -51.2925 
vt 61.1031 -51.6594 
vt 61.2933 -51.6799 
vt 61.3305 -51.266 
vt 63.9452 -50.7115 
vt 61.3305 -51.266 
vt 60.9048 -51.6464 
vt 61.1031 -51.6594 
vt 61.0435 -51.2454 
vt 60.0459 -50.9697 
vt 60.0451 -50.8012 
vt 60.7004 -51.6341 
vt 61.0435 -51.2454 
vt 60.7596 -51.2411 
vt 60.9048 -51.6464 
vt 60.0424 -50.6301 
vt 63.9518 -50.5202 
vt 61.6175 -51.4395 
vt 62.8127 -50.6595 
vt 59.6165 -51.2149 
vt 60.0558 -51.1016 
vt 59.6083 -51.1229 
vt 60.0459 -50.9697 
vt 62.3682 -50.1883 
vt 63.8944 -51.0509 
vt 64.3714 -51.1485 
vt 64.3792 -51.0541 
vt 63.9056 -50.9151 
vt 62.543 -50.9237 
vt 62.9324 -51.0754 
vt 62.9144 -50.9678 
vt 62.517 -50.769 
vt 60.8804 -51.0249 
vt 63.601 -50.4144 
vt 63.6091 -50.2508 
vt 61.4843 -51.0251 
vt 62.1727 -50.0126 
vt 62.9158 -50.1498 
vt 63.1932 -50.7467 
vt 63.4733 -50.8805 
vt 63.4849 -50.7378 
vt 63.1809 -50.8898 
vt 60.0459 -50.9697 
vt 60.0558 -51.1016 
vt 60.4041 -51.0022 
vt 60.3943 -50.8637 
vt 61.8454 -50.962 
vt 60.5683 -50.8296 
vt 60.3943 -50.8637 
vt 60.4041 -51.0022 
vt 60.5782 -50.9682 
vt 60.5683 -50.8296 
vt 62.1095 -50.1907 
vt 62.8784 -50.3412 
vt 63.5923 -50.8119 
vt 63.5804 -50.9545 
vt 63.9056 -50.9151 
vt 63.8944 -51.0509 
vt 62.3629 -50.8191 
vt 60.8434 -50.8041 
vt 61.1265 -50.9338 
vt 61.1223 -50.8014 
vt 60.8538 -50.943 
vt 61.1096 -50.8292 
vt 61.0699 -50.676 
vt 61.8908 -50.3396 
vt 61.1657 -50.2906 
vt 62.7407 -50.2688 
vt 62.7539 -50.4234 
vt 63.1932 -50.7467 
vt 62.8022 -50.8725 
vt 63.1809 -50.8898 
vt 62.8099 -50.7352 
vt 61.2399 -50.8521 
vt 62.8746 -50.3617 
vt 62.5078 -50.5907 
vt 62.3642 -50.5233 
vt 61.6304 -50.49 
vt 61.64 -50.5679 
vt 62.7407 -50.2688 
vt 62.3692 -50.5072 
vt 62.7539 -50.4234 
vt 62.3754 -50.5988 
vt 61.9962 -50.5959 
vt 61.1223 -50.8014 
vt 61.1265 -50.9338 
vt 61.5171 -50.8661 
vt 61.5087 -50.7881 
vt 61.8947 -50.509 
vt 61.4375 -50.7217 
vt 61.1096 -50.8292 
vt 61.4639 -50.8119 
vt 61.0699 -50.676 
vt 62.8099 -50.7352 
vt 62.3449 -50.7958 
vt 62.8022 -50.8725 
vt 62.3529 -50.7156 
vt 62.1198 -50.7478 
vt 62.0849 -50.6963 
vt 62.0867 -50.7223 
vt 62.0314 -50.7459 
vt 61.4974 -50.7919 
vt 61.9079 -50.811 
vt 61.9062 -50.7975 
vt 61.5059 -50.8699 
vt 61.977 -50.7298 
vt 61.4489 -50.8125 
vt 61.9012 -50.8394 
vt 61.8966 -50.8237 
vt 61.4225 -50.7223 
vt 61.9094 -50.7821 
vt 62.06 -50.7267 
vt 62.3692 -50.5072 
vt 62.1931 -50.4979 
vt 62.0389 -50.7615 
vt 62.3692 -50.5072 
vt 62.06 -50.7267 
vt 62.3754 -50.5988 
vt 62.0611 -50.7427 
vt 61.9473 -50.8054 
vt 62.0023 -50.7328 
vt 61.9781 -50.7457 
vt 62.0034 -50.7487 
vt 61.977 -50.7298 
vt 62.0304 -50.73 
vt 62.0314 -50.7459 
vt 62.0611 -50.7427 
vt 62.06 -50.7267 
vt 62.0023 -50.7328 
vt 62.0034 -50.7487 
vt 62.0314 -50.7459 
vt 62.0304 -50.73 
vt 61.8966 -50.8237 
vt 61.9012 -50.8394 
vt 61.9277 -50.8326 
vt 61.923 -50.8169 
vt 61.9473 -50.8054 
vt 61.952 -50.821 
vt 61.9771 -50.8088 
vt 61.9724 -50.7932 
vt 61.923 -50.8169 
vt 61.9277 -50.8326 
vt 61.952 -50.821 
vt 61.9473 -50.8054 
vt 60.7577 -50.5862 
vt 62.4751 -50.1834 
vt 63.5931 -50.5568 
vt 60.0558 -50.9329 
vt 59.6119 -50.9783 
vt 61.3448 -51.4125 
vt 61.0585 -51.3914 
vt 60.7877 -50.7131 
vt 60.832 -50.8733 
vt 61.1832 -50.762 
vt 61.1383 -50.6018 
vt 62.7658 -50.0386 
vt 63.0925 -50.2619 
vt 63.0804 -50.1001 
vt 63.0925 -50.2619 
vt 62.7658 -50.0386 
vt 62.7787 -50.1994 
vt 61.5997 -50.7121 
vt 61.5531 -50.5522 
vt 61.259 -50.5884 
vt 61.3046 -50.748 
vt 61.5997 -50.7121 
vt 61.259 -50.5884 
vt 60.5864 -51.1556 
vt 60.6168 -51.2623 
vt 60.7697 -51.1831 
vt 60.7395 -51.077 

usemtl MeshespalmTreecube1Mtl

f 658/658/658 659/659/659 660/660/660 
f 658/658/658 659/659/659 660/660/660 
f 658/658/658 659/659/659 660/660/660 
f 660/660/660 661/661/661 658/658/658 
f 660/660/660 661/661/661 658/658/658 
f 660/660/660 661/661/661 658/658/658 
f 662/662/662 663/663/663 664/664/664 
f 662/662/662 663/663/663 664/664/664 
f 662/662/662 663/663/663 664/664/664 
f 664/664/664 665/665/665 662/662/662 
f 664/664/664 665/665/665 662/662/662 
f 664/664/664 665/665/665 662/662/662 
f 667/667/667 668/668/668 669/669/669 
f 667/667/667 668/668/668 669/669/669 
f 667/667/667 668/668/668 669/669/669 
f 669/669/669 670/670/670 667/667/667 
f 669/669/669 670/670/670 667/667/667 
f 669/669/669 670/670/670 667/667/667 
f 674/674/674 675/675/675 676/676/676 
f 674/674/674 675/675/675 676/676/676 
f 674/674/674 675/675/675 676/676/676 
f 676/676/676 677/677/677 674/674/674 
f 676/676/676 677/677/677 674/674/674 
f 676/676/676 677/677/677 674/674/674 
f 679/679/679 680/680/680 681/681/681 
f 679/679/679 680/680/680 681/681/681 
f 679/679/679 680/680/680 681/681/681 
f 679/679/679 681/681/681 682/682/682 
f 679/679/679 681/681/681 682/682/682 
f 679/679/679 681/681/681 682/682/682 
f 683/683/683 684/684/684 685/685/685 
f 683/683/683 684/684/684 685/685/685 
f 683/683/683 684/684/684 685/685/685 
f 684/684/684 683/683/683 686/686/686 
f 684/684/684 683/683/683 686/686/686 
f 684/684/684 683/683/683 686/686/686 
f 687/687/687 688/688/688 689/689/689 
f 687/687/687 688/688/688 689/689/689 
f 687/687/687 688/688/688 689/689/689 
f 689/689/689 690/690/690 687/687/687 
f 689/689/689 690/690/690 687/687/687 
f 689/689/689 690/690/690 687/687/687 
f 691/691/691 692/692/692 693/693/693 
f 691/691/691 692/692/692 693/693/693 
f 691/691/691 692/692/692 693/693/693 
f 693/693/693 694/694/694 691/691/691 
f 693/693/693 694/694/694 691/691/691 
f 693/693/693 694/694/694 691/691/691 
f 697/697/697 698/698/698 699/699/699 
f 697/697/697 698/698/698 699/699/699 
f 697/697/697 698/698/698 699/699/699 
f 699/699/699 700/700/700 697/697/697 
f 699/699/699 700/700/700 697/697/697 
f 699/699/699 700/700/700 697/697/697 
f 704/704/704 705/705/705 706/706/706 
f 704/704/704 705/705/705 706/706/706 
f 704/704/704 705/705/705 706/706/706 
f 706/706/706 707/707/707 704/704/704 
f 706/706/706 707/707/707 704/704/704 
f 706/706/706 707/707/707 704/704/704 
f 711/711/711 712/712/712 713/713/713 
f 711/711/711 712/712/712 713/713/713 
f 711/711/711 712/712/712 713/713/713 
f 713/713/713 712/712/712 714/714/714 
f 713/713/713 712/712/712 714/714/714 
f 713/713/713 712/712/712 714/714/714 
f 718/718/718 719/719/719 720/720/720 
f 718/718/718 719/719/719 720/720/720 
f 718/718/718 719/719/719 720/720/720 
f 721/721/721 720/720/720 719/719/719 
f 721/721/721 720/720/720 719/719/719 
f 721/721/721 720/720/720 719/719/719 
f 727/727/727 728/728/728 729/729/729 
f 727/727/727 728/728/728 729/729/729 
f 727/727/727 728/728/728 729/729/729 
f 732/732/732 733/733/733 734/734/734 
f 732/732/732 733/733/733 734/734/734 
f 732/732/732 733/733/733 734/734/734 
f 734/734/734 735/735/735 732/732/732 
f 734/734/734 735/735/735 732/732/732 
f 734/734/734 735/735/735 732/732/732 
f 742/742/742 743/743/743 744/744/744 
f 742/742/742 743/743/743 744/744/744 
f 742/742/742 743/743/743 744/744/744 
f 745/745/745 744/744/744 743/743/743 
f 745/745/745 744/744/744 743/743/743 
f 745/745/745 744/744/744 743/743/743 
f 747/747/747 748/748/748 749/749/749 
f 747/747/747 748/748/748 749/749/749 
f 747/747/747 748/748/748 749/749/749 
f 749/749/749 750/750/750 747/747/747 
f 749/749/749 750/750/750 747/747/747 
f 749/749/749 750/750/750 747/747/747 
f 752/752/752 753/753/753 754/754/754 
f 752/752/752 753/753/753 754/754/754 
f 752/752/752 753/753/753 754/754/754 
f 754/754/754 755/755/755 752/752/752 
f 754/754/754 755/755/755 752/752/752 
f 754/754/754 755/755/755 752/752/752 
f 760/760/760 761/761/761 762/762/762 
f 760/760/760 761/761/761 762/762/762 
f 760/760/760 761/761/761 762/762/762 
f 762/762/762 763/763/763 760/760/760 
f 762/762/762 763/763/763 760/760/760 
f 762/762/762 763/763/763 760/760/760 
f 764/764/764 765/765/765 766/766/766 
f 764/764/764 765/765/765 766/766/766 
f 764/764/764 765/765/765 766/766/766 
f 765/765/765 764/764/764 767/767/767 
f 765/765/765 764/764/764 767/767/767 
f 765/765/765 764/764/764 767/767/767 
f 768/768/768 769/769/769 770/770/770 
f 768/768/768 769/769/769 770/770/770 
f 768/768/768 769/769/769 770/770/770 
f 770/770/770 771/771/771 768/768/768 
f 770/770/770 771/771/771 768/768/768 
f 770/770/770 771/771/771 768/768/768 
f 772/772/772 773/773/773 774/774/774 
f 772/772/772 773/773/773 774/774/774 
f 772/772/772 773/773/773 774/774/774 
f 773/773/773 772/772/772 775/775/775 
f 773/773/773 772/772/772 775/775/775 
f 773/773/773 772/772/772 775/775/775 
f 776/776/776 777/777/777 778/778/778 
f 776/776/776 777/777/777 778/778/778 
f 776/776/776 777/777/777 778/778/778 
f 778/778/778 779/779/779 776/776/776 
f 778/778/778 779/779/779 776/776/776 
f 778/778/778 779/779/779 776/776/776 
f 780/780/780 781/781/781 782/782/782 
f 780/780/780 781/781/781 782/782/782 
f 780/780/780 781/781/781 782/782/782 
f 781/781/781 780/780/780 783/783/783 
f 781/781/781 780/780/780 783/783/783 
f 781/781/781 780/780/780 783/783/783 
f 785/785/785 786/786/786 787/787/787 
f 785/785/785 786/786/786 787/787/787 
f 785/785/785 786/786/786 787/787/787 
f 787/787/787 788/788/788 785/785/785 
f 787/787/787 788/788/788 785/785/785 
f 787/787/787 788/788/788 785/785/785 
f 789/789/789 790/790/790 791/791/791 
f 789/789/789 790/790/790 791/791/791 
f 789/789/789 790/790/790 791/791/791 
f 792/792/792 791/791/791 790/790/790 
f 792/792/792 791/791/791 790/790/790 
f 792/792/792 791/791/791 790/790/790 
f 793/793/793 794/794/794 795/795/795 
f 793/793/793 794/794/794 795/795/795 
f 793/793/793 794/794/794 795/795/795 
f 794/794/794 793/793/793 796/796/796 
f 794/794/794 793/793/793 796/796/796 
f 794/794/794 793/793/793 796/796/796 
f 797/797/797 798/798/798 799/799/799 
f 797/797/797 798/798/798 799/799/799 
f 797/797/797 798/798/798 799/799/799 
f 798/798/798 797/797/797 800/800/800 
f 798/798/798 797/797/797 800/800/800 
f 798/798/798 797/797/797 800/800/800 
f 803/803/803 804/804/804 805/805/805 
f 803/803/803 804/804/804 805/805/805 
f 803/803/803 804/804/804 805/805/805 
f 804/804/804 803/803/803 806/806/806 
f 804/804/804 803/803/803 806/806/806 
f 804/804/804 803/803/803 806/806/806 
f 807/807/807 808/808/808 809/809/809 
f 807/807/807 808/808/808 809/809/809 
f 807/807/807 808/808/808 809/809/809 
f 808/808/808 807/807/807 810/810/810 
f 808/808/808 807/807/807 810/810/810 
f 808/808/808 807/807/807 810/810/810 
f 817/817/817 818/818/818 819/819/819 
f 817/817/817 818/818/818 819/819/819 
f 817/817/817 818/818/818 819/819/819 
f 819/819/819 820/820/820 817/817/817 
f 819/819/819 820/820/820 817/817/817 
f 819/819/819 820/820/820 817/817/817 
f 822/822/822 823/823/823 824/824/824 
f 822/822/822 823/823/823 824/824/824 
f 822/822/822 823/823/823 824/824/824 
f 822/822/822 824/824/824 825/825/825 
f 822/822/822 824/824/824 825/825/825 
f 822/822/822 824/824/824 825/825/825 
f 827/827/827 828/828/828 829/829/829 
f 827/827/827 828/828/828 829/829/829 
f 827/827/827 828/828/828 829/829/829 
f 829/829/829 830/830/830 827/827/827 
f 829/829/829 830/830/830 827/827/827 
f 829/829/829 830/830/830 827/827/827 
f 833/833/833 834/834/834 835/835/835 
f 833/833/833 834/834/834 835/835/835 
f 833/833/833 834/834/834 835/835/835 
f 834/834/834 836/836/836 835/835/835 
f 834/834/834 836/836/836 835/835/835 
f 834/834/834 836/836/836 835/835/835 
f 838/838/838 839/839/839 840/840/840 
f 838/838/838 839/839/839 840/840/840 
f 838/838/838 839/839/839 840/840/840 
f 839/839/839 838/838/838 841/841/841 
f 839/839/839 838/838/838 841/841/841 
f 839/839/839 838/838/838 841/841/841 
f 842/842/842 843/843/843 844/844/844 
f 842/842/842 843/843/843 844/844/844 
f 842/842/842 843/843/843 844/844/844 
f 844/844/844 845/845/845 842/842/842 
f 844/844/844 845/845/845 842/842/842 
f 844/844/844 845/845/845 842/842/842 
f 846/846/846 847/847/847 848/848/848 
f 846/846/846 847/847/847 848/848/848 
f 846/846/846 847/847/847 848/848/848 
f 847/847/847 846/846/846 849/849/849 
f 847/847/847 846/846/846 849/849/849 
f 847/847/847 846/846/846 849/849/849 
f 850/850/850 851/851/851 852/852/852 
f 850/850/850 851/851/851 852/852/852 
f 850/850/850 851/851/851 852/852/852 
f 851/851/851 850/850/850 853/853/853 
f 851/851/851 850/850/850 853/853/853 
f 851/851/851 850/850/850 853/853/853 
f 857/857/857 858/858/858 859/859/859 
f 857/857/857 858/858/858 859/859/859 
f 857/857/857 858/858/858 859/859/859 
f 858/858/858 857/857/857 860/860/860 
f 858/858/858 857/857/857 860/860/860 
f 858/858/858 857/857/857 860/860/860 
f 861/861/861 862/862/862 863/863/863 
f 861/861/861 862/862/862 863/863/863 
f 861/861/861 862/862/862 863/863/863 
f 862/862/862 861/861/861 864/864/864 
f 862/862/862 861/861/861 864/864/864 
f 862/862/862 861/861/861 864/864/864 
f 865/865/865 866/866/866 867/867/867 
f 865/865/865 866/866/866 867/867/867 
f 865/865/865 866/866/866 867/867/867 
f 868/868/868 869/869/869 870/870/870 
f 868/868/868 869/869/869 870/870/870 
f 868/868/868 869/869/869 870/870/870 
f 871/871/871 872/872/872 873/873/873 
f 871/871/871 872/872/872 873/873/873 
f 871/871/871 872/872/872 873/873/873 
f 872/872/872 871/871/871 874/874/874 
f 872/872/872 871/871/871 874/874/874 
f 872/872/872 871/871/871 874/874/874 
f 875/875/875 876/876/876 877/877/877 
f 875/875/875 876/876/876 877/877/877 
f 875/875/875 876/876/876 877/877/877 
f 875/875/875 878/878/878 876/876/876 
f 875/875/875 878/878/878 876/876/876 
f 875/875/875 878/878/878 876/876/876 
f 941/941/941 942/942/942 943/943/943 
f 941/941/941 942/942/942 943/943/943 
f 941/941/941 942/942/942 943/943/943 
f 943/943/943 944/944/944 941/941/941 
f 943/943/943 944/944/944 941/941/941 
f 943/943/943 944/944/944 941/941/941 
f 945/945/945 946/946/946 947/947/947 
f 945/945/945 946/946/946 947/947/947 
f 945/945/945 946/946/946 947/947/947 
f 946/946/946 945/945/945 948/948/948 
f 946/946/946 945/945/945 948/948/948 
f 946/946/946 945/945/945 948/948/948 
f 949/949/949 950/950/950 951/951/951 
f 949/949/949 950/950/950 951/951/951 
f 949/949/949 950/950/950 951/951/951 
f 950/950/950 949/949/949 952/952/952 
f 950/950/950 949/949/949 952/952/952 
f 950/950/950 949/949/949 952/952/952 
f 953/953/953 954/954/954 955/955/955 
f 953/953/953 954/954/954 955/955/955 
f 953/953/953 954/954/954 955/955/955 
f 955/955/955 954/954/954 956/956/956 
f 955/955/955 954/954/954 956/956/956 
f 955/955/955 954/954/954 956/956/956 
f 957/957/957 958/958/958 959/959/959 
f 957/957/957 958/958/958 959/959/959 
f 957/957/957 958/958/958 959/959/959 
f 959/959/959 960/960/960 957/957/957 
f 959/959/959 960/960/960 957/957/957 
f 959/959/959 960/960/960 957/957/957 
f 961/961/961 962/962/962 963/963/963 
f 961/961/961 962/962/962 963/963/963 
f 961/961/961 962/962/962 963/963/963 
f 963/963/963 964/964/964 961/961/961 
f 963/963/963 964/964/964 961/961/961 
f 963/963/963 964/964/964 961/961/961 
f 965/965/965 966/966/966 967/967/967 
f 965/965/965 966/966/966 967/967/967 
f 965/965/965 966/966/966 967/967/967 
f 966/966/966 965/965/965 968/968/968 
f 966/966/966 965/965/965 968/968/968 
f 966/966/966 965/965/965 968/968/968 
f 969/969/969 970/970/970 971/971/971 
f 969/969/969 970/970/970 971/971/971 
f 969/969/969 970/970/970 971/971/971 
f 971/971/971 972/972/972 969/969/969 
f 971/971/971 972/972/972 969/969/969 
f 971/971/971 972/972/972 969/969/969 
f 973/973/973 974/974/974 975/975/975 
f 973/973/973 974/974/974 975/975/975 
f 973/973/973 974/974/974 975/975/975 
f 974/974/974 973/973/973 976/976/976 
f 974/974/974 973/973/973 976/976/976 
f 974/974/974 973/973/973 976/976/976 
f 977/977/977 978/978/978 979/979/979 
f 977/977/977 978/978/978 979/979/979 
f 977/977/977 978/978/978 979/979/979 
f 980/980/980 979/979/979 978/978/978 
f 980/980/980 979/979/979 978/978/978 
f 980/980/980 979/979/979 978/978/978 
f 981/981/981 982/982/982 983/983/983 
f 981/981/981 982/982/982 983/983/983 
f 981/981/981 982/982/982 983/983/983 
f 983/983/983 984/984/984 981/981/981 
f 983/983/983 984/984/984 981/981/981 
f 983/983/983 984/984/984 981/981/981 
f 985/985/985 986/986/986 987/987/987 
f 985/985/985 986/986/986 987/987/987 
f 985/985/985 986/986/986 987/987/987 
f 987/987/987 988/988/988 985/985/985 
f 987/987/987 988/988/988 985/985/985 
f 987/987/987 988/988/988 985/985/985 
f 992/992/992 993/993/993 994/994/994 
f 992/992/992 993/993/993 994/994/994 
f 992/992/992 993/993/993 994/994/994 
f 993/993/993 992/992/992 995/995/995 
f 993/993/993 992/992/992 995/995/995 
f 993/993/993 992/992/992 995/995/995 
f 1000/1000/1000 1001/1001/1001 1002/1002/1002 
f 1000/1000/1000 1001/1001/1001 1002/1002/1002 
f 1000/1000/1000 1001/1001/1001 1002/1002/1002 
f 1000/1000/1000 1002/1002/1002 1003/1003/1003 
f 1000/1000/1000 1002/1002/1002 1003/1003/1003 
f 1000/1000/1000 1002/1002/1002 1003/1003/1003 
f 1004/1004/1004 1005/1005/1005 1006/1006/1006 
f 1004/1004/1004 1005/1005/1005 1006/1006/1006 
f 1004/1004/1004 1005/1005/1005 1006/1006/1006 
f 1006/1006/1006 1007/1007/1007 1004/1004/1004 
f 1006/1006/1006 1007/1007/1007 1004/1004/1004 
f 1006/1006/1006 1007/1007/1007 1004/1004/1004 
f 1008/1008/1008 1009/1009/1009 1010/1010/1010 
f 1008/1008/1008 1009/1009/1009 1010/1010/1010 
f 1008/1008/1008 1009/1009/1009 1010/1010/1010 
f 1009/1009/1009 1011/1011/1011 1010/1010/1010 
f 1009/1009/1009 1011/1011/1011 1010/1010/1010 
f 1009/1009/1009 1011/1011/1011 1010/1010/1010 
f 1012/1012/1012 1013/1013/1013 1014/1014/1014 
f 1012/1012/1012 1013/1013/1013 1014/1014/1014 
f 1012/1012/1012 1013/1013/1013 1014/1014/1014 
f 1013/1013/1013 1012/1012/1012 1015/1015/1015 
f 1013/1013/1013 1012/1012/1012 1015/1015/1015 
f 1013/1013/1013 1012/1012/1012 1015/1015/1015 
f 1024/1024/1024 1025/1025/1025 1026/1026/1026 
f 1024/1024/1024 1025/1025/1025 1026/1026/1026 
f 1024/1024/1024 1025/1025/1025 1026/1026/1026 
f 1026/1026/1026 1027/1027/1027 1024/1024/1024 
f 1026/1026/1026 1027/1027/1027 1024/1024/1024 
f 1026/1026/1026 1027/1027/1027 1024/1024/1024 
f 1028/1028/1028 1029/1029/1029 1030/1030/1030 
f 1028/1028/1028 1029/1029/1029 1030/1030/1030 
f 1028/1028/1028 1029/1029/1029 1030/1030/1030 
f 1029/1029/1029 1028/1028/1028 1031/1031/1031 
f 1029/1029/1029 1028/1028/1028 1031/1031/1031 
f 1029/1029/1029 1028/1028/1028 1031/1031/1031 
f 1032/1032/1032 1033/1033/1033 1034/1034/1034 
f 1032/1032/1032 1033/1033/1033 1034/1034/1034 
f 1032/1032/1032 1033/1033/1033 1034/1034/1034 
f 1033/1033/1033 1032/1032/1032 1035/1035/1035 
f 1033/1033/1033 1032/1032/1032 1035/1035/1035 
f 1033/1033/1033 1032/1032/1032 1035/1035/1035 
f 1036/1036/1036 1037/1037/1037 1038/1038/1038 
f 1036/1036/1036 1037/1037/1037 1038/1038/1038 
f 1036/1036/1036 1037/1037/1037 1038/1038/1038 
f 1037/1037/1037 1036/1036/1036 1039/1039/1039 
f 1037/1037/1037 1036/1036/1036 1039/1039/1039 
f 1037/1037/1037 1036/1036/1036 1039/1039/1039 
f 1040/1040/1040 1041/1041/1041 1042/1042/1042 
f 1040/1040/1040 1041/1041/1041 1042/1042/1042 
f 1040/1040/1040 1041/1041/1041 1042/1042/1042 
f 1041/1041/1041 1040/1040/1040 1043/1043/1043 
f 1041/1041/1041 1040/1040/1040 1043/1043/1043 
f 1041/1041/1041 1040/1040/1040 1043/1043/1043 
f 1044/1044/1044 1045/1045/1045 1046/1046/1046 
f 1044/1044/1044 1045/1045/1045 1046/1046/1046 
f 1044/1044/1044 1045/1045/1045 1046/1046/1046 
f 1046/1046/1046 1047/1047/1047 1044/1044/1044 
f 1046/1046/1046 1047/1047/1047 1044/1044/1044 
f 1046/1046/1046 1047/1047/1047 1044/1044/1044 
f 1048/1048/1048 1049/1049/1049 1050/1050/1050 
f 1048/1048/1048 1049/1049/1049 1050/1050/1050 
f 1048/1048/1048 1049/1049/1049 1050/1050/1050 
f 1049/1049/1049 1048/1048/1048 1051/1051/1051 
f 1049/1049/1049 1048/1048/1048 1051/1051/1051 
f 1049/1049/1049 1048/1048/1048 1051/1051/1051 
f 1052/1052/1052 1053/1053/1053 1054/1054/1054 
f 1052/1052/1052 1053/1053/1053 1054/1054/1054 
f 1052/1052/1052 1053/1053/1053 1054/1054/1054 
f 1055/1055/1055 1054/1054/1054 1053/1053/1053 
f 1055/1055/1055 1054/1054/1054 1053/1053/1053 
f 1055/1055/1055 1054/1054/1054 1053/1053/1053 
f 1056/1056/1056 1057/1057/1057 1058/1058/1058 
f 1056/1056/1056 1057/1057/1057 1058/1058/1058 
f 1056/1056/1056 1057/1057/1057 1058/1058/1058 
f 1057/1057/1057 1056/1056/1056 1059/1059/1059 
f 1057/1057/1057 1056/1056/1056 1059/1059/1059 
f 1057/1057/1057 1056/1056/1056 1059/1059/1059 
f 1060/1060/1060 1061/1061/1061 1062/1062/1062 
f 1060/1060/1060 1061/1061/1061 1062/1062/1062 
f 1060/1060/1060 1061/1061/1061 1062/1062/1062 
f 1060/1060/1060 1063/1063/1063 1061/1061/1061 
f 1060/1060/1060 1063/1063/1063 1061/1061/1061 
f 1060/1060/1060 1063/1063/1063 1061/1061/1061 
f 1064/1064/1064 1065/1065/1065 1066/1066/1066 
f 1064/1064/1064 1065/1065/1065 1066/1066/1066 
f 1064/1064/1064 1065/1065/1065 1066/1066/1066 
f 1065/1065/1065 1064/1064/1064 1067/1067/1067 
f 1065/1065/1065 1064/1064/1064 1067/1067/1067 
f 1065/1065/1065 1064/1064/1064 1067/1067/1067 
f 1068/1068/1068 1069/1069/1069 1070/1070/1070 
f 1068/1068/1068 1069/1069/1069 1070/1070/1070 
f 1068/1068/1068 1069/1069/1069 1070/1070/1070 
f 1070/1070/1070 1071/1071/1071 1068/1068/1068 
f 1070/1070/1070 1071/1071/1071 1068/1068/1068 
f 1070/1070/1070 1071/1071/1071 1068/1068/1068 
f 1072/1072/1072 1073/1073/1073 1074/1074/1074 
f 1072/1072/1072 1073/1073/1073 1074/1074/1074 
f 1072/1072/1072 1073/1073/1073 1074/1074/1074 
f 1074/1074/1074 1075/1075/1075 1072/1072/1072 
f 1074/1074/1074 1075/1075/1075 1072/1072/1072 
f 1074/1074/1074 1075/1075/1075 1072/1072/1072 
f 1076/1076/1076 1077/1077/1077 1078/1078/1078 
f 1076/1076/1076 1077/1077/1077 1078/1078/1078 
f 1076/1076/1076 1077/1077/1077 1078/1078/1078 
f 1077/1077/1077 1076/1076/1076 1079/1079/1079 
f 1077/1077/1077 1076/1076/1076 1079/1079/1079 
f 1077/1077/1077 1076/1076/1076 1079/1079/1079 
f 1080/1080/1080 1081/1081/1081 1082/1082/1082 
f 1080/1080/1080 1081/1081/1081 1082/1082/1082 
f 1080/1080/1080 1081/1081/1081 1082/1082/1082 
f 1082/1082/1082 1083/1083/1083 1080/1080/1080 
f 1082/1082/1082 1083/1083/1083 1080/1080/1080 
f 1082/1082/1082 1083/1083/1083 1080/1080/1080 
f 1084/1084/1084 1085/1085/1085 1086/1086/1086 
f 1084/1084/1084 1085/1085/1085 1086/1086/1086 
f 1084/1084/1084 1085/1085/1085 1086/1086/1086 
f 1085/1085/1085 1084/1084/1084 1087/1087/1087 
f 1085/1085/1085 1084/1084/1084 1087/1087/1087 
f 1085/1085/1085 1084/1084/1084 1087/1087/1087 
f 1088/1088/1088 1089/1089/1089 1090/1090/1090 
f 1088/1088/1088 1089/1089/1089 1090/1090/1090 
f 1088/1088/1088 1089/1089/1089 1090/1090/1090 
f 1089/1089/1089 1088/1088/1088 1091/1091/1091 
f 1089/1089/1089 1088/1088/1088 1091/1091/1091 
f 1089/1089/1089 1088/1088/1088 1091/1091/1091 
f 1092/1092/1092 1093/1093/1093 1094/1094/1094 
f 1092/1092/1092 1093/1093/1093 1094/1094/1094 
f 1092/1092/1092 1093/1093/1093 1094/1094/1094 
f 1095/1095/1095 1096/1096/1096 1097/1097/1097 
f 1095/1095/1095 1096/1096/1096 1097/1097/1097 
f 1095/1095/1095 1096/1096/1096 1097/1097/1097 
f 1095/1095/1095 1097/1097/1097 1098/1098/1098 
f 1095/1095/1095 1097/1097/1097 1098/1098/1098 
f 1095/1095/1095 1097/1097/1097 1098/1098/1098 
f 1099/1099/1099 1100/1100/1100 1101/1101/1101 
f 1099/1099/1099 1100/1100/1100 1101/1101/1101 
f 1099/1099/1099 1100/1100/1100 1101/1101/1101 
f 1101/1101/1101 1102/1102/1102 1099/1099/1099 
f 1101/1101/1101 1102/1102/1102 1099/1099/1099 
f 1101/1101/1101 1102/1102/1102 1099/1099/1099 
f 1103/1103/1103 1104/1104/1104 1105/1105/1105 
f 1103/1103/1103 1104/1104/1104 1105/1105/1105 
f 1103/1103/1103 1104/1104/1104 1105/1105/1105 
f 1104/1104/1104 1103/1103/1103 1106/1106/1106 
f 1104/1104/1104 1103/1103/1103 1106/1106/1106 
f 1104/1104/1104 1103/1103/1103 1106/1106/1106 
f 1107/1107/1107 1108/1108/1108 1109/1109/1109 
f 1107/1107/1107 1108/1108/1108 1109/1109/1109 
f 1107/1107/1107 1108/1108/1108 1109/1109/1109 
f 1109/1109/1109 1110/1110/1110 1107/1107/1107 
f 1109/1109/1109 1110/1110/1110 1107/1107/1107 
f 1109/1109/1109 1110/1110/1110 1107/1107/1107 
f 1113/1113/1113 1114/1114/1114 1115/1115/1115 
f 1113/1113/1113 1114/1114/1114 1115/1115/1115 
f 1113/1113/1113 1114/1114/1114 1115/1115/1115 
f 1114/1114/1114 1113/1113/1113 1116/1116/1116 
f 1114/1114/1114 1113/1113/1113 1116/1116/1116 
f 1114/1114/1114 1113/1113/1113 1116/1116/1116 
f 1117/1117/1117 1118/1118/1118 1119/1119/1119 
f 1117/1117/1117 1118/1118/1118 1119/1119/1119 
f 1117/1117/1117 1118/1118/1118 1119/1119/1119 
f 1119/1119/1119 1120/1120/1120 1117/1117/1117 
f 1119/1119/1119 1120/1120/1120 1117/1117/1117 
f 1119/1119/1119 1120/1120/1120 1117/1117/1117 
f 1121/1121/1121 1122/1122/1122 1123/1123/1123 
f 1121/1121/1121 1122/1122/1122 1123/1123/1123 
f 1121/1121/1121 1122/1122/1122 1123/1123/1123 
f 1124/1124/1124 1123/1123/1123 1122/1122/1122 
f 1124/1124/1124 1123/1123/1123 1122/1122/1122 
f 1124/1124/1124 1123/1123/1123 1122/1122/1122 
f 1125/1125/1125 1126/1126/1126 1127/1127/1127 
f 1125/1125/1125 1126/1126/1126 1127/1127/1127 
f 1125/1125/1125 1126/1126/1126 1127/1127/1127 
f 1127/1127/1127 1128/1128/1128 1125/1125/1125 
f 1127/1127/1127 1128/1128/1128 1125/1125/1125 
f 1127/1127/1127 1128/1128/1128 1125/1125/1125 
f 1129/1129/1129 1130/1130/1130 1131/1131/1131 
f 1129/1129/1129 1130/1130/1130 1131/1131/1131 
f 1129/1129/1129 1130/1130/1130 1131/1131/1131 
f 1130/1130/1130 1129/1129/1129 1132/1132/1132 
f 1130/1130/1130 1129/1129/1129 1132/1132/1132 
f 1130/1130/1130 1129/1129/1129 1132/1132/1132 
f 1133/1133/1133 1134/1134/1134 1135/1135/1135 
f 1133/1133/1133 1134/1134/1134 1135/1135/1135 
f 1133/1133/1133 1134/1134/1134 1135/1135/1135 
f 1135/1135/1135 1136/1136/1136 1133/1133/1133 
f 1135/1135/1135 1136/1136/1136 1133/1133/1133 
f 1135/1135/1135 1136/1136/1136 1133/1133/1133 
f 1137/1137/1137 1138/1138/1138 1139/1139/1139 
f 1137/1137/1137 1138/1138/1138 1139/1139/1139 
f 1137/1137/1137 1138/1138/1138 1139/1139/1139 
f 1138/1138/1138 1137/1137/1137 1140/1140/1140 
f 1138/1138/1138 1137/1137/1137 1140/1140/1140 
f 1138/1138/1138 1137/1137/1137 1140/1140/1140 
f 1148/1148/1148 1149/1149/1149 1150/1150/1150 
f 1148/1148/1148 1149/1149/1149 1150/1150/1150 
f 1148/1148/1148 1149/1149/1149 1150/1150/1150 
f 1151/1151/1151 1150/1150/1150 1149/1149/1149 
f 1151/1151/1151 1150/1150/1150 1149/1149/1149 
f 1151/1151/1151 1150/1150/1150 1149/1149/1149 
f 1152/1152/1152 1153/1153/1153 1154/1154/1154 
f 1152/1152/1152 1153/1153/1153 1154/1154/1154 
f 1152/1152/1152 1153/1153/1153 1154/1154/1154 
f 1153/1153/1153 1152/1152/1152 1155/1155/1155 
f 1153/1153/1153 1152/1152/1152 1155/1155/1155 
f 1153/1153/1153 1152/1152/1152 1155/1155/1155 
f 1156/1156/1156 1157/1157/1157 1158/1158/1158 
f 1156/1156/1156 1157/1157/1157 1158/1158/1158 
f 1156/1156/1156 1157/1157/1157 1158/1158/1158 
f 1159/1159/1159 1158/1158/1158 1157/1157/1157 
f 1159/1159/1159 1158/1158/1158 1157/1157/1157 
f 1159/1159/1159 1158/1158/1158 1157/1157/1157 
f 1160/1160/1160 1161/1161/1161 1162/1162/1162 
f 1160/1160/1160 1161/1161/1161 1162/1162/1162 
f 1160/1160/1160 1161/1161/1161 1162/1162/1162 
f 1161/1161/1161 1163/1163/1163 1162/1162/1162 
f 1161/1161/1161 1163/1163/1163 1162/1162/1162 
f 1161/1161/1161 1163/1163/1163 1162/1162/1162 
f 1164/1164/1164 1165/1165/1165 1166/1166/1166 
f 1164/1164/1164 1165/1165/1165 1166/1166/1166 
f 1164/1164/1164 1165/1165/1165 1166/1166/1166 
f 1165/1165/1165 1164/1164/1164 1167/1167/1167 
f 1165/1165/1165 1164/1164/1164 1167/1167/1167 
f 1165/1165/1165 1164/1164/1164 1167/1167/1167 
f 1168/1168/1168 1169/1169/1169 1170/1170/1170 
f 1168/1168/1168 1169/1169/1169 1170/1170/1170 
f 1168/1168/1168 1169/1169/1169 1170/1170/1170 
f 1169/1169/1169 1168/1168/1168 1171/1171/1171 
f 1169/1169/1169 1168/1168/1168 1171/1171/1171 
f 1169/1169/1169 1168/1168/1168 1171/1171/1171 
f 1172/1172/1172 1173/1173/1173 1174/1174/1174 
f 1172/1172/1172 1173/1173/1173 1174/1174/1174 
f 1172/1172/1172 1173/1173/1173 1174/1174/1174 
f 1173/1173/1173 1172/1172/1172 1175/1175/1175 
f 1173/1173/1173 1172/1172/1172 1175/1175/1175 
f 1173/1173/1173 1172/1172/1172 1175/1175/1175 
f 1176/1176/1176 1177/1177/1177 1178/1178/1178 
f 1176/1176/1176 1177/1177/1177 1178/1178/1178 
f 1176/1176/1176 1177/1177/1177 1178/1178/1178 
f 1177/1177/1177 1176/1176/1176 1179/1179/1179 
f 1177/1177/1177 1176/1176/1176 1179/1179/1179 
f 1177/1177/1177 1176/1176/1176 1179/1179/1179 
f 1180/1180/1180 1181/1181/1181 1182/1182/1182 
f 1180/1180/1180 1181/1181/1181 1182/1182/1182 
f 1180/1180/1180 1181/1181/1181 1182/1182/1182 
f 1182/1182/1182 1183/1183/1183 1180/1180/1180 
f 1182/1182/1182 1183/1183/1183 1180/1180/1180 
f 1182/1182/1182 1183/1183/1183 1180/1180/1180 
f 1184/1184/1184 1185/1185/1185 1186/1186/1186 
f 1184/1184/1184 1185/1185/1185 1186/1186/1186 
f 1184/1184/1184 1185/1185/1185 1186/1186/1186 
f 1185/1185/1185 1184/1184/1184 1187/1187/1187 
f 1185/1185/1185 1184/1184/1184 1187/1187/1187 
f 1185/1185/1185 1184/1184/1184 1187/1187/1187 
f 1188/1188/1188 1189/1189/1189 1190/1190/1190 
f 1188/1188/1188 1189/1189/1189 1190/1190/1190 
f 1188/1188/1188 1189/1189/1189 1190/1190/1190 
f 1190/1190/1190 1191/1191/1191 1188/1188/1188 
f 1190/1190/1190 1191/1191/1191 1188/1188/1188 
f 1190/1190/1190 1191/1191/1191 1188/1188/1188 
f 1192/1192/1192 1193/1193/1193 1194/1194/1194 
f 1192/1192/1192 1193/1193/1193 1194/1194/1194 
f 1192/1192/1192 1193/1193/1193 1194/1194/1194 
f 1193/1193/1193 1192/1192/1192 1195/1195/1195 
f 1193/1193/1193 1192/1192/1192 1195/1195/1195 
f 1193/1193/1193 1192/1192/1192 1195/1195/1195 
f 1196/1196/1196 1197/1197/1197 1198/1198/1198 
f 1196/1196/1196 1197/1197/1197 1198/1198/1198 
f 1196/1196/1196 1197/1197/1197 1198/1198/1198 
f 1198/1198/1198 1199/1199/1199 1196/1196/1196 
f 1198/1198/1198 1199/1199/1199 1196/1196/1196 
f 1198/1198/1198 1199/1199/1199 1196/1196/1196 
f 1200/1200/1200 1201/1201/1201 1202/1202/1202 
f 1200/1200/1200 1201/1201/1201 1202/1202/1202 
f 1200/1200/1200 1201/1201/1201 1202/1202/1202 
f 1202/1202/1202 1203/1203/1203 1200/1200/1200 
f 1202/1202/1202 1203/1203/1203 1200/1200/1200 
f 1202/1202/1202 1203/1203/1203 1200/1200/1200 
f 1204/1204/1204 1205/1205/1205 1206/1206/1206 
f 1204/1204/1204 1205/1205/1205 1206/1206/1206 
f 1204/1204/1204 1205/1205/1205 1206/1206/1206 
f 1206/1206/1206 1207/1207/1207 1204/1204/1204 
f 1206/1206/1206 1207/1207/1207 1204/1204/1204 
f 1206/1206/1206 1207/1207/1207 1204/1204/1204 
f 1208/1208/1208 1209/1209/1209 1210/1210/1210 
f 1208/1208/1208 1209/1209/1209 1210/1210/1210 
f 1208/1208/1208 1209/1209/1209 1210/1210/1210 
f 1209/1209/1209 1208/1208/1208 1211/1211/1211 
f 1209/1209/1209 1208/1208/1208 1211/1211/1211 
f 1209/1209/1209 1208/1208/1208 1211/1211/1211 
f 1212/1212/1212 1213/1213/1213 1214/1214/1214 
f 1212/1212/1212 1213/1213/1213 1214/1214/1214 
f 1212/1212/1212 1213/1213/1213 1214/1214/1214 
f 1213/1213/1213 1212/1212/1212 1215/1215/1215 
f 1213/1213/1213 1212/1212/1212 1215/1215/1215 
f 1213/1213/1213 1212/1212/1212 1215/1215/1215 
f 1216/1216/1216 1217/1217/1217 1218/1218/1218 
f 1216/1216/1216 1217/1217/1217 1218/1218/1218 
f 1216/1216/1216 1217/1217/1217 1218/1218/1218 
f 1217/1217/1217 1216/1216/1216 1219/1219/1219 
f 1217/1217/1217 1216/1216/1216 1219/1219/1219 
f 1217/1217/1217 1216/1216/1216 1219/1219/1219 
f 1229/1229/1229 1230/1230/1230 1231/1231/1231 
f 1229/1229/1229 1230/1230/1230 1231/1231/1231 
f 1229/1229/1229 1230/1230/1230 1231/1231/1231 
f 1232/1232/1232 1231/1231/1231 1230/1230/1230 
f 1232/1232/1232 1231/1231/1231 1230/1230/1230 
f 1232/1232/1232 1231/1231/1231 1230/1230/1230 
f 1233/1233/1233 1234/1234/1234 1235/1235/1235 
f 1233/1233/1233 1234/1234/1234 1235/1235/1235 
f 1233/1233/1233 1234/1234/1234 1235/1235/1235 
f 1236/1236/1236 1235/1235/1235 1234/1234/1234 
f 1236/1236/1236 1235/1235/1235 1234/1234/1234 
f 1236/1236/1236 1235/1235/1235 1234/1234/1234 
f 1237/1237/1237 1238/1238/1238 1239/1239/1239 
f 1237/1237/1237 1238/1238/1238 1239/1239/1239 
f 1237/1237/1237 1238/1238/1238 1239/1239/1239 
f 1240/1240/1240 1239/1239/1239 1238/1238/1238 
f 1240/1240/1240 1239/1239/1239 1238/1238/1238 
f 1240/1240/1240 1239/1239/1239 1238/1238/1238 
f 1241/1241/1241 1242/1242/1242 1243/1243/1243 
f 1241/1241/1241 1242/1242/1242 1243/1243/1243 
f 1241/1241/1241 1242/1242/1242 1243/1243/1243 
f 1242/1242/1242 1241/1241/1241 1244/1244/1244 
f 1242/1242/1242 1241/1241/1241 1244/1244/1244 
f 1242/1242/1242 1241/1241/1241 1244/1244/1244 
f 1245/1245/1245 1246/1246/1246 1247/1247/1247 
f 1245/1245/1245 1246/1246/1246 1247/1247/1247 
f 1245/1245/1245 1246/1246/1246 1247/1247/1247 
f 1247/1247/1247 1246/1246/1246 1248/1248/1248 
f 1247/1247/1247 1246/1246/1246 1248/1248/1248 
f 1247/1247/1247 1246/1246/1246 1248/1248/1248 
f 1249/1249/1249 1250/1250/1250 1251/1251/1251 
f 1249/1249/1249 1250/1250/1250 1251/1251/1251 
f 1249/1249/1249 1250/1250/1250 1251/1251/1251 
f 1250/1250/1250 1249/1249/1249 1252/1252/1252 
f 1250/1250/1250 1249/1249/1249 1252/1252/1252 
f 1250/1250/1250 1249/1249/1249 1252/1252/1252 
f 1254/1254/1254 1255/1255/1255 1256/1256/1256 
f 1254/1254/1254 1255/1255/1255 1256/1256/1256 
f 1254/1254/1254 1255/1255/1255 1256/1256/1256 
f 1256/1256/1256 1257/1257/1257 1254/1254/1254 
f 1256/1256/1256 1257/1257/1257 1254/1254/1254 
f 1256/1256/1256 1257/1257/1257 1254/1254/1254 
f 1258/1258/1258 1259/1259/1259 1260/1260/1260 
f 1258/1258/1258 1259/1259/1259 1260/1260/1260 
f 1258/1258/1258 1259/1259/1259 1260/1260/1260 
f 1259/1259/1259 1258/1258/1258 1261/1261/1261 
f 1259/1259/1259 1258/1258/1258 1261/1261/1261 
f 1259/1259/1259 1258/1258/1258 1261/1261/1261 
f 1262/1262/1262 1263/1263/1263 1264/1264/1264 
f 1262/1262/1262 1263/1263/1263 1264/1264/1264 
f 1262/1262/1262 1263/1263/1263 1264/1264/1264 
f 1263/1263/1263 1262/1262/1262 1265/1265/1265 
f 1263/1263/1263 1262/1262/1262 1265/1265/1265 
f 1263/1263/1263 1262/1262/1262 1265/1265/1265 
f 1266/1266/1266 1267/1267/1267 1268/1268/1268 
f 1266/1266/1266 1267/1267/1267 1268/1268/1268 
f 1266/1266/1266 1267/1267/1267 1268/1268/1268 
f 1267/1267/1267 1266/1266/1266 1269/1269/1269 
f 1267/1267/1267 1266/1266/1266 1269/1269/1269 
f 1267/1267/1267 1266/1266/1266 1269/1269/1269 
f 1270/1270/1270 1271/1271/1271 1272/1272/1272 
f 1270/1270/1270 1271/1271/1271 1272/1272/1272 
f 1270/1270/1270 1271/1271/1271 1272/1272/1272 
f 1271/1271/1271 1270/1270/1270 1273/1273/1273 
f 1271/1271/1271 1270/1270/1270 1273/1273/1273 
f 1271/1271/1271 1270/1270/1270 1273/1273/1273 
f 1274/1274/1274 1275/1275/1275 1276/1276/1276 
f 1274/1274/1274 1275/1275/1275 1276/1276/1276 
f 1274/1274/1274 1275/1275/1275 1276/1276/1276 
f 1275/1275/1275 1274/1274/1274 1277/1277/1277 
f 1275/1275/1275 1274/1274/1274 1277/1277/1277 
f 1275/1275/1275 1274/1274/1274 1277/1277/1277 
f 1278/1278/1278 1279/1279/1279 1280/1280/1280 
f 1278/1278/1278 1279/1279/1279 1280/1280/1280 
f 1278/1278/1278 1279/1279/1279 1280/1280/1280 
f 1279/1279/1279 1281/1281/1281 1280/1280/1280 
f 1279/1279/1279 1281/1281/1281 1280/1280/1280 
f 1279/1279/1279 1281/1281/1281 1280/1280/1280 
f 1283/1283/1283 1284/1284/1284 1285/1285/1285 
f 1283/1283/1283 1284/1284/1284 1285/1285/1285 
f 1283/1283/1283 1284/1284/1284 1285/1285/1285 
f 1286/1286/1286 1285/1285/1285 1284/1284/1284 
f 1286/1286/1286 1285/1285/1285 1284/1284/1284 
f 1286/1286/1286 1285/1285/1285 1284/1284/1284 
f 1287/1287/1287 1288/1288/1288 1289/1289/1289 
f 1287/1287/1287 1288/1288/1288 1289/1289/1289 
f 1287/1287/1287 1288/1288/1288 1289/1289/1289 
f 1289/1289/1289 1288/1288/1288 1290/1290/1290 
f 1289/1289/1289 1288/1288/1288 1290/1290/1290 
f 1289/1289/1289 1288/1288/1288 1290/1290/1290 
f 1293/1293/1293 1294/1294/1294 1295/1295/1295 
f 1293/1293/1293 1294/1294/1294 1295/1295/1295 
f 1293/1293/1293 1294/1294/1294 1295/1295/1295 
f 1294/1294/1294 1293/1293/1293 1296/1296/1296 
f 1294/1294/1294 1293/1293/1293 1296/1296/1296 
f 1294/1294/1294 1293/1293/1293 1296/1296/1296 
f 1301/1301/1301 1302/1302/1302 1303/1303/1303 
f 1301/1301/1301 1302/1302/1302 1303/1303/1303 
f 1301/1301/1301 1302/1302/1302 1303/1303/1303 
f 1302/1302/1302 1301/1301/1301 1304/1304/1304 
f 1302/1302/1302 1301/1301/1301 1304/1304/1304 
f 1302/1302/1302 1301/1301/1301 1304/1304/1304 
f 1305/1305/1305 1306/1306/1306 1307/1307/1307 
f 1305/1305/1305 1306/1306/1306 1307/1307/1307 
f 1305/1305/1305 1306/1306/1306 1307/1307/1307 
f 1306/1306/1306 1305/1305/1305 1308/1308/1308 
f 1306/1306/1306 1305/1305/1305 1308/1308/1308 
f 1306/1306/1306 1305/1305/1305 1308/1308/1308 
f 1323/1323/1323 1324/1324/1324 1325/1325/1325 
f 1323/1323/1323 1324/1324/1324 1325/1325/1325 
f 1323/1323/1323 1324/1324/1324 1325/1325/1325 
f 1326/1326/1326 1324/1324/1324 1323/1323/1323 
f 1326/1326/1326 1324/1324/1324 1323/1323/1323 
f 1326/1326/1326 1324/1324/1324 1323/1323/1323 
f 1327/1327/1327 1328/1328/1328 1329/1329/1329 
f 1327/1327/1327 1328/1328/1328 1329/1329/1329 
f 1327/1327/1327 1328/1328/1328 1329/1329/1329 
f 1328/1328/1328 1327/1327/1327 1330/1330/1330 
f 1328/1328/1328 1327/1327/1327 1330/1330/1330 
f 1328/1328/1328 1327/1327/1327 1330/1330/1330 
f 1331/1331/1331 1332/1332/1332 1333/1333/1333 
f 1331/1331/1331 1332/1332/1332 1333/1333/1333 
f 1331/1331/1331 1332/1332/1332 1333/1333/1333 
f 1332/1332/1332 1331/1331/1331 1334/1334/1334 
f 1332/1332/1332 1331/1331/1331 1334/1334/1334 
f 1332/1332/1332 1331/1331/1331 1334/1334/1334 
f 1335/1335/1335 1336/1336/1336 1337/1337/1337 
f 1335/1335/1335 1336/1336/1336 1337/1337/1337 
f 1335/1335/1335 1336/1336/1336 1337/1337/1337 
f 1336/1336/1336 1335/1335/1335 1338/1338/1338 
f 1336/1336/1336 1335/1335/1335 1338/1338/1338 
f 1336/1336/1336 1335/1335/1335 1338/1338/1338 
f 1339/1339/1339 1340/1340/1340 1341/1341/1341 
f 1339/1339/1339 1340/1340/1340 1341/1341/1341 
f 1339/1339/1339 1340/1340/1340 1341/1341/1341 
f 1340/1340/1340 1339/1339/1339 1342/1342/1342 
f 1340/1340/1340 1339/1339/1339 1342/1342/1342 
f 1340/1340/1340 1339/1339/1339 1342/1342/1342 
f 1343/1343/1343 1344/1344/1344 1345/1345/1345 
f 1343/1343/1343 1344/1344/1344 1345/1345/1345 
f 1343/1343/1343 1344/1344/1344 1345/1345/1345 
f 1344/1344/1344 1343/1343/1343 1346/1346/1346 
f 1344/1344/1344 1343/1343/1343 1346/1346/1346 
f 1344/1344/1344 1343/1343/1343 1346/1346/1346 
f 1347/1347/1347 1348/1348/1348 1349/1349/1349 
f 1347/1347/1347 1348/1348/1348 1349/1349/1349 
f 1347/1347/1347 1348/1348/1348 1349/1349/1349 
f 1349/1349/1349 1348/1348/1348 1350/1350/1350 
f 1349/1349/1349 1348/1348/1348 1350/1350/1350 
f 1349/1349/1349 1348/1348/1348 1350/1350/1350 
f 1351/1351/1351 1352/1352/1352 1353/1353/1353 
f 1351/1351/1351 1352/1352/1352 1353/1353/1353 
f 1351/1351/1351 1352/1352/1352 1353/1353/1353 
f 1352/1352/1352 1351/1351/1351 1354/1354/1354 
f 1352/1352/1352 1351/1351/1351 1354/1354/1354 
f 1352/1352/1352 1351/1351/1351 1354/1354/1354 
f 1355/1355/1355 1356/1356/1356 1357/1357/1357 
f 1355/1355/1355 1356/1356/1356 1357/1357/1357 
f 1355/1355/1355 1356/1356/1356 1357/1357/1357 
f 1356/1356/1356 1355/1355/1355 1358/1358/1358 
f 1356/1356/1356 1355/1355/1355 1358/1358/1358 
f 1356/1356/1356 1355/1355/1355 1358/1358/1358 
f 1359/1359/1359 1360/1360/1360 1361/1361/1361 
f 1359/1359/1359 1360/1360/1360 1361/1361/1361 
f 1359/1359/1359 1360/1360/1360 1361/1361/1361 
f 1361/1361/1361 1360/1360/1360 1362/1362/1362 
f 1361/1361/1361 1360/1360/1360 1362/1362/1362 
f 1361/1361/1361 1360/1360/1360 1362/1362/1362 
f 1363/1363/1363 1364/1364/1364 1365/1365/1365 
f 1363/1363/1363 1364/1364/1364 1365/1365/1365 
f 1363/1363/1363 1364/1364/1364 1365/1365/1365 
f 1365/1365/1365 1366/1366/1366 1363/1363/1363 
f 1365/1365/1365 1366/1366/1366 1363/1363/1363 
f 1365/1365/1365 1366/1366/1366 1363/1363/1363 
f 1367/1367/1367 1368/1368/1368 1369/1369/1369 
f 1367/1367/1367 1368/1368/1368 1369/1369/1369 
f 1367/1367/1367 1368/1368/1368 1369/1369/1369 
f 1368/1368/1368 1367/1367/1367 1370/1370/1370 
f 1368/1368/1368 1367/1367/1367 1370/1370/1370 
f 1368/1368/1368 1367/1367/1367 1370/1370/1370 
f 1371/1371/1371 1372/1372/1372 1373/1373/1373 
f 1371/1371/1371 1372/1372/1372 1373/1373/1373 
f 1371/1371/1371 1372/1372/1372 1373/1373/1373 
f 1372/1372/1372 1371/1371/1371 1374/1374/1374 
f 1372/1372/1372 1371/1371/1371 1374/1374/1374 
f 1372/1372/1372 1371/1371/1371 1374/1374/1374 
f 1375/1375/1375 1376/1376/1376 1377/1377/1377 
f 1375/1375/1375 1376/1376/1376 1377/1377/1377 
f 1375/1375/1375 1376/1376/1376 1377/1377/1377 
f 1376/1376/1376 1375/1375/1375 1378/1378/1378 
f 1376/1376/1376 1375/1375/1375 1378/1378/1378 
f 1376/1376/1376 1375/1375/1375 1378/1378/1378 
f 1379/1379/1379 1380/1380/1380 1381/1381/1381 
f 1379/1379/1379 1380/1380/1380 1381/1381/1381 
f 1379/1379/1379 1380/1380/1380 1381/1381/1381 
f 1380/1380/1380 1379/1379/1379 1382/1382/1382 
f 1380/1380/1380 1379/1379/1379 1382/1382/1382 
f 1380/1380/1380 1379/1379/1379 1382/1382/1382 
f 1383/1383/1383 1384/1384/1384 1385/1385/1385 
f 1383/1383/1383 1384/1384/1384 1385/1385/1385 
f 1383/1383/1383 1384/1384/1384 1385/1385/1385 
f 1384/1384/1384 1386/1386/1386 1385/1385/1385 
f 1384/1384/1384 1386/1386/1386 1385/1385/1385 
f 1384/1384/1384 1386/1386/1386 1385/1385/1385 
f 1387/1387/1387 1388/1388/1388 1389/1389/1389 
f 1387/1387/1387 1388/1388/1388 1389/1389/1389 
f 1387/1387/1387 1388/1388/1388 1389/1389/1389 
f 1388/1388/1388 1390/1390/1390 1389/1389/1389 
f 1388/1388/1388 1390/1390/1390 1389/1389/1389 
f 1388/1388/1388 1390/1390/1390 1389/1389/1389 
f 1391/1391/1391 1392/1392/1392 1393/1393/1393 
f 1391/1391/1391 1392/1392/1392 1393/1393/1393 
f 1391/1391/1391 1392/1392/1392 1393/1393/1393 
f 1392/1392/1392 1394/1394/1394 1393/1393/1393 
f 1392/1392/1392 1394/1394/1394 1393/1393/1393 
f 1392/1392/1392 1394/1394/1394 1393/1393/1393 
f 1398/1398/1398 1399/1399/1399 1400/1400/1400 
f 1398/1398/1398 1399/1399/1399 1400/1400/1400 
f 1398/1398/1398 1399/1399/1399 1400/1400/1400 
f 1399/1399/1399 1398/1398/1398 1401/1401/1401 
f 1399/1399/1399 1398/1398/1398 1401/1401/1401 
f 1399/1399/1399 1398/1398/1398 1401/1401/1401 
f 1402/1402/1402 1403/1403/1403 1404/1404/1404 
f 1402/1402/1402 1403/1403/1403 1404/1404/1404 
f 1402/1402/1402 1403/1403/1403 1404/1404/1404 
f 1403/1403/1403 1402/1402/1402 1405/1405/1405 
f 1403/1403/1403 1402/1402/1402 1405/1405/1405 
f 1403/1403/1403 1402/1402/1402 1405/1405/1405 
f 1406/1406/1406 1407/1407/1407 1408/1408/1408 
f 1406/1406/1406 1407/1407/1407 1408/1408/1408 
f 1406/1406/1406 1407/1407/1407 1408/1408/1408 
f 1409/1409/1409 1408/1408/1408 1407/1407/1407 
f 1409/1409/1409 1408/1408/1408 1407/1407/1407 
f 1409/1409/1409 1408/1408/1408 1407/1407/1407 
f 1410/1410/1410 1411/1411/1411 1412/1412/1412 
f 1410/1410/1410 1411/1411/1411 1412/1412/1412 
f 1410/1410/1410 1411/1411/1411 1412/1412/1412 
f 1411/1411/1411 1410/1410/1410 1413/1413/1413 
f 1411/1411/1411 1410/1410/1410 1413/1413/1413 
f 1411/1411/1411 1410/1410/1410 1413/1413/1413 
f 1414/1414/1414 1415/1415/1415 1416/1416/1416 
f 1414/1414/1414 1415/1415/1415 1416/1416/1416 
f 1414/1414/1414 1415/1415/1415 1416/1416/1416 
f 1417/1417/1417 1416/1416/1416 1415/1415/1415 
f 1417/1417/1417 1416/1416/1416 1415/1415/1415 
f 1417/1417/1417 1416/1416/1416 1415/1415/1415 
f 1418/1418/1418 1419/1419/1419 1420/1420/1420 
f 1418/1418/1418 1419/1419/1419 1420/1420/1420 
f 1418/1418/1418 1419/1419/1419 1420/1420/1420 
f 1421/1421/1421 1420/1420/1420 1419/1419/1419 
f 1421/1421/1421 1420/1420/1420 1419/1419/1419 
f 1421/1421/1421 1420/1420/1420 1419/1419/1419 
f 1422/1422/1422 1423/1423/1423 1424/1424/1424 
f 1422/1422/1422 1423/1423/1423 1424/1424/1424 
f 1422/1422/1422 1423/1423/1423 1424/1424/1424 
f 1424/1424/1424 1425/1425/1425 1422/1422/1422 
f 1424/1424/1424 1425/1425/1425 1422/1422/1422 
f 1424/1424/1424 1425/1425/1425 1422/1422/1422 
f 1427/1427/1427 1428/1428/1428 1429/1429/1429 
f 1427/1427/1427 1428/1428/1428 1429/1429/1429 
f 1427/1427/1427 1428/1428/1428 1429/1429/1429 
f 1428/1428/1428 1427/1427/1427 1430/1430/1430 
f 1428/1428/1428 1427/1427/1427 1430/1430/1430 
f 1428/1428/1428 1427/1427/1427 1430/1430/1430 
f 1434/1434/1434 1435/1435/1435 1436/1436/1436 
f 1434/1434/1434 1435/1435/1435 1436/1436/1436 
f 1434/1434/1434 1435/1435/1435 1436/1436/1436 
f 1435/1435/1435 1437/1437/1437 1436/1436/1436 
f 1435/1435/1435 1437/1437/1437 1436/1436/1436 
f 1435/1435/1435 1437/1437/1437 1436/1436/1436 
f 1438/1438/1438 1439/1439/1439 1440/1440/1440 
f 1438/1438/1438 1439/1439/1439 1440/1440/1440 
f 1438/1438/1438 1439/1439/1439 1440/1440/1440 
f 1439/1439/1439 1438/1438/1438 1441/1441/1441 
f 1439/1439/1439 1438/1438/1438 1441/1441/1441 
f 1439/1439/1439 1438/1438/1438 1441/1441/1441 
f 1442/1442/1442 1443/1443/1443 1444/1444/1444 
f 1442/1442/1442 1443/1443/1443 1444/1444/1444 
f 1442/1442/1442 1443/1443/1443 1444/1444/1444 
f 1443/1443/1443 1442/1442/1442 1445/1445/1445 
f 1443/1443/1443 1442/1442/1442 1445/1445/1445 
f 1443/1443/1443 1442/1442/1442 1445/1445/1445 
f 1446/1446/1446 1447/1447/1447 1448/1448/1448 
f 1446/1446/1446 1447/1447/1447 1448/1448/1448 
f 1446/1446/1446 1447/1447/1447 1448/1448/1448 
f 1447/1447/1447 1446/1446/1446 1449/1449/1449 
f 1447/1447/1447 1446/1446/1446 1449/1449/1449 
f 1447/1447/1447 1446/1446/1446 1449/1449/1449 
f 1450/1450/1450 1451/1451/1451 1452/1452/1452 
f 1450/1450/1450 1451/1451/1451 1452/1452/1452 
f 1450/1450/1450 1451/1451/1451 1452/1452/1452 
f 1453/1453/1453 1451/1451/1451 1450/1450/1450 
f 1453/1453/1453 1451/1451/1451 1450/1450/1450 
f 1453/1453/1453 1451/1451/1451 1450/1450/1450 
f 1454/1454/1454 1455/1455/1455 1456/1456/1456 
f 1454/1454/1454 1455/1455/1455 1456/1456/1456 
f 1454/1454/1454 1455/1455/1455 1456/1456/1456 
f 1455/1455/1455 1454/1454/1454 1457/1457/1457 
f 1455/1455/1455 1454/1454/1454 1457/1457/1457 
f 1455/1455/1455 1454/1454/1454 1457/1457/1457 
f 1458/1458/1458 1459/1459/1459 1460/1460/1460 
f 1458/1458/1458 1459/1459/1459 1460/1460/1460 
f 1458/1458/1458 1459/1459/1459 1460/1460/1460 
f 1461/1461/1461 1460/1460/1460 1459/1459/1459 
f 1461/1461/1461 1460/1460/1460 1459/1459/1459 
f 1461/1461/1461 1460/1460/1460 1459/1459/1459 
f 1464/1464/1464 1465/1465/1465 1466/1466/1466 
f 1464/1464/1464 1465/1465/1465 1466/1466/1466 
f 1464/1464/1464 1465/1465/1465 1466/1466/1466 
f 1466/1466/1466 1467/1467/1467 1464/1464/1464 
f 1466/1466/1466 1467/1467/1467 1464/1464/1464 
f 1466/1466/1466 1467/1467/1467 1464/1464/1464 
f 1468/1468/1468 1469/1469/1469 1470/1470/1470 
f 1468/1468/1468 1469/1469/1469 1470/1470/1470 
f 1468/1468/1468 1469/1469/1469 1470/1470/1470 
f 1468/1468/1468 1470/1470/1470 1471/1471/1471 
f 1468/1468/1468 1470/1470/1470 1471/1471/1471 
f 1468/1468/1468 1470/1470/1470 1471/1471/1471 
f 1472/1472/1472 1473/1473/1473 1474/1474/1474 
f 1472/1472/1472 1473/1473/1473 1474/1474/1474 
f 1472/1472/1472 1473/1473/1473 1474/1474/1474 
f 1474/1474/1474 1473/1473/1473 1475/1475/1475 
f 1474/1474/1474 1473/1473/1473 1475/1475/1475 
f 1474/1474/1474 1473/1473/1473 1475/1475/1475 
f 1476/1476/1476 1477/1477/1477 1478/1478/1478 
f 1476/1476/1476 1477/1477/1477 1478/1478/1478 
f 1476/1476/1476 1477/1477/1477 1478/1478/1478 
f 1477/1477/1477 1476/1476/1476 1479/1479/1479 
f 1477/1477/1477 1476/1476/1476 1479/1479/1479 
f 1477/1477/1477 1476/1476/1476 1479/1479/1479 
f 1480/1480/1480 1481/1481/1481 1482/1482/1482 
f 1480/1480/1480 1481/1481/1481 1482/1482/1482 
f 1480/1480/1480 1481/1481/1481 1482/1482/1482 
f 1483/1483/1483 1482/1482/1482 1481/1481/1481 
f 1483/1483/1483 1482/1482/1482 1481/1481/1481 
f 1483/1483/1483 1482/1482/1482 1481/1481/1481 
f 1484/1484/1484 1485/1485/1485 1486/1486/1486 
f 1484/1484/1484 1485/1485/1485 1486/1486/1486 
f 1484/1484/1484 1485/1485/1485 1486/1486/1486 
f 1485/1485/1485 1484/1484/1484 1487/1487/1487 
f 1485/1485/1485 1484/1484/1484 1487/1487/1487 
f 1485/1485/1485 1484/1484/1484 1487/1487/1487 
f 1488/1488/1488 1489/1489/1489 1490/1490/1490 
f 1488/1488/1488 1489/1489/1489 1490/1490/1490 
f 1488/1488/1488 1489/1489/1489 1490/1490/1490 
f 1489/1489/1489 1488/1488/1488 1491/1491/1491 
f 1489/1489/1489 1488/1488/1488 1491/1491/1491 
f 1489/1489/1489 1488/1488/1488 1491/1491/1491 
f 1492/1492/1492 1493/1493/1493 1494/1494/1494 
f 1492/1492/1492 1493/1493/1493 1494/1494/1494 
f 1492/1492/1492 1493/1493/1493 1494/1494/1494 
f 1493/1493/1493 1492/1492/1492 1495/1495/1495 
f 1493/1493/1493 1492/1492/1492 1495/1495/1495 
f 1493/1493/1493 1492/1492/1492 1495/1495/1495 
f 1496/1496/1496 1497/1497/1497 1498/1498/1498 
f 1496/1496/1496 1497/1497/1497 1498/1498/1498 
f 1496/1496/1496 1497/1497/1497 1498/1498/1498 
f 1499/1499/1499 1498/1498/1498 1497/1497/1497 
f 1499/1499/1499 1498/1498/1498 1497/1497/1497 
f 1499/1499/1499 1498/1498/1498 1497/1497/1497 
f 1503/1503/1503 1504/1504/1504 1505/1505/1505 
f 1503/1503/1503 1504/1504/1504 1505/1505/1505 
f 1503/1503/1503 1504/1504/1504 1505/1505/1505 
f 1506/1506/1506 1505/1505/1505 1504/1504/1504 
f 1506/1506/1506 1505/1505/1505 1504/1504/1504 
f 1506/1506/1506 1505/1505/1505 1504/1504/1504 
f 1507/1507/1507 1508/1508/1508 1509/1509/1509 
f 1507/1507/1507 1508/1508/1508 1509/1509/1509 
f 1507/1507/1507 1508/1508/1508 1509/1509/1509 
f 1509/1509/1509 1510/1510/1510 1507/1507/1507 
f 1509/1509/1509 1510/1510/1510 1507/1507/1507 
f 1509/1509/1509 1510/1510/1510 1507/1507/1507 
f 1511/1511/1511 1512/1512/1512 1513/1513/1513 
f 1511/1511/1511 1512/1512/1512 1513/1513/1513 
f 1511/1511/1511 1512/1512/1512 1513/1513/1513 
f 1512/1512/1512 1511/1511/1511 1514/1514/1514 
f 1512/1512/1512 1511/1511/1511 1514/1514/1514 
f 1512/1512/1512 1511/1511/1511 1514/1514/1514 
f 1515/1515/1515 1516/1516/1516 1517/1517/1517 
f 1515/1515/1515 1516/1516/1516 1517/1517/1517 
f 1515/1515/1515 1516/1516/1516 1517/1517/1517 
f 1517/1517/1517 1518/1518/1518 1515/1515/1515 
f 1517/1517/1517 1518/1518/1518 1515/1515/1515 
f 1517/1517/1517 1518/1518/1518 1515/1515/1515 
f 1520/1520/1520 1521/1521/1521 1519/1519/1519 
f 1520/1520/1520 1521/1521/1521 1519/1519/1519 
f 1520/1520/1520 1521/1521/1521 1519/1519/1519 
f 1522/1522/1522 1523/1523/1523 1524/1524/1524 
f 1522/1522/1522 1523/1523/1523 1524/1524/1524 
f 1522/1522/1522 1523/1523/1523 1524/1524/1524 
f 1525/1525/1525 1523/1523/1523 1522/1522/1522 
f 1525/1525/1525 1523/1523/1523 1522/1522/1522 
f 1525/1525/1525 1523/1523/1523 1522/1522/1522 
f 1526/1526/1526 1527/1527/1527 1528/1528/1528 
f 1526/1526/1526 1527/1527/1527 1528/1528/1528 
f 1526/1526/1526 1527/1527/1527 1528/1528/1528 
f 1528/1528/1528 1529/1529/1529 1526/1526/1526 
f 1528/1528/1528 1529/1529/1529 1526/1526/1526 
f 1528/1528/1528 1529/1529/1529 1526/1526/1526 
f 1530/1530/1530 1531/1531/1531 1532/1532/1532 
f 1530/1530/1530 1531/1531/1531 1532/1532/1532 
f 1530/1530/1530 1531/1531/1531 1532/1532/1532 
f 1531/1531/1531 1530/1530/1530 1533/1533/1533 
f 1531/1531/1531 1530/1530/1530 1533/1533/1533 
f 1531/1531/1531 1530/1530/1530 1533/1533/1533 
f 1534/1534/1534 1535/1535/1535 1536/1536/1536 
f 1534/1534/1534 1535/1535/1535 1536/1536/1536 
f 1534/1534/1534 1535/1535/1535 1536/1536/1536 
f 1535/1535/1535 1534/1534/1534 1537/1537/1537 
f 1535/1535/1535 1534/1534/1534 1537/1537/1537 
f 1535/1535/1535 1534/1534/1534 1537/1537/1537 
f 1541/1541/1541 1542/1542/1542 1543/1543/1543 
f 1541/1541/1541 1542/1542/1542 1543/1543/1543 
f 1541/1541/1541 1542/1542/1542 1543/1543/1543 
f 1543/1543/1543 1544/1544/1544 1541/1541/1541 
f 1543/1543/1543 1544/1544/1544 1541/1541/1541 
f 1543/1543/1543 1544/1544/1544 1541/1541/1541 
f 1545/1545/1545 1546/1546/1546 1547/1547/1547 
f 1545/1545/1545 1546/1546/1546 1547/1547/1547 
f 1545/1545/1545 1546/1546/1546 1547/1547/1547 
f 1547/1547/1547 1548/1548/1548 1545/1545/1545 
f 1547/1547/1547 1548/1548/1548 1545/1545/1545 
f 1547/1547/1547 1548/1548/1548 1545/1545/1545 
f 1549/1549/1549 1550/1550/1550 1551/1551/1551 
f 1549/1549/1549 1550/1550/1550 1551/1551/1551 
f 1549/1549/1549 1550/1550/1550 1551/1551/1551 
f 1551/1551/1551 1552/1552/1552 1549/1549/1549 
f 1551/1551/1551 1552/1552/1552 1549/1549/1549 
f 1551/1551/1551 1552/1552/1552 1549/1549/1549 
f 1553/1553/1553 1554/1554/1554 1555/1555/1555 
f 1553/1553/1553 1554/1554/1554 1555/1555/1555 
f 1553/1553/1553 1554/1554/1554 1555/1555/1555 
f 1556/1556/1556 1555/1555/1555 1554/1554/1554 
f 1556/1556/1556 1555/1555/1555 1554/1554/1554 
f 1556/1556/1556 1555/1555/1555 1554/1554/1554 
f 1557/1557/1557 1558/1558/1558 1559/1559/1559 
f 1557/1557/1557 1558/1558/1558 1559/1559/1559 
f 1557/1557/1557 1558/1558/1558 1559/1559/1559 
f 1560/1560/1560 1559/1559/1559 1558/1558/1558 
f 1560/1560/1560 1559/1559/1559 1558/1558/1558 
f 1560/1560/1560 1559/1559/1559 1558/1558/1558 
f 1561/1561/1561 1562/1562/1562 1563/1563/1563 
f 1561/1561/1561 1562/1562/1562 1563/1563/1563 
f 1561/1561/1561 1562/1562/1562 1563/1563/1563 
f 1564/1564/1564 1563/1563/1563 1562/1562/1562 
f 1564/1564/1564 1563/1563/1563 1562/1562/1562 
f 1564/1564/1564 1563/1563/1563 1562/1562/1562 
f 1565/1565/1565 1566/1566/1566 1567/1567/1567 
f 1565/1565/1565 1566/1566/1566 1567/1567/1567 
f 1565/1565/1565 1566/1566/1566 1567/1567/1567 
f 1566/1566/1566 1565/1565/1565 1568/1568/1568 
f 1566/1566/1566 1565/1565/1565 1568/1568/1568 
f 1566/1566/1566 1565/1565/1565 1568/1568/1568 
f 1569/1569/1569 1570/1570/1570 1571/1571/1571 
f 1569/1569/1569 1570/1570/1570 1571/1571/1571 
f 1569/1569/1569 1570/1570/1570 1571/1571/1571 
f 1571/1571/1571 1572/1572/1572 1569/1569/1569 
f 1571/1571/1571 1572/1572/1572 1569/1569/1569 
f 1571/1571/1571 1572/1572/1572 1569/1569/1569 
f 1573/1573/1573 1574/1574/1574 1575/1575/1575 
f 1573/1573/1573 1574/1574/1574 1575/1575/1575 
f 1573/1573/1573 1574/1574/1574 1575/1575/1575 
f 1574/1574/1574 1573/1573/1573 1576/1576/1576 
f 1574/1574/1574 1573/1573/1573 1576/1576/1576 
f 1574/1574/1574 1573/1573/1573 1576/1576/1576 
f 1580/1580/1580 1581/1581/1581 1582/1582/1582 
f 1580/1580/1580 1581/1581/1581 1582/1582/1582 
f 1580/1580/1580 1581/1581/1581 1582/1582/1582 
f 1583/1583/1583 1582/1582/1582 1581/1581/1581 
f 1583/1583/1583 1582/1582/1582 1581/1581/1581 
f 1583/1583/1583 1582/1582/1582 1581/1581/1581 
f 1586/1586/1586 1587/1587/1587 1588/1588/1588 
f 1586/1586/1586 1587/1587/1587 1588/1588/1588 
f 1586/1586/1586 1587/1587/1587 1588/1588/1588 
f 1587/1587/1587 1586/1586/1586 1589/1589/1589 
f 1587/1587/1587 1586/1586/1586 1589/1589/1589 
f 1587/1587/1587 1586/1586/1586 1589/1589/1589 
f 1592/1592/1592 1593/1593/1593 1594/1594/1594 
f 1592/1592/1592 1593/1593/1593 1594/1594/1594 
f 1592/1592/1592 1593/1593/1593 1594/1594/1594 
f 1592/1592/1592 1594/1594/1594 1595/1595/1595 
f 1592/1592/1592 1594/1594/1594 1595/1595/1595 
f 1592/1592/1592 1594/1594/1594 1595/1595/1595 
f 1596/1596/1596 1597/1597/1597 1598/1598/1598 
f 1596/1596/1596 1597/1597/1597 1598/1598/1598 
f 1596/1596/1596 1597/1597/1597 1598/1598/1598 
f 1598/1598/1598 1599/1599/1599 1596/1596/1596 
f 1598/1598/1598 1599/1599/1599 1596/1596/1596 
f 1598/1598/1598 1599/1599/1599 1596/1596/1596 
f 1604/1604/1604 1605/1605/1605 1606/1606/1606 
f 1604/1604/1604 1605/1605/1605 1606/1606/1606 
f 1604/1604/1604 1605/1605/1605 1606/1606/1606 
f 1607/1607/1607 1606/1606/1606 1605/1605/1605 
f 1607/1607/1607 1606/1606/1606 1605/1605/1605 
f 1607/1607/1607 1606/1606/1606 1605/1605/1605 
f 1610/1610/1610 1611/1611/1611 1612/1612/1612 
f 1610/1610/1610 1611/1611/1611 1612/1612/1612 
f 1610/1610/1610 1611/1611/1611 1612/1612/1612 
f 1612/1612/1612 1613/1613/1613 1610/1610/1610 
f 1612/1612/1612 1613/1613/1613 1610/1610/1610 
f 1612/1612/1612 1613/1613/1613 1610/1610/1610 
f 1614/1614/1614 1615/1615/1615 1616/1616/1616 
f 1614/1614/1614 1615/1615/1615 1616/1616/1616 
f 1614/1614/1614 1615/1615/1615 1616/1616/1616 
f 1616/1616/1616 1617/1617/1617 1614/1614/1614 
f 1616/1616/1616 1617/1617/1617 1614/1614/1614 
f 1616/1616/1616 1617/1617/1617 1614/1614/1614 
f 1619/1619/1619 1620/1620/1620 1621/1621/1621 
f 1619/1619/1619 1620/1620/1620 1621/1621/1621 
f 1619/1619/1619 1620/1620/1620 1621/1621/1621 
f 1621/1621/1621 1622/1622/1622 1619/1619/1619 
f 1621/1621/1621 1622/1622/1622 1619/1619/1619 
f 1621/1621/1621 1622/1622/1622 1619/1619/1619 
f 1627/1627/1627 1628/1628/1628 1629/1629/1629 
f 1627/1627/1627 1628/1628/1628 1629/1629/1629 
f 1627/1627/1627 1628/1628/1628 1629/1629/1629 
f 1630/1630/1630 1629/1629/1629 1628/1628/1628 
f 1630/1630/1630 1629/1629/1629 1628/1628/1628 
f 1630/1630/1630 1629/1629/1629 1628/1628/1628 
f 1646/1646/1646 1645/1645/1645 1644/1644/1644 
f 1646/1646/1646 1645/1645/1645 1644/1644/1644 
f 1646/1646/1646 1645/1645/1645 1644/1644/1644 
f 1649/1649/1649 1650/1650/1650 1651/1651/1651 
f 1649/1649/1649 1650/1650/1650 1651/1651/1651 
f 1649/1649/1649 1650/1650/1650 1651/1651/1651 
f 1652/1652/1652 1651/1651/1651 1650/1650/1650 
f 1652/1652/1652 1651/1651/1651 1650/1650/1650 
f 1652/1652/1652 1651/1651/1651 1650/1650/1650 
f 1656/1656/1656 1657/1657/1657 1658/1658/1658 
f 1656/1656/1656 1657/1657/1657 1658/1658/1658 
f 1656/1656/1656 1657/1657/1657 1658/1658/1658 
f 1659/1659/1659 1658/1658/1658 1657/1657/1657 
f 1659/1659/1659 1658/1658/1658 1657/1657/1657 
f 1659/1659/1659 1658/1658/1658 1657/1657/1657 
f 1666/1666/1666 1667/1667/1667 1668/1668/1668 
f 1666/1666/1666 1667/1667/1667 1668/1668/1668 
f 1666/1666/1666 1667/1667/1667 1668/1668/1668 
f 1668/1668/1668 1669/1669/1669 1666/1666/1666 
f 1668/1668/1668 1669/1669/1669 1666/1666/1666 
f 1668/1668/1668 1669/1669/1669 1666/1666/1666 
f 1670/1670/1670 1671/1671/1671 1672/1672/1672 
f 1670/1670/1670 1671/1671/1671 1672/1672/1672 
f 1670/1670/1670 1671/1671/1671 1672/1672/1672 
f 1672/1672/1672 1673/1673/1673 1670/1670/1670 
f 1672/1672/1672 1673/1673/1673 1670/1670/1670 
f 1672/1672/1672 1673/1673/1673 1670/1670/1670 
f 1678/1678/1678 1679/1679/1679 1680/1680/1680 
f 1678/1678/1678 1679/1679/1679 1680/1680/1680 
f 1678/1678/1678 1679/1679/1679 1680/1680/1680 
f 1679/1679/1679 1678/1678/1678 1681/1681/1681 
f 1679/1679/1679 1678/1678/1678 1681/1681/1681 
f 1679/1679/1679 1678/1678/1678 1681/1681/1681 
f 1682/1682/1682 1683/1683/1683 1684/1684/1684 
f 1682/1682/1682 1683/1683/1683 1684/1684/1684 
f 1682/1682/1682 1683/1683/1683 1684/1684/1684 
f 1685/1685/1685 1684/1684/1684 1683/1683/1683 
f 1685/1685/1685 1684/1684/1684 1683/1683/1683 
f 1685/1685/1685 1684/1684/1684 1683/1683/1683 
f 1689/1689/1689 1690/1690/1690 1691/1691/1691 
f 1689/1689/1689 1690/1690/1690 1691/1691/1691 
f 1689/1689/1689 1690/1690/1690 1691/1691/1691 
f 1691/1691/1691 1692/1692/1692 1689/1689/1689 
f 1691/1691/1691 1692/1692/1692 1689/1689/1689 
f 1691/1691/1691 1692/1692/1692 1689/1689/1689 
f 1695/1695/1695 1696/1696/1696 1697/1697/1697 
f 1695/1695/1695 1696/1696/1696 1697/1697/1697 
f 1695/1695/1695 1696/1696/1696 1697/1697/1697 
f 1697/1697/1697 1698/1698/1698 1695/1695/1695 
f 1697/1697/1697 1698/1698/1698 1695/1695/1695 
f 1697/1697/1697 1698/1698/1698 1695/1695/1695 
f 1699/1699/1699 1700/1700/1700 1701/1701/1701 
f 1699/1699/1699 1700/1700/1700 1701/1701/1701 
f 1699/1699/1699 1700/1700/1700 1701/1701/1701 
f 1702/1702/1702 1701/1701/1701 1700/1700/1700 
f 1702/1702/1702 1701/1701/1701 1700/1700/1700 
f 1702/1702/1702 1701/1701/1701 1700/1700/1700 
f 1705/1705/1705 1706/1706/1706 1707/1707/1707 
f 1705/1705/1705 1706/1706/1706 1707/1707/1707 
f 1705/1705/1705 1706/1706/1706 1707/1707/1707 
f 1706/1706/1706 1705/1705/1705 1708/1708/1708 
f 1706/1706/1706 1705/1705/1705 1708/1708/1708 
f 1706/1706/1706 1705/1705/1705 1708/1708/1708 
f 1713/1713/1713 1714/1714/1714 1715/1715/1715 
f 1713/1713/1713 1714/1714/1714 1715/1715/1715 
f 1713/1713/1713 1714/1714/1714 1715/1715/1715 
f 1714/1714/1714 1713/1713/1713 1716/1716/1716 
f 1714/1714/1714 1713/1713/1713 1716/1716/1716 
f 1714/1714/1714 1713/1713/1713 1716/1716/1716 
f 1722/1722/1722 1723/1723/1723 1724/1724/1724 
f 1722/1722/1722 1723/1723/1723 1724/1724/1724 
f 1722/1722/1722 1723/1723/1723 1724/1724/1724 
f 1724/1724/1724 1725/1725/1725 1722/1722/1722 
f 1724/1724/1724 1725/1725/1725 1722/1722/1722 
f 1724/1724/1724 1725/1725/1725 1722/1722/1722 
f 1726/1726/1726 1727/1727/1727 1728/1728/1728 
f 1726/1726/1726 1727/1727/1727 1728/1728/1728 
f 1726/1726/1726 1727/1727/1727 1728/1728/1728 
f 1728/1728/1728 1729/1729/1729 1726/1726/1726 
f 1728/1728/1728 1729/1729/1729 1726/1726/1726 
f 1728/1728/1728 1729/1729/1729 1726/1726/1726 
f 1732/1732/1732 1733/1733/1733 1734/1734/1734 
f 1732/1732/1732 1733/1733/1733 1734/1734/1734 
f 1732/1732/1732 1733/1733/1733 1734/1734/1734 
f 1735/1735/1735 1734/1734/1734 1733/1733/1733 
f 1735/1735/1735 1734/1734/1734 1733/1733/1733 
f 1735/1735/1735 1734/1734/1734 1733/1733/1733 
f 1740/1740/1740 1741/1741/1741 1742/1742/1742 
f 1740/1740/1740 1741/1741/1741 1742/1742/1742 
f 1740/1740/1740 1741/1741/1741 1742/1742/1742 
f 1741/1741/1741 1740/1740/1740 1743/1743/1743 
f 1741/1741/1741 1740/1740/1740 1743/1743/1743 
f 1741/1741/1741 1740/1740/1740 1743/1743/1743 
f 1744/1744/1744 1745/1745/1745 1746/1746/1746 
f 1744/1744/1744 1745/1745/1745 1746/1746/1746 
f 1744/1744/1744 1745/1745/1745 1746/1746/1746 
f 1746/1746/1746 1747/1747/1747 1744/1744/1744 
f 1746/1746/1746 1747/1747/1747 1744/1744/1744 
f 1746/1746/1746 1747/1747/1747 1744/1744/1744 
f 1748/1748/1748 1749/1749/1749 1750/1750/1750 
f 1748/1748/1748 1749/1749/1749 1750/1750/1750 
f 1748/1748/1748 1749/1749/1749 1750/1750/1750 
f 1750/1750/1750 1751/1751/1751 1748/1748/1748 
f 1750/1750/1750 1751/1751/1751 1748/1748/1748 
f 1750/1750/1750 1751/1751/1751 1748/1748/1748 
f 1755/1755/1755 1756/1756/1756 1757/1757/1757 
f 1755/1755/1755 1756/1756/1756 1757/1757/1757 
f 1755/1755/1755 1756/1756/1756 1757/1757/1757 
f 1758/1758/1758 1759/1759/1759 1760/1760/1760 
f 1758/1758/1758 1759/1759/1759 1760/1760/1760 
f 1758/1758/1758 1759/1759/1759 1760/1760/1760 
f 1761/1761/1761 1762/1762/1762 1763/1763/1763 
f 1761/1761/1761 1762/1762/1762 1763/1763/1763 
f 1761/1761/1761 1762/1762/1762 1763/1763/1763 
f 1764/1764/1764 1765/1765/1765 1766/1766/1766 
f 1764/1764/1764 1765/1765/1765 1766/1766/1766 
f 1764/1764/1764 1765/1765/1765 1766/1766/1766 
f 1767/1767/1767 1768/1768/1768 1769/1769/1769 
f 1767/1767/1767 1768/1768/1768 1769/1769/1769 
f 1767/1767/1767 1768/1768/1768 1769/1769/1769 
f 1775/1775/1775 1776/1776/1776 1777/1777/1777 
f 1775/1775/1775 1776/1776/1776 1777/1777/1777 
f 1775/1775/1775 1776/1776/1776 1777/1777/1777 
f 1778/1778/1778 1777/1777/1777 1776/1776/1776 
f 1778/1778/1778 1777/1777/1777 1776/1776/1776 
f 1778/1778/1778 1777/1777/1777 1776/1776/1776 
f 1779/1779/1779 1780/1780/1780 1781/1781/1781 
f 1779/1779/1779 1780/1780/1780 1781/1781/1781 
f 1779/1779/1779 1780/1780/1780 1781/1781/1781 
f 1779/1779/1779 1781/1781/1781 1782/1782/1782 
f 1779/1779/1779 1781/1781/1781 1782/1782/1782 
f 1779/1779/1779 1781/1781/1781 1782/1782/1782 
f 1783/1783/1783 1784/1784/1784 1785/1785/1785 
f 1783/1783/1783 1784/1784/1784 1785/1785/1785 
f 1783/1783/1783 1784/1784/1784 1785/1785/1785 
f 1785/1785/1785 1786/1786/1786 1783/1783/1783 
f 1785/1785/1785 1786/1786/1786 1783/1783/1783 
f 1785/1785/1785 1786/1786/1786 1783/1783/1783 
f 1787/1787/1787 1788/1788/1788 1789/1789/1789 
f 1787/1787/1787 1788/1788/1788 1789/1789/1789 
f 1787/1787/1787 1788/1788/1788 1789/1789/1789 
f 1788/1788/1788 1787/1787/1787 1790/1790/1790 
f 1788/1788/1788 1787/1787/1787 1790/1790/1790 
f 1788/1788/1788 1787/1787/1787 1790/1790/1790 
f 1791/1791/1791 1792/1792/1792 1793/1793/1793 
f 1791/1791/1791 1792/1792/1792 1793/1793/1793 
f 1791/1791/1791 1792/1792/1792 1793/1793/1793 
f 1792/1792/1792 1791/1791/1791 1794/1794/1794 
f 1792/1792/1792 1791/1791/1791 1794/1794/1794 
f 1792/1792/1792 1791/1791/1791 1794/1794/1794 
f 1795/1795/1795 1796/1796/1796 1797/1797/1797 
f 1795/1795/1795 1796/1796/1796 1797/1797/1797 
f 1795/1795/1795 1796/1796/1796 1797/1797/1797 
f 1797/1797/1797 1798/1798/1798 1795/1795/1795 
f 1797/1797/1797 1798/1798/1798 1795/1795/1795 
f 1797/1797/1797 1798/1798/1798 1795/1795/1795 
f 1799/1799/1799 1800/1800/1800 1801/1801/1801 
f 1799/1799/1799 1800/1800/1800 1801/1801/1801 
f 1799/1799/1799 1800/1800/1800 1801/1801/1801 
f 1801/1801/1801 1802/1802/1802 1799/1799/1799 
f 1801/1801/1801 1802/1802/1802 1799/1799/1799 
f 1801/1801/1801 1802/1802/1802 1799/1799/1799 
f 1809/1809/1809 1810/1810/1810 1811/1811/1811 
f 1809/1809/1809 1810/1810/1810 1811/1811/1811 
f 1809/1809/1809 1810/1810/1810 1811/1811/1811 
f 1810/1810/1810 1809/1809/1809 1812/1812/1812 
f 1810/1810/1810 1809/1809/1809 1812/1812/1812 
f 1810/1810/1810 1809/1809/1809 1812/1812/1812 
f 1813/1813/1813 1814/1814/1814 1815/1815/1815 
f 1813/1813/1813 1814/1814/1814 1815/1815/1815 
f 1813/1813/1813 1814/1814/1814 1815/1815/1815 
f 1813/1813/1813 1815/1815/1815 1816/1816/1816 
f 1813/1813/1813 1815/1815/1815 1816/1816/1816 
f 1813/1813/1813 1815/1815/1815 1816/1816/1816 
f 1817/1817/1817 1818/1818/1818 1819/1819/1819 
f 1817/1817/1817 1818/1818/1818 1819/1819/1819 
f 1817/1817/1817 1818/1818/1818 1819/1819/1819 
f 1820/1820/1820 1821/1821/1821 1822/1822/1822 
f 1820/1820/1820 1821/1821/1821 1822/1822/1822 
f 1820/1820/1820 1821/1821/1821 1822/1822/1822 
f 1820/1820/1820 1822/1822/1822 1823/1823/1823 
f 1820/1820/1820 1822/1822/1822 1823/1823/1823 
f 1820/1820/1820 1822/1822/1822 1823/1823/1823 
f 1824/1824/1824 1825/1825/1825 1826/1826/1826 
f 1824/1824/1824 1825/1825/1825 1826/1826/1826 
f 1824/1824/1824 1825/1825/1825 1826/1826/1826 
f 1827/1827/1827 1828/1828/1828 1829/1829/1829 
f 1827/1827/1827 1828/1828/1828 1829/1829/1829 
f 1827/1827/1827 1828/1828/1828 1829/1829/1829 
f 1828/1828/1828 1827/1827/1827 1830/1830/1830 
f 1828/1828/1828 1827/1827/1827 1830/1830/1830 
f 1828/1828/1828 1827/1827/1827 1830/1830/1830 
f 1831/1831/1831 1832/1832/1832 1833/1833/1833 
f 1831/1831/1831 1832/1832/1832 1833/1833/1833 
f 1831/1831/1831 1832/1832/1832 1833/1833/1833 
f 1832/1832/1832 1834/1834/1834 1833/1833/1833 
f 1832/1832/1832 1834/1834/1834 1833/1833/1833 
f 1832/1832/1832 1834/1834/1834 1833/1833/1833 
f 1835/1835/1835 1836/1836/1836 1837/1837/1837 
f 1835/1835/1835 1836/1836/1836 1837/1837/1837 
f 1835/1835/1835 1836/1836/1836 1837/1837/1837 
f 1836/1836/1836 1838/1838/1838 1837/1837/1837 
f 1836/1836/1836 1838/1838/1838 1837/1837/1837 
f 1836/1836/1836 1838/1838/1838 1837/1837/1837 
f 1839/1839/1839 1840/1840/1840 1841/1841/1841 
f 1839/1839/1839 1840/1840/1840 1841/1841/1841 
f 1839/1839/1839 1840/1840/1840 1841/1841/1841 
f 1840/1840/1840 1842/1842/1842 1841/1841/1841 
f 1840/1840/1840 1842/1842/1842 1841/1841/1841 
f 1840/1840/1840 1842/1842/1842 1841/1841/1841 
f 1845/1845/1845 1846/1846/1846 1847/1847/1847 
f 1845/1845/1845 1846/1846/1846 1847/1847/1847 
f 1845/1845/1845 1846/1846/1846 1847/1847/1847 
f 1846/1846/1846 1848/1848/1848 1847/1847/1847 
f 1846/1846/1846 1848/1848/1848 1847/1847/1847 
f 1846/1846/1846 1848/1848/1848 1847/1847/1847 
f 1855/1855/1855 1856/1856/1856 1857/1857/1857 
f 1855/1855/1855 1856/1856/1856 1857/1857/1857 
f 1855/1855/1855 1856/1856/1856 1857/1857/1857 
f 1858/1858/1858 1857/1857/1857 1856/1856/1856 
f 1858/1858/1858 1857/1857/1857 1856/1856/1856 
f 1858/1858/1858 1857/1857/1857 1856/1856/1856 
f 1859/1859/1859 1860/1860/1860 1861/1861/1861 
f 1859/1859/1859 1860/1860/1860 1861/1861/1861 
f 1859/1859/1859 1860/1860/1860 1861/1861/1861 
f 1862/1862/1862 1861/1861/1861 1860/1860/1860 
f 1862/1862/1862 1861/1861/1861 1860/1860/1860 
f 1862/1862/1862 1861/1861/1861 1860/1860/1860 
f 1864/1864/1864 1865/1865/1865 1866/1866/1866 
f 1864/1864/1864 1865/1865/1865 1866/1866/1866 
f 1864/1864/1864 1865/1865/1865 1866/1866/1866 
f 1865/1865/1865 1864/1864/1864 1867/1867/1867 
f 1865/1865/1865 1864/1864/1864 1867/1867/1867 
f 1865/1865/1865 1864/1864/1864 1867/1867/1867 
f 1868/1868/1868 1869/1869/1869 1870/1870/1870 
f 1868/1868/1868 1869/1869/1869 1870/1870/1870 
f 1868/1868/1868 1869/1869/1869 1870/1870/1870 
f 1868/1868/1868 1871/1871/1871 1869/1869/1869 
f 1868/1868/1868 1871/1871/1871 1869/1869/1869 
f 1868/1868/1868 1871/1871/1871 1869/1869/1869 
f 1875/1875/1875 1876/1876/1876 1877/1877/1877 
f 1875/1875/1875 1876/1876/1876 1877/1877/1877 
f 1875/1875/1875 1876/1876/1876 1877/1877/1877 
f 1878/1878/1878 1877/1877/1877 1876/1876/1876 
f 1878/1878/1878 1877/1877/1877 1876/1876/1876 
f 1878/1878/1878 1877/1877/1877 1876/1876/1876 
f 1879/1879/1879 1880/1880/1880 1881/1881/1881 
f 1879/1879/1879 1880/1880/1880 1881/1881/1881 
f 1879/1879/1879 1880/1880/1880 1881/1881/1881 
f 1880/1880/1880 1879/1879/1879 1882/1882/1882 
f 1880/1880/1880 1879/1879/1879 1882/1882/1882 
f 1880/1880/1880 1879/1879/1879 1882/1882/1882 
f 1890/1890/1890 1891/1891/1891 1892/1892/1892 
f 1890/1890/1890 1891/1891/1891 1892/1892/1892 
f 1890/1890/1890 1891/1891/1891 1892/1892/1892 
f 1891/1891/1891 1890/1890/1890 1893/1893/1893 
f 1891/1891/1891 1890/1890/1890 1893/1893/1893 
f 1891/1891/1891 1890/1890/1890 1893/1893/1893 
f 1897/1897/1897 1898/1898/1898 1899/1899/1899 
f 1897/1897/1897 1898/1898/1898 1899/1899/1899 
f 1897/1897/1897 1898/1898/1898 1899/1899/1899 
f 1899/1899/1899 1900/1900/1900 1897/1897/1897 
f 1899/1899/1899 1900/1900/1900 1897/1897/1897 
f 1899/1899/1899 1900/1900/1900 1897/1897/1897 
f 1901/1901/1901 1902/1902/1902 1903/1903/1903 
f 1901/1901/1901 1902/1902/1902 1903/1903/1903 
f 1901/1901/1901 1902/1902/1902 1903/1903/1903 
f 1904/1904/1904 1903/1903/1903 1902/1902/1902 
f 1904/1904/1904 1903/1903/1903 1902/1902/1902 
f 1904/1904/1904 1903/1903/1903 1902/1902/1902 
f 1912/1912/1912 1911/1911/1911 1913/1913/1913 
f 1912/1912/1912 1911/1911/1911 1913/1913/1913 
f 1912/1912/1912 1911/1911/1911 1913/1913/1913 
f 1920/1920/1920 1921/1921/1921 1922/1922/1922 
f 1920/1920/1920 1921/1921/1921 1922/1922/1922 
f 1920/1920/1920 1921/1921/1921 1922/1922/1922 
f 1923/1923/1923 1922/1922/1922 1921/1921/1921 
f 1923/1923/1923 1922/1922/1922 1921/1921/1921 
f 1923/1923/1923 1922/1922/1922 1921/1921/1921 
f 1925/1925/1925 1926/1926/1926 1927/1927/1927 
f 1925/1925/1925 1926/1926/1926 1927/1927/1927 
f 1925/1925/1925 1926/1926/1926 1927/1927/1927 
f 1928/1928/1928 1927/1927/1927 1926/1926/1926 
f 1928/1928/1928 1927/1927/1927 1926/1926/1926 
f 1928/1928/1928 1927/1927/1927 1926/1926/1926 
f 1934/1934/1934 1935/1935/1935 1936/1936/1936 
f 1934/1934/1934 1935/1935/1935 1936/1936/1936 
f 1934/1934/1934 1935/1935/1935 1936/1936/1936 
f 1935/1935/1935 1934/1934/1934 1937/1937/1937 
f 1935/1935/1935 1934/1934/1934 1937/1937/1937 
f 1935/1935/1935 1934/1934/1934 1937/1937/1937 
f 1939/1939/1939 1940/1940/1940 1941/1941/1941 
f 1939/1939/1939 1940/1940/1940 1941/1941/1941 
f 1939/1939/1939 1940/1940/1940 1941/1941/1941 
f 1941/1941/1941 1942/1942/1942 1939/1939/1939 
f 1941/1941/1941 1942/1942/1942 1939/1939/1939 
f 1941/1941/1941 1942/1942/1942 1939/1939/1939 
f 1943/1943/1943 1944/1944/1944 1945/1945/1945 
f 1943/1943/1943 1944/1944/1944 1945/1945/1945 
f 1943/1943/1943 1944/1944/1944 1945/1945/1945 
f 1946/1946/1946 1945/1945/1945 1944/1944/1944 
f 1946/1946/1946 1945/1945/1945 1944/1944/1944 
f 1946/1946/1946 1945/1945/1945 1944/1944/1944 
f 1947/1947/1947 1948/1948/1948 1949/1949/1949 
f 1947/1947/1947 1948/1948/1948 1949/1949/1949 
f 1947/1947/1947 1948/1948/1948 1949/1949/1949 
f 1949/1949/1949 1950/1950/1950 1947/1947/1947 
f 1949/1949/1949 1950/1950/1950 1947/1947/1947 
f 1949/1949/1949 1950/1950/1950 1947/1947/1947 
f 1953/1953/1953 1954/1954/1954 1955/1955/1955 
f 1953/1953/1953 1954/1954/1954 1955/1955/1955 
f 1953/1953/1953 1954/1954/1954 1955/1955/1955 
f 1955/1955/1955 1956/1956/1956 1953/1953/1953 
f 1955/1955/1955 1956/1956/1956 1953/1953/1953 
f 1955/1955/1955 1956/1956/1956 1953/1953/1953 
f 1957/1957/1957 1958/1958/1958 1959/1959/1959 
f 1957/1957/1957 1958/1958/1958 1959/1959/1959 
f 1957/1957/1957 1958/1958/1958 1959/1959/1959 
f 1959/1959/1959 1960/1960/1960 1957/1957/1957 
f 1959/1959/1959 1960/1960/1960 1957/1957/1957 
f 1959/1959/1959 1960/1960/1960 1957/1957/1957 
f 1962/1962/1962 1963/1963/1963 1964/1964/1964 
f 1962/1962/1962 1963/1963/1963 1964/1964/1964 
f 1962/1962/1962 1963/1963/1963 1964/1964/1964 
f 1963/1963/1963 1962/1962/1962 1965/1965/1965 
f 1963/1963/1963 1962/1962/1962 1965/1965/1965 
f 1963/1963/1963 1962/1962/1962 1965/1965/1965 
f 1967/1967/1967 1968/1968/1968 1969/1969/1969 
f 1967/1967/1967 1968/1968/1968 1969/1969/1969 
f 1967/1967/1967 1968/1968/1968 1969/1969/1969 
f 1970/1970/1970 1969/1969/1969 1968/1968/1968 
f 1970/1970/1970 1969/1969/1969 1968/1968/1968 
f 1970/1970/1970 1969/1969/1969 1968/1968/1968 
f 1971/1971/1971 1972/1972/1972 1973/1973/1973 
f 1971/1971/1971 1972/1972/1972 1973/1973/1973 
f 1971/1971/1971 1972/1972/1972 1973/1973/1973 
f 1973/1973/1973 1974/1974/1974 1971/1971/1971 
f 1973/1973/1973 1974/1974/1974 1971/1971/1971 
f 1973/1973/1973 1974/1974/1974 1971/1971/1971 
f 1975/1975/1975 1976/1976/1976 1977/1977/1977 
f 1975/1975/1975 1976/1976/1976 1977/1977/1977 
f 1975/1975/1975 1976/1976/1976 1977/1977/1977 
f 1976/1976/1976 1975/1975/1975 1978/1978/1978 
f 1976/1976/1976 1975/1975/1975 1978/1978/1978 
f 1976/1976/1976 1975/1975/1975 1978/1978/1978 
f 1980/1980/1980 1981/1981/1981 1982/1982/1982 
f 1980/1980/1980 1981/1981/1981 1982/1982/1982 
f 1980/1980/1980 1981/1981/1981 1982/1982/1982 
f 1982/1982/1982 1983/1983/1983 1980/1980/1980 
f 1982/1982/1982 1983/1983/1983 1980/1980/1980 
f 1982/1982/1982 1983/1983/1983 1980/1980/1980 
f 1984/1984/1984 1985/1985/1985 1986/1986/1986 
f 1984/1984/1984 1985/1985/1985 1986/1986/1986 
f 1984/1984/1984 1985/1985/1985 1986/1986/1986 
f 1985/1985/1985 1984/1984/1984 1987/1987/1987 
f 1985/1985/1985 1984/1984/1984 1987/1987/1987 
f 1985/1985/1985 1984/1984/1984 1987/1987/1987 
f 1990/1990/1990 1991/1991/1991 1992/1992/1992 
f 1990/1990/1990 1991/1991/1991 1992/1992/1992 
f 1990/1990/1990 1991/1991/1991 1992/1992/1992 
f 1990/1990/1990 1993/1993/1993 1991/1991/1991 
f 1990/1990/1990 1993/1993/1993 1991/1991/1991 
f 1990/1990/1990 1993/1993/1993 1991/1991/1991 
f 1994/1994/1994 1995/1995/1995 1996/1996/1996 
f 1994/1994/1994 1995/1995/1995 1996/1996/1996 
f 1994/1994/1994 1995/1995/1995 1996/1996/1996 
f 1996/1996/1996 1997/1997/1997 1994/1994/1994 
f 1996/1996/1996 1997/1997/1997 1994/1994/1994 
f 1996/1996/1996 1997/1997/1997 1994/1994/1994 
f 1999/1999/1999 2000/2000/2000 2001/2001/2001 
f 1999/1999/1999 2000/2000/2000 2001/2001/2001 
f 1999/1999/1999 2000/2000/2000 2001/2001/2001 
f 2000/2000/2000 1999/1999/1999 2002/2002/2002 
f 2000/2000/2000 1999/1999/1999 2002/2002/2002 
f 2000/2000/2000 1999/1999/1999 2002/2002/2002 
f 2006/2006/2006 2007/2007/2007 2008/2008/2008 
f 2006/2006/2006 2007/2007/2007 2008/2008/2008 
f 2006/2006/2006 2007/2007/2007 2008/2008/2008 
f 2009/2009/2009 2008/2008/2008 2007/2007/2007 
f 2009/2009/2009 2008/2008/2008 2007/2007/2007 
f 2009/2009/2009 2008/2008/2008 2007/2007/2007 
f 2010/2010/2010 2011/2011/2011 2012/2012/2012 
f 2010/2010/2010 2011/2011/2011 2012/2012/2012 
f 2010/2010/2010 2011/2011/2011 2012/2012/2012 
f 2013/2013/2013 2012/2012/2012 2011/2011/2011 
f 2013/2013/2013 2012/2012/2012 2011/2011/2011 
f 2013/2013/2013 2012/2012/2012 2011/2011/2011 
f 2015/2015/2015 2016/2016/2016 2017/2017/2017 
f 2015/2015/2015 2016/2016/2016 2017/2017/2017 
f 2015/2015/2015 2016/2016/2016 2017/2017/2017 
f 2016/2016/2016 2018/2018/2018 2017/2017/2017 
f 2016/2016/2016 2018/2018/2018 2017/2017/2017 
f 2016/2016/2016 2018/2018/2018 2017/2017/2017 
f 2019/2019/2019 2020/2020/2020 2021/2021/2021 
f 2019/2019/2019 2020/2020/2020 2021/2021/2021 
f 2019/2019/2019 2020/2020/2020 2021/2021/2021 
f 2022/2022/2022 2021/2021/2021 2020/2020/2020 
f 2022/2022/2022 2021/2021/2021 2020/2020/2020 
f 2022/2022/2022 2021/2021/2021 2020/2020/2020 
f 2023/2023/2023 2024/2024/2024 2025/2025/2025 
f 2023/2023/2023 2024/2024/2024 2025/2025/2025 
f 2023/2023/2023 2024/2024/2024 2025/2025/2025 
f 2026/2026/2026 2025/2025/2025 2024/2024/2024 
f 2026/2026/2026 2025/2025/2025 2024/2024/2024 
f 2026/2026/2026 2025/2025/2025 2024/2024/2024 
f 2029/2029/2029 2030/2030/2030 2031/2031/2031 
f 2029/2029/2029 2030/2030/2030 2031/2031/2031 
f 2029/2029/2029 2030/2030/2030 2031/2031/2031 
f 2031/2031/2031 2032/2032/2032 2029/2029/2029 
f 2031/2031/2031 2032/2032/2032 2029/2029/2029 
f 2031/2031/2031 2032/2032/2032 2029/2029/2029 
f 2033/2033/2033 2034/2034/2034 2035/2035/2035 
f 2033/2033/2033 2034/2034/2034 2035/2035/2035 
f 2033/2033/2033 2034/2034/2034 2035/2035/2035 
f 2036/2036/2036 2035/2035/2035 2034/2034/2034 
f 2036/2036/2036 2035/2035/2035 2034/2034/2034 
f 2036/2036/2036 2035/2035/2035 2034/2034/2034 
f 2037/2037/2037 2038/2038/2038 2039/2039/2039 
f 2037/2037/2037 2038/2038/2038 2039/2039/2039 
f 2037/2037/2037 2038/2038/2038 2039/2039/2039 
f 2040/2040/2040 2041/2041/2041 2042/2042/2042 
f 2040/2040/2040 2041/2041/2041 2042/2042/2042 
f 2040/2040/2040 2041/2041/2041 2042/2042/2042 
f 2043/2043/2043 2044/2044/2044 2045/2045/2045 
f 2043/2043/2043 2044/2044/2044 2045/2045/2045 
f 2043/2043/2043 2044/2044/2044 2045/2045/2045 
f 2045/2045/2045 2046/2046/2046 2043/2043/2043 
f 2045/2045/2045 2046/2046/2046 2043/2043/2043 
f 2045/2045/2045 2046/2046/2046 2043/2043/2043 
f 2047/2047/2047 2048/2048/2048 2049/2049/2049 
f 2047/2047/2047 2048/2048/2048 2049/2049/2049 
f 2047/2047/2047 2048/2048/2048 2049/2049/2049 
f 2050/2050/2050 2049/2049/2049 2048/2048/2048 
f 2050/2050/2050 2049/2049/2049 2048/2048/2048 
f 2050/2050/2050 2049/2049/2049 2048/2048/2048 
f 2205/2205/2205 2206/2206/2206 2207/2207/2207 
f 2205/2205/2205 2206/2206/2206 2207/2207/2207 
f 2205/2205/2205 2206/2206/2206 2207/2207/2207 
f 2206/2206/2206 2205/2205/2205 2208/2208/2208 
f 2206/2206/2206 2205/2205/2205 2208/2208/2208 
f 2206/2206/2206 2205/2205/2205 2208/2208/2208 
f 2210/2210/2210 2211/2211/2211 2212/2212/2212 
f 2210/2210/2210 2211/2211/2211 2212/2212/2212 
f 2210/2210/2210 2211/2211/2211 2212/2212/2212 
f 2211/2211/2211 2210/2210/2210 2213/2213/2213 
f 2211/2211/2211 2210/2210/2210 2213/2213/2213 
f 2211/2211/2211 2210/2210/2210 2213/2213/2213 
f 2214/2214/2214 2215/2215/2215 2216/2216/2216 
f 2214/2214/2214 2215/2215/2215 2216/2216/2216 
f 2214/2214/2214 2215/2215/2215 2216/2216/2216 
f 2217/2217/2217 2216/2216/2216 2215/2215/2215 
f 2217/2217/2217 2216/2216/2216 2215/2215/2215 
f 2217/2217/2217 2216/2216/2216 2215/2215/2215 
f 2220/2220/2220 2221/2221/2221 2222/2222/2222 
f 2220/2220/2220 2221/2221/2221 2222/2222/2222 
f 2220/2220/2220 2221/2221/2221 2222/2222/2222 
f 2222/2222/2222 2223/2223/2223 2220/2220/2220 
f 2222/2222/2222 2223/2223/2223 2220/2220/2220 
f 2222/2222/2222 2223/2223/2223 2220/2220/2220 
f 2225/2225/2225 2226/2226/2226 2227/2227/2227 
f 2225/2225/2225 2226/2226/2226 2227/2227/2227 
f 2225/2225/2225 2226/2226/2226 2227/2227/2227 
f 2227/2227/2227 2228/2228/2228 2225/2225/2225 
f 2227/2227/2227 2228/2228/2228 2225/2225/2225 
f 2227/2227/2227 2228/2228/2228 2225/2225/2225 
f 2229/2229/2229 2230/2230/2230 2231/2231/2231 
f 2229/2229/2229 2230/2230/2230 2231/2231/2231 
f 2229/2229/2229 2230/2230/2230 2231/2231/2231 
f 2231/2231/2231 2232/2232/2232 2229/2229/2229 
f 2231/2231/2231 2232/2232/2232 2229/2229/2229 
f 2231/2231/2231 2232/2232/2232 2229/2229/2229 
f 2233/2233/2233 2234/2234/2234 2235/2235/2235 
f 2233/2233/2233 2234/2234/2234 2235/2235/2235 
f 2233/2233/2233 2234/2234/2234 2235/2235/2235 
f 2235/2235/2235 2236/2236/2236 2233/2233/2233 
f 2235/2235/2235 2236/2236/2236 2233/2233/2233 
f 2235/2235/2235 2236/2236/2236 2233/2233/2233 
f 2237/2237/2237 2238/2238/2238 2239/2239/2239 
f 2237/2237/2237 2238/2238/2238 2239/2239/2239 
f 2237/2237/2237 2238/2238/2238 2239/2239/2239 
f 2238/2238/2238 2240/2240/2240 2239/2239/2239 
f 2238/2238/2238 2240/2240/2240 2239/2239/2239 
f 2238/2238/2238 2240/2240/2240 2239/2239/2239 
f 2241/2241/2241 2242/2242/2242 2243/2243/2243 
f 2241/2241/2241 2242/2242/2242 2243/2243/2243 
f 2241/2241/2241 2242/2242/2242 2243/2243/2243 
f 2242/2242/2242 2241/2241/2241 2244/2244/2244 
f 2242/2242/2242 2241/2241/2241 2244/2244/2244 
f 2242/2242/2242 2241/2241/2241 2244/2244/2244 
f 2245/2245/2245 2246/2246/2246 2247/2247/2247 
f 2245/2245/2245 2246/2246/2246 2247/2247/2247 
f 2245/2245/2245 2246/2246/2246 2247/2247/2247 
f 2246/2246/2246 2245/2245/2245 2248/2248/2248 
f 2246/2246/2246 2245/2245/2245 2248/2248/2248 
f 2246/2246/2246 2245/2245/2245 2248/2248/2248 
f 2249/2249/2249 2250/2250/2250 2251/2251/2251 
f 2249/2249/2249 2250/2250/2250 2251/2251/2251 
f 2249/2249/2249 2250/2250/2250 2251/2251/2251 
f 2250/2250/2250 2249/2249/2249 2252/2252/2252 
f 2250/2250/2250 2249/2249/2249 2252/2252/2252 
f 2250/2250/2250 2249/2249/2249 2252/2252/2252 
f 2253/2253/2253 2254/2254/2254 2255/2255/2255 
f 2253/2253/2253 2254/2254/2254 2255/2255/2255 
f 2253/2253/2253 2254/2254/2254 2255/2255/2255 
f 2254/2254/2254 2253/2253/2253 2256/2256/2256 
f 2254/2254/2254 2253/2253/2253 2256/2256/2256 
f 2254/2254/2254 2253/2253/2253 2256/2256/2256 
f 2257/2257/2257 2258/2258/2258 2259/2259/2259 
f 2257/2257/2257 2258/2258/2258 2259/2259/2259 
f 2257/2257/2257 2258/2258/2258 2259/2259/2259 
f 2258/2258/2258 2257/2257/2257 2260/2260/2260 
f 2258/2258/2258 2257/2257/2257 2260/2260/2260 
f 2258/2258/2258 2257/2257/2257 2260/2260/2260 
f 2261/2261/2261 2262/2262/2262 2263/2263/2263 
f 2261/2261/2261 2262/2262/2262 2263/2263/2263 
f 2261/2261/2261 2262/2262/2262 2263/2263/2263 
f 2264/2264/2264 2263/2263/2263 2262/2262/2262 
f 2264/2264/2264 2263/2263/2263 2262/2262/2262 
f 2264/2264/2264 2263/2263/2263 2262/2262/2262 
f 2266/2266/2266 2267/2267/2267 2268/2268/2268 
f 2266/2266/2266 2267/2267/2267 2268/2268/2268 
f 2266/2266/2266 2267/2267/2267 2268/2268/2268 
f 2267/2267/2267 2266/2266/2266 2269/2269/2269 
f 2267/2267/2267 2266/2266/2266 2269/2269/2269 
f 2267/2267/2267 2266/2266/2266 2269/2269/2269 
f 2272/2272/2272 2273/2273/2273 2274/2274/2274 
f 2272/2272/2272 2273/2273/2273 2274/2274/2274 
f 2272/2272/2272 2273/2273/2273 2274/2274/2274 
f 2274/2274/2274 2275/2275/2275 2272/2272/2272 
f 2274/2274/2274 2275/2275/2275 2272/2272/2272 
f 2274/2274/2274 2275/2275/2275 2272/2272/2272 
f 2276/2276/2276 2277/2277/2277 2278/2278/2278 
f 2276/2276/2276 2277/2277/2277 2278/2278/2278 
f 2276/2276/2276 2277/2277/2277 2278/2278/2278 
f 2278/2278/2278 2279/2279/2279 2276/2276/2276 
f 2278/2278/2278 2279/2279/2279 2276/2276/2276 
f 2278/2278/2278 2279/2279/2279 2276/2276/2276 
f 2280/2280/2280 2281/2281/2281 2282/2282/2282 
f 2280/2280/2280 2281/2281/2281 2282/2282/2282 
f 2280/2280/2280 2281/2281/2281 2282/2282/2282 
f 2282/2282/2282 2283/2283/2283 2280/2280/2280 
f 2282/2282/2282 2283/2283/2283 2280/2280/2280 
f 2282/2282/2282 2283/2283/2283 2280/2280/2280 
f 2284/2284/2284 2285/2285/2285 2286/2286/2286 
f 2284/2284/2284 2285/2285/2285 2286/2286/2286 
f 2284/2284/2284 2285/2285/2285 2286/2286/2286 
f 2285/2285/2285 2284/2284/2284 2287/2287/2287 
f 2285/2285/2285 2284/2284/2284 2287/2287/2287 
f 2285/2285/2285 2284/2284/2284 2287/2287/2287 
f 2288/2288/2288 2289/2289/2289 2290/2290/2290 
f 2288/2288/2288 2289/2289/2289 2290/2290/2290 
f 2288/2288/2288 2289/2289/2289 2290/2290/2290 
f 2290/2290/2290 2291/2291/2291 2288/2288/2288 
f 2290/2290/2290 2291/2291/2291 2288/2288/2288 
f 2290/2290/2290 2291/2291/2291 2288/2288/2288 
f 2292/2292/2292 2293/2293/2293 2294/2294/2294 
f 2292/2292/2292 2293/2293/2293 2294/2294/2294 
f 2292/2292/2292 2293/2293/2293 2294/2294/2294 
f 2294/2294/2294 2295/2295/2295 2292/2292/2292 
f 2294/2294/2294 2295/2295/2295 2292/2292/2292 
f 2294/2294/2294 2295/2295/2295 2292/2292/2292 
f 2296/2296/2296 2297/2297/2297 2298/2298/2298 
f 2296/2296/2296 2297/2297/2297 2298/2298/2298 
f 2296/2296/2296 2297/2297/2297 2298/2298/2298 
f 2298/2298/2298 2299/2299/2299 2296/2296/2296 
f 2298/2298/2298 2299/2299/2299 2296/2296/2296 
f 2298/2298/2298 2299/2299/2299 2296/2296/2296 
f 2300/2300/2300 2301/2301/2301 2302/2302/2302 
f 2300/2300/2300 2301/2301/2301 2302/2302/2302 
f 2300/2300/2300 2301/2301/2301 2302/2302/2302 
f 2302/2302/2302 2303/2303/2303 2300/2300/2300 
f 2302/2302/2302 2303/2303/2303 2300/2300/2300 
f 2302/2302/2302 2303/2303/2303 2300/2300/2300 
f 2304/2304/2304 2305/2305/2305 2306/2306/2306 
f 2304/2304/2304 2305/2305/2305 2306/2306/2306 
f 2304/2304/2304 2305/2305/2305 2306/2306/2306 
f 2304/2304/2304 2306/2306/2306 2307/2307/2307 
f 2304/2304/2304 2306/2306/2306 2307/2307/2307 
f 2304/2304/2304 2306/2306/2306 2307/2307/2307 
f 2308/2308/2308 2309/2309/2309 2310/2310/2310 
f 2308/2308/2308 2309/2309/2309 2310/2310/2310 
f 2308/2308/2308 2309/2309/2309 2310/2310/2310 
f 2309/2309/2309 2308/2308/2308 2311/2311/2311 
f 2309/2309/2309 2308/2308/2308 2311/2311/2311 
f 2309/2309/2309 2308/2308/2308 2311/2311/2311 
f 2312/2312/2312 2313/2313/2313 2314/2314/2314 
f 2312/2312/2312 2313/2313/2313 2314/2314/2314 
f 2312/2312/2312 2313/2313/2313 2314/2314/2314 
f 2312/2312/2312 2314/2314/2314 2315/2315/2315 
f 2312/2312/2312 2314/2314/2314 2315/2315/2315 
f 2312/2312/2312 2314/2314/2314 2315/2315/2315 
f 2316/2316/2316 2317/2317/2317 2318/2318/2318 
f 2316/2316/2316 2317/2317/2317 2318/2318/2318 
f 2316/2316/2316 2317/2317/2317 2318/2318/2318 
f 2316/2316/2316 2319/2319/2319 2317/2317/2317 
f 2316/2316/2316 2319/2319/2319 2317/2317/2317 
f 2316/2316/2316 2319/2319/2319 2317/2317/2317 
f 2320/2320/2320 2321/2321/2321 2322/2322/2322 
f 2320/2320/2320 2321/2321/2321 2322/2322/2322 
f 2320/2320/2320 2321/2321/2321 2322/2322/2322 
f 2323/2323/2323 2322/2322/2322 2321/2321/2321 
f 2323/2323/2323 2322/2322/2322 2321/2321/2321 
f 2323/2323/2323 2322/2322/2322 2321/2321/2321 
f 2324/2324/2324 2325/2325/2325 2326/2326/2326 
f 2324/2324/2324 2325/2325/2325 2326/2326/2326 
f 2324/2324/2324 2325/2325/2325 2326/2326/2326 
f 2326/2326/2326 2327/2327/2327 2324/2324/2324 
f 2326/2326/2326 2327/2327/2327 2324/2324/2324 
f 2326/2326/2326 2327/2327/2327 2324/2324/2324 
f 2328/2328/2328 2329/2329/2329 2330/2330/2330 
f 2328/2328/2328 2329/2329/2329 2330/2330/2330 
f 2328/2328/2328 2329/2329/2329 2330/2330/2330 
f 2329/2329/2329 2328/2328/2328 2331/2331/2331 
f 2329/2329/2329 2328/2328/2328 2331/2331/2331 
f 2329/2329/2329 2328/2328/2328 2331/2331/2331 
f 2333/2333/2333 2334/2334/2334 2335/2335/2335 
f 2333/2333/2333 2334/2334/2334 2335/2335/2335 
f 2333/2333/2333 2334/2334/2334 2335/2335/2335 
f 2336/2336/2336 2335/2335/2335 2334/2334/2334 
f 2336/2336/2336 2335/2335/2335 2334/2334/2334 
f 2336/2336/2336 2335/2335/2335 2334/2334/2334 
f 2337/2337/2337 2338/2338/2338 2339/2339/2339 
f 2337/2337/2337 2338/2338/2338 2339/2339/2339 
f 2337/2337/2337 2338/2338/2338 2339/2339/2339 
f 2337/2337/2337 2339/2339/2339 2340/2340/2340 
f 2337/2337/2337 2339/2339/2339 2340/2340/2340 
f 2337/2337/2337 2339/2339/2339 2340/2340/2340 
f 2341/2341/2341 2342/2342/2342 2343/2343/2343 
f 2341/2341/2341 2342/2342/2342 2343/2343/2343 
f 2341/2341/2341 2342/2342/2342 2343/2343/2343 
f 2344/2344/2344 2343/2343/2343 2342/2342/2342 
f 2344/2344/2344 2343/2343/2343 2342/2342/2342 
f 2344/2344/2344 2343/2343/2343 2342/2342/2342 
f 2345/2345/2345 2346/2346/2346 2347/2347/2347 
f 2345/2345/2345 2346/2346/2346 2347/2347/2347 
f 2345/2345/2345 2346/2346/2346 2347/2347/2347 
f 2347/2347/2347 2348/2348/2348 2345/2345/2345 
f 2347/2347/2347 2348/2348/2348 2345/2345/2345 
f 2347/2347/2347 2348/2348/2348 2345/2345/2345 
f 2349/2349/2349 2350/2350/2350 2351/2351/2351 
f 2349/2349/2349 2350/2350/2350 2351/2351/2351 
f 2349/2349/2349 2350/2350/2350 2351/2351/2351 
f 2349/2349/2349 2351/2351/2351 2352/2352/2352 
f 2349/2349/2349 2351/2351/2351 2352/2352/2352 
f 2349/2349/2349 2351/2351/2351 2352/2352/2352 
f 2353/2353/2353 2354/2354/2354 2355/2355/2355 
f 2353/2353/2353 2354/2354/2354 2355/2355/2355 
f 2353/2353/2353 2354/2354/2354 2355/2355/2355 
f 2354/2354/2354 2353/2353/2353 2356/2356/2356 
f 2354/2354/2354 2353/2353/2353 2356/2356/2356 
f 2354/2354/2354 2353/2353/2353 2356/2356/2356 
f 2357/2357/2357 2358/2358/2358 2359/2359/2359 
f 2357/2357/2357 2358/2358/2358 2359/2359/2359 
f 2357/2357/2357 2358/2358/2358 2359/2359/2359 
f 2358/2358/2358 2357/2357/2357 2360/2360/2360 
f 2358/2358/2358 2357/2357/2357 2360/2360/2360 
f 2358/2358/2358 2357/2357/2357 2360/2360/2360 
f 2361/2361/2361 2362/2362/2362 2363/2363/2363 
f 2361/2361/2361 2362/2362/2362 2363/2363/2363 
f 2361/2361/2361 2362/2362/2362 2363/2363/2363 
f 2362/2362/2362 2361/2361/2361 2364/2364/2364 
f 2362/2362/2362 2361/2361/2361 2364/2364/2364 
f 2362/2362/2362 2361/2361/2361 2364/2364/2364 
f 2365/2365/2365 2366/2366/2366 2367/2367/2367 
f 2365/2365/2365 2366/2366/2366 2367/2367/2367 
f 2365/2365/2365 2366/2366/2366 2367/2367/2367 
f 2366/2366/2366 2365/2365/2365 2368/2368/2368 
f 2366/2366/2366 2365/2365/2365 2368/2368/2368 
f 2366/2366/2366 2365/2365/2365 2368/2368/2368 
f 2369/2369/2369 2370/2370/2370 2371/2371/2371 
f 2369/2369/2369 2370/2370/2370 2371/2371/2371 
f 2369/2369/2369 2370/2370/2370 2371/2371/2371 
f 2370/2370/2370 2369/2369/2369 2372/2372/2372 
f 2370/2370/2370 2369/2369/2369 2372/2372/2372 
f 2370/2370/2370 2369/2369/2369 2372/2372/2372 
f 2373/2373/2373 2374/2374/2374 2375/2375/2375 
f 2373/2373/2373 2374/2374/2374 2375/2375/2375 
f 2373/2373/2373 2374/2374/2374 2375/2375/2375 
f 2374/2374/2374 2373/2373/2373 2376/2376/2376 
f 2374/2374/2374 2373/2373/2373 2376/2376/2376 
f 2374/2374/2374 2373/2373/2373 2376/2376/2376 
f 2377/2377/2377 2378/2378/2378 2379/2379/2379 
f 2377/2377/2377 2378/2378/2378 2379/2379/2379 
f 2377/2377/2377 2378/2378/2378 2379/2379/2379 
f 2378/2378/2378 2377/2377/2377 2380/2380/2380 
f 2378/2378/2378 2377/2377/2377 2380/2380/2380 
f 2378/2378/2378 2377/2377/2377 2380/2380/2380 
f 2381/2381/2381 2382/2382/2382 2383/2383/2383 
f 2381/2381/2381 2382/2382/2382 2383/2383/2383 
f 2381/2381/2381 2382/2382/2382 2383/2383/2383 
f 2383/2383/2383 2382/2382/2382 2384/2384/2384 
f 2383/2383/2383 2382/2382/2382 2384/2384/2384 
f 2383/2383/2383 2382/2382/2382 2384/2384/2384 
f 2385/2385/2385 2386/2386/2386 2387/2387/2387 
f 2385/2385/2385 2386/2386/2386 2387/2387/2387 
f 2385/2385/2385 2386/2386/2386 2387/2387/2387 
f 2385/2385/2385 2387/2387/2387 2388/2388/2388 
f 2385/2385/2385 2387/2387/2387 2388/2388/2388 
f 2385/2385/2385 2387/2387/2387 2388/2388/2388 
f 2389/2389/2389 2390/2390/2390 2391/2391/2391 
f 2389/2389/2389 2390/2390/2390 2391/2391/2391 
f 2389/2389/2389 2390/2390/2390 2391/2391/2391 
f 2391/2391/2391 2390/2390/2390 2392/2392/2392 
f 2391/2391/2391 2390/2390/2390 2392/2392/2392 
f 2391/2391/2391 2390/2390/2390 2392/2392/2392 
f 2393/2393/2393 2394/2394/2394 2395/2395/2395 
f 2393/2393/2393 2394/2394/2394 2395/2395/2395 
f 2393/2393/2393 2394/2394/2394 2395/2395/2395 
f 2394/2394/2394 2393/2393/2393 2396/2396/2396 
f 2394/2394/2394 2393/2393/2393 2396/2396/2396 
f 2394/2394/2394 2393/2393/2393 2396/2396/2396 
f 2397/2397/2397 2398/2398/2398 2399/2399/2399 
f 2397/2397/2397 2398/2398/2398 2399/2399/2399 
f 2397/2397/2397 2398/2398/2398 2399/2399/2399 
f 2399/2399/2399 2398/2398/2398 2400/2400/2400 
f 2399/2399/2399 2398/2398/2398 2400/2400/2400 
f 2399/2399/2399 2398/2398/2398 2400/2400/2400 
f 2401/2401/2401 2402/2402/2402 2403/2403/2403 
f 2401/2401/2401 2402/2402/2402 2403/2403/2403 
f 2401/2401/2401 2402/2402/2402 2403/2403/2403 
f 2403/2403/2403 2404/2404/2404 2401/2401/2401 
f 2403/2403/2403 2404/2404/2404 2401/2401/2401 
f 2403/2403/2403 2404/2404/2404 2401/2401/2401 
f 2405/2405/2405 2406/2406/2406 2407/2407/2407 
f 2405/2405/2405 2406/2406/2406 2407/2407/2407 
f 2405/2405/2405 2406/2406/2406 2407/2407/2407 
f 2406/2406/2406 2405/2405/2405 2408/2408/2408 
f 2406/2406/2406 2405/2405/2405 2408/2408/2408 
f 2406/2406/2406 2405/2405/2405 2408/2408/2408 
f 2409/2409/2409 2410/2410/2410 2411/2411/2411 
f 2409/2409/2409 2410/2410/2410 2411/2411/2411 
f 2409/2409/2409 2410/2410/2410 2411/2411/2411 
f 2411/2411/2411 2412/2412/2412 2409/2409/2409 
f 2411/2411/2411 2412/2412/2412 2409/2409/2409 
f 2411/2411/2411 2412/2412/2412 2409/2409/2409 
f 2413/2413/2413 2414/2414/2414 2415/2415/2415 
f 2413/2413/2413 2414/2414/2414 2415/2415/2415 
f 2413/2413/2413 2414/2414/2414 2415/2415/2415 
f 2413/2413/2413 2415/2415/2415 2416/2416/2416 
f 2413/2413/2413 2415/2415/2415 2416/2416/2416 
f 2413/2413/2413 2415/2415/2415 2416/2416/2416 
f 2417/2417/2417 2418/2418/2418 2419/2419/2419 
f 2417/2417/2417 2418/2418/2418 2419/2419/2419 
f 2417/2417/2417 2418/2418/2418 2419/2419/2419 
f 2419/2419/2419 2418/2418/2418 2420/2420/2420 
f 2419/2419/2419 2418/2418/2418 2420/2420/2420 
f 2419/2419/2419 2418/2418/2418 2420/2420/2420 
f 2421/2421/2421 2422/2422/2422 2423/2423/2423 
f 2421/2421/2421 2422/2422/2422 2423/2423/2423 
f 2421/2421/2421 2422/2422/2422 2423/2423/2423 
f 2423/2423/2423 2424/2424/2424 2421/2421/2421 
f 2423/2423/2423 2424/2424/2424 2421/2421/2421 
f 2423/2423/2423 2424/2424/2424 2421/2421/2421 
f 2425/2425/2425 2426/2426/2426 2427/2427/2427 
f 2425/2425/2425 2426/2426/2426 2427/2427/2427 
f 2425/2425/2425 2426/2426/2426 2427/2427/2427 
f 2427/2427/2427 2428/2428/2428 2425/2425/2425 
f 2427/2427/2427 2428/2428/2428 2425/2425/2425 
f 2427/2427/2427 2428/2428/2428 2425/2425/2425 
f 2429/2429/2429 2430/2430/2430 2431/2431/2431 
f 2429/2429/2429 2430/2430/2430 2431/2431/2431 
f 2429/2429/2429 2430/2430/2430 2431/2431/2431 
f 2430/2430/2430 2429/2429/2429 2432/2432/2432 
f 2430/2430/2430 2429/2429/2429 2432/2432/2432 
f 2430/2430/2430 2429/2429/2429 2432/2432/2432 
f 2433/2433/2433 2434/2434/2434 2435/2435/2435 
f 2433/2433/2433 2434/2434/2434 2435/2435/2435 
f 2433/2433/2433 2434/2434/2434 2435/2435/2435 
f 2434/2434/2434 2433/2433/2433 2436/2436/2436 
f 2434/2434/2434 2433/2433/2433 2436/2436/2436 
f 2434/2434/2434 2433/2433/2433 2436/2436/2436 
f 2437/2437/2437 2438/2438/2438 2439/2439/2439 
f 2437/2437/2437 2438/2438/2438 2439/2439/2439 
f 2437/2437/2437 2438/2438/2438 2439/2439/2439 
f 2440/2440/2440 2438/2438/2438 2437/2437/2437 
f 2440/2440/2440 2438/2438/2438 2437/2437/2437 
f 2440/2440/2440 2438/2438/2438 2437/2437/2437 
f 2441/2441/2441 2442/2442/2442 2443/2443/2443 
f 2441/2441/2441 2442/2442/2442 2443/2443/2443 
f 2441/2441/2441 2442/2442/2442 2443/2443/2443 
f 2444/2444/2444 2443/2443/2443 2442/2442/2442 
f 2444/2444/2444 2443/2443/2443 2442/2442/2442 
f 2444/2444/2444 2443/2443/2443 2442/2442/2442 
f 2445/2445/2445 2446/2446/2446 2447/2447/2447 
f 2445/2445/2445 2446/2446/2446 2447/2447/2447 
f 2445/2445/2445 2446/2446/2446 2447/2447/2447 
f 2447/2447/2447 2448/2448/2448 2445/2445/2445 
f 2447/2447/2447 2448/2448/2448 2445/2445/2445 
f 2447/2447/2447 2448/2448/2448 2445/2445/2445 
f 2449/2449/2449 2450/2450/2450 2451/2451/2451 
f 2449/2449/2449 2450/2450/2450 2451/2451/2451 
f 2449/2449/2449 2450/2450/2450 2451/2451/2451 
f 2451/2451/2451 2452/2452/2452 2449/2449/2449 
f 2451/2451/2451 2452/2452/2452 2449/2449/2449 
f 2451/2451/2451 2452/2452/2452 2449/2449/2449 
f 2453/2453/2453 2454/2454/2454 2455/2455/2455 
f 2453/2453/2453 2454/2454/2454 2455/2455/2455 
f 2453/2453/2453 2454/2454/2454 2455/2455/2455 
f 2453/2453/2453 2456/2456/2456 2454/2454/2454 
f 2453/2453/2453 2456/2456/2456 2454/2454/2454 
f 2453/2453/2453 2456/2456/2456 2454/2454/2454 
f 2457/2457/2457 2458/2458/2458 2459/2459/2459 
f 2457/2457/2457 2458/2458/2458 2459/2459/2459 
f 2457/2457/2457 2458/2458/2458 2459/2459/2459 
f 2458/2458/2458 2457/2457/2457 2460/2460/2460 
f 2458/2458/2458 2457/2457/2457 2460/2460/2460 
f 2458/2458/2458 2457/2457/2457 2460/2460/2460 
f 2461/2461/2461 2462/2462/2462 2463/2463/2463 
f 2461/2461/2461 2462/2462/2462 2463/2463/2463 
f 2461/2461/2461 2462/2462/2462 2463/2463/2463 
f 2462/2462/2462 2461/2461/2461 2464/2464/2464 
f 2462/2462/2462 2461/2461/2461 2464/2464/2464 
f 2462/2462/2462 2461/2461/2461 2464/2464/2464 
f 2465/2465/2465 2466/2466/2466 2467/2467/2467 
f 2465/2465/2465 2466/2466/2466 2467/2467/2467 
f 2465/2465/2465 2466/2466/2466 2467/2467/2467 
f 2467/2467/2467 2468/2468/2468 2465/2465/2465 
f 2467/2467/2467 2468/2468/2468 2465/2465/2465 
f 2467/2467/2467 2468/2468/2468 2465/2465/2465 
f 2469/2469/2469 2470/2470/2470 2471/2471/2471 
f 2469/2469/2469 2470/2470/2470 2471/2471/2471 
f 2469/2469/2469 2470/2470/2470 2471/2471/2471 
f 2472/2472/2472 2470/2470/2470 2469/2469/2469 
f 2472/2472/2472 2470/2470/2470 2469/2469/2469 
f 2472/2472/2472 2470/2470/2470 2469/2469/2469 
f 2473/2473/2473 2474/2474/2474 2475/2475/2475 
f 2473/2473/2473 2474/2474/2474 2475/2475/2475 
f 2473/2473/2473 2474/2474/2474 2475/2475/2475 
f 2476/2476/2476 2475/2475/2475 2474/2474/2474 
f 2476/2476/2476 2475/2475/2475 2474/2474/2474 
f 2476/2476/2476 2475/2475/2475 2474/2474/2474 
f 2477/2477/2477 2478/2478/2478 2479/2479/2479 
f 2477/2477/2477 2478/2478/2478 2479/2479/2479 
f 2477/2477/2477 2478/2478/2478 2479/2479/2479 
f 2479/2479/2479 2480/2480/2480 2477/2477/2477 
f 2479/2479/2479 2480/2480/2480 2477/2477/2477 
f 2479/2479/2479 2480/2480/2480 2477/2477/2477 
f 2481/2481/2481 2482/2482/2482 2483/2483/2483 
f 2481/2481/2481 2482/2482/2482 2483/2483/2483 
f 2481/2481/2481 2482/2482/2482 2483/2483/2483 
f 2484/2484/2484 2483/2483/2483 2482/2482/2482 
f 2484/2484/2484 2483/2483/2483 2482/2482/2482 
f 2484/2484/2484 2483/2483/2483 2482/2482/2482 
f 2485/2485/2485 2486/2486/2486 2487/2487/2487 
f 2485/2485/2485 2486/2486/2486 2487/2487/2487 
f 2485/2485/2485 2486/2486/2486 2487/2487/2487 
f 2487/2487/2487 2486/2486/2486 2488/2488/2488 
f 2487/2487/2487 2486/2486/2486 2488/2488/2488 
f 2487/2487/2487 2486/2486/2486 2488/2488/2488 
f 2489/2489/2489 2490/2490/2490 2491/2491/2491 
f 2489/2489/2489 2490/2490/2490 2491/2491/2491 
f 2489/2489/2489 2490/2490/2490 2491/2491/2491 
f 2490/2490/2490 2492/2492/2492 2491/2491/2491 
f 2490/2490/2490 2492/2492/2492 2491/2491/2491 
f 2490/2490/2490 2492/2492/2492 2491/2491/2491 
f 2493/2493/2493 2494/2494/2494 2495/2495/2495 
f 2493/2493/2493 2494/2494/2494 2495/2495/2495 
f 2493/2493/2493 2494/2494/2494 2495/2495/2495 
f 2495/2495/2495 2496/2496/2496 2493/2493/2493 
f 2495/2495/2495 2496/2496/2496 2493/2493/2493 
f 2495/2495/2495 2496/2496/2496 2493/2493/2493 
f 2497/2497/2497 2498/2498/2498 2499/2499/2499 
f 2497/2497/2497 2498/2498/2498 2499/2499/2499 
f 2497/2497/2497 2498/2498/2498 2499/2499/2499 
f 2498/2498/2498 2497/2497/2497 2500/2500/2500 
f 2498/2498/2498 2497/2497/2497 2500/2500/2500 
f 2498/2498/2498 2497/2497/2497 2500/2500/2500 
f 2501/2501/2501 2502/2502/2502 2503/2503/2503 
f 2501/2501/2501 2502/2502/2502 2503/2503/2503 
f 2501/2501/2501 2502/2502/2502 2503/2503/2503 
f 2503/2503/2503 2504/2504/2504 2501/2501/2501 
f 2503/2503/2503 2504/2504/2504 2501/2501/2501 
f 2503/2503/2503 2504/2504/2504 2501/2501/2501 
f 2505/2505/2505 2506/2506/2506 2507/2507/2507 
f 2505/2505/2505 2506/2506/2506 2507/2507/2507 
f 2505/2505/2505 2506/2506/2506 2507/2507/2507 
f 2506/2506/2506 2505/2505/2505 2508/2508/2508 
f 2506/2506/2506 2505/2505/2505 2508/2508/2508 
f 2506/2506/2506 2505/2505/2505 2508/2508/2508 
f 2509/2509/2509 2510/2510/2510 2511/2511/2511 
f 2509/2509/2509 2510/2510/2510 2511/2511/2511 
f 2509/2509/2509 2510/2510/2510 2511/2511/2511 
f 2510/2510/2510 2512/2512/2512 2511/2511/2511 
f 2510/2510/2510 2512/2512/2512 2511/2511/2511 
f 2510/2510/2510 2512/2512/2512 2511/2511/2511 
f 2513/2513/2513 2514/2514/2514 2515/2515/2515 
f 2513/2513/2513 2514/2514/2514 2515/2515/2515 
f 2513/2513/2513 2514/2514/2514 2515/2515/2515 
f 2514/2514/2514 2513/2513/2513 2516/2516/2516 
f 2514/2514/2514 2513/2513/2513 2516/2516/2516 
f 2514/2514/2514 2513/2513/2513 2516/2516/2516 
f 2517/2517/2517 2518/2518/2518 2519/2519/2519 
f 2517/2517/2517 2518/2518/2518 2519/2519/2519 
f 2517/2517/2517 2518/2518/2518 2519/2519/2519 
f 2519/2519/2519 2520/2520/2520 2517/2517/2517 
f 2519/2519/2519 2520/2520/2520 2517/2517/2517 
f 2519/2519/2519 2520/2520/2520 2517/2517/2517 
f 2521/2521/2521 2522/2522/2522 2523/2523/2523 
f 2521/2521/2521 2522/2522/2522 2523/2523/2523 
f 2521/2521/2521 2522/2522/2522 2523/2523/2523 
f 2522/2522/2522 2521/2521/2521 2524/2524/2524 
f 2522/2522/2522 2521/2521/2521 2524/2524/2524 
f 2522/2522/2522 2521/2521/2521 2524/2524/2524 
f 2525/2525/2525 2526/2526/2526 2527/2527/2527 
f 2525/2525/2525 2526/2526/2526 2527/2527/2527 
f 2525/2525/2525 2526/2526/2526 2527/2527/2527 
f 2528/2528/2528 2527/2527/2527 2526/2526/2526 
f 2528/2528/2528 2527/2527/2527 2526/2526/2526 
f 2528/2528/2528 2527/2527/2527 2526/2526/2526 
f 2529/2529/2529 2530/2530/2530 2531/2531/2531 
f 2529/2529/2529 2530/2530/2530 2531/2531/2531 
f 2529/2529/2529 2530/2530/2530 2531/2531/2531 
f 2532/2532/2532 2531/2531/2531 2530/2530/2530 
f 2532/2532/2532 2531/2531/2531 2530/2530/2530 
f 2532/2532/2532 2531/2531/2531 2530/2530/2530 
f 2533/2533/2533 2534/2534/2534 2535/2535/2535 
f 2533/2533/2533 2534/2534/2534 2535/2535/2535 
f 2533/2533/2533 2534/2534/2534 2535/2535/2535 
f 2534/2534/2534 2536/2536/2536 2535/2535/2535 
f 2534/2534/2534 2536/2536/2536 2535/2535/2535 
f 2534/2534/2534 2536/2536/2536 2535/2535/2535 
f 2537/2537/2537 2538/2538/2538 2539/2539/2539 
f 2537/2537/2537 2538/2538/2538 2539/2539/2539 
f 2537/2537/2537 2538/2538/2538 2539/2539/2539 
f 2537/2537/2537 2539/2539/2539 2540/2540/2540 
f 2537/2537/2537 2539/2539/2539 2540/2540/2540 
f 2537/2537/2537 2539/2539/2539 2540/2540/2540 
f 2541/2541/2541 2542/2542/2542 2543/2543/2543 
f 2541/2541/2541 2542/2542/2542 2543/2543/2543 
f 2541/2541/2541 2542/2542/2542 2543/2543/2543 
f 2544/2544/2544 2543/2543/2543 2542/2542/2542 
f 2544/2544/2544 2543/2543/2543 2542/2542/2542 
f 2544/2544/2544 2543/2543/2543 2542/2542/2542 
f 2545/2545/2545 2546/2546/2546 2547/2547/2547 
f 2545/2545/2545 2546/2546/2546 2547/2547/2547 
f 2545/2545/2545 2546/2546/2546 2547/2547/2547 
f 2547/2547/2547 2546/2546/2546 2548/2548/2548 
f 2547/2547/2547 2546/2546/2546 2548/2548/2548 
f 2547/2547/2547 2546/2546/2546 2548/2548/2548 
f 2549/2549/2549 2550/2550/2550 2551/2551/2551 
f 2549/2549/2549 2550/2550/2550 2551/2551/2551 
f 2549/2549/2549 2550/2550/2550 2551/2551/2551 
f 2550/2550/2550 2549/2549/2549 2552/2552/2552 
f 2550/2550/2550 2549/2549/2549 2552/2552/2552 
f 2550/2550/2550 2549/2549/2549 2552/2552/2552 
f 2553/2553/2553 2554/2554/2554 2555/2555/2555 
f 2553/2553/2553 2554/2554/2554 2555/2555/2555 
f 2553/2553/2553 2554/2554/2554 2555/2555/2555 
f 2555/2555/2555 2556/2556/2556 2553/2553/2553 
f 2555/2555/2555 2556/2556/2556 2553/2553/2553 
f 2555/2555/2555 2556/2556/2556 2553/2553/2553 
f 2557/2557/2557 2558/2558/2558 2559/2559/2559 
f 2557/2557/2557 2558/2558/2558 2559/2559/2559 
f 2557/2557/2557 2558/2558/2558 2559/2559/2559 
f 2559/2559/2559 2560/2560/2560 2557/2557/2557 
f 2559/2559/2559 2560/2560/2560 2557/2557/2557 
f 2559/2559/2559 2560/2560/2560 2557/2557/2557 
f 2561/2561/2561 2562/2562/2562 2563/2563/2563 
f 2561/2561/2561 2562/2562/2562 2563/2563/2563 
f 2561/2561/2561 2562/2562/2562 2563/2563/2563 
f 2562/2562/2562 2561/2561/2561 2564/2564/2564 
f 2562/2562/2562 2561/2561/2561 2564/2564/2564 
f 2562/2562/2562 2561/2561/2561 2564/2564/2564 
f 2565/2565/2565 2566/2566/2566 2567/2567/2567 
f 2565/2565/2565 2566/2566/2566 2567/2567/2567 
f 2565/2565/2565 2566/2566/2566 2567/2567/2567 
f 2567/2567/2567 2568/2568/2568 2565/2565/2565 
f 2567/2567/2567 2568/2568/2568 2565/2565/2565 
f 2567/2567/2567 2568/2568/2568 2565/2565/2565 
f 2569/2569/2569 2570/2570/2570 2571/2571/2571 
f 2569/2569/2569 2570/2570/2570 2571/2571/2571 
f 2569/2569/2569 2570/2570/2570 2571/2571/2571 
f 2571/2571/2571 2572/2572/2572 2569/2569/2569 
f 2571/2571/2571 2572/2572/2572 2569/2569/2569 
f 2571/2571/2571 2572/2572/2572 2569/2569/2569 
f 2573/2573/2573 2574/2574/2574 2575/2575/2575 
f 2573/2573/2573 2574/2574/2574 2575/2575/2575 
f 2573/2573/2573 2574/2574/2574 2575/2575/2575 
f 2573/2573/2573 2575/2575/2575 2576/2576/2576 
f 2573/2573/2573 2575/2575/2575 2576/2576/2576 
f 2573/2573/2573 2575/2575/2575 2576/2576/2576 
f 2577/2577/2577 2578/2578/2578 2579/2579/2579 
f 2577/2577/2577 2578/2578/2578 2579/2579/2579 
f 2577/2577/2577 2578/2578/2578 2579/2579/2579 
f 2577/2577/2577 2579/2579/2579 2580/2580/2580 
f 2577/2577/2577 2579/2579/2579 2580/2580/2580 
f 2577/2577/2577 2579/2579/2579 2580/2580/2580 
f 2581/2581/2581 2582/2582/2582 2583/2583/2583 
f 2581/2581/2581 2582/2582/2582 2583/2583/2583 
f 2581/2581/2581 2582/2582/2582 2583/2583/2583 
f 2581/2581/2581 2583/2583/2583 2584/2584/2584 
f 2581/2581/2581 2583/2583/2583 2584/2584/2584 
f 2581/2581/2581 2583/2583/2583 2584/2584/2584 
f 2585/2585/2585 2586/2586/2586 2587/2587/2587 
f 2585/2585/2585 2586/2586/2586 2587/2587/2587 
f 2585/2585/2585 2586/2586/2586 2587/2587/2587 
f 2586/2586/2586 2585/2585/2585 2588/2588/2588 
f 2586/2586/2586 2585/2585/2585 2588/2588/2588 
f 2586/2586/2586 2585/2585/2585 2588/2588/2588 
f 2589/2589/2589 2590/2590/2590 2591/2591/2591 
f 2589/2589/2589 2590/2590/2590 2591/2591/2591 
f 2589/2589/2589 2590/2590/2590 2591/2591/2591 
f 2591/2591/2591 2592/2592/2592 2589/2589/2589 
f 2591/2591/2591 2592/2592/2592 2589/2589/2589 
f 2591/2591/2591 2592/2592/2592 2589/2589/2589 
f 2593/2593/2593 2594/2594/2594 2595/2595/2595 
f 2593/2593/2593 2594/2594/2594 2595/2595/2595 
f 2593/2593/2593 2594/2594/2594 2595/2595/2595 
f 2594/2594/2594 2593/2593/2593 2596/2596/2596 
f 2594/2594/2594 2593/2593/2593 2596/2596/2596 
f 2594/2594/2594 2593/2593/2593 2596/2596/2596 
f 2597/2597/2597 2598/2598/2598 2599/2599/2599 
f 2597/2597/2597 2598/2598/2598 2599/2599/2599 
f 2597/2597/2597 2598/2598/2598 2599/2599/2599 
f 2600/2600/2600 2599/2599/2599 2598/2598/2598 
f 2600/2600/2600 2599/2599/2599 2598/2598/2598 
f 2600/2600/2600 2599/2599/2599 2598/2598/2598 
f 2601/2601/2601 2602/2602/2602 2603/2603/2603 
f 2601/2601/2601 2602/2602/2602 2603/2603/2603 
f 2601/2601/2601 2602/2602/2602 2603/2603/2603 
f 2603/2603/2603 2602/2602/2602 2604/2604/2604 
f 2603/2603/2603 2602/2602/2602 2604/2604/2604 
f 2603/2603/2603 2602/2602/2602 2604/2604/2604 
f 2605/2605/2605 2606/2606/2606 2607/2607/2607 
f 2605/2605/2605 2606/2606/2606 2607/2607/2607 
f 2605/2605/2605 2606/2606/2606 2607/2607/2607 
f 2605/2605/2605 2607/2607/2607 2608/2608/2608 
f 2605/2605/2605 2607/2607/2607 2608/2608/2608 
f 2605/2605/2605 2607/2607/2607 2608/2608/2608 
f 2609/2609/2609 2610/2610/2610 2611/2611/2611 
f 2609/2609/2609 2610/2610/2610 2611/2611/2611 
f 2609/2609/2609 2610/2610/2610 2611/2611/2611 
f 2610/2610/2610 2609/2609/2609 2612/2612/2612 
f 2610/2610/2610 2609/2609/2609 2612/2612/2612 
f 2610/2610/2610 2609/2609/2609 2612/2612/2612 
f 2613/2613/2613 2614/2614/2614 2615/2615/2615 
f 2613/2613/2613 2614/2614/2614 2615/2615/2615 
f 2613/2613/2613 2614/2614/2614 2615/2615/2615 
f 2615/2615/2615 2614/2614/2614 2616/2616/2616 
f 2615/2615/2615 2614/2614/2614 2616/2616/2616 
f 2615/2615/2615 2614/2614/2614 2616/2616/2616 
f 2617/2617/2617 2618/2618/2618 2619/2619/2619 
f 2617/2617/2617 2618/2618/2618 2619/2619/2619 
f 2617/2617/2617 2618/2618/2618 2619/2619/2619 
f 2617/2617/2617 2619/2619/2619 2620/2620/2620 
f 2617/2617/2617 2619/2619/2619 2620/2620/2620 
f 2617/2617/2617 2619/2619/2619 2620/2620/2620 
f 2621/2621/2621 2622/2622/2622 2623/2623/2623 
f 2621/2621/2621 2622/2622/2622 2623/2623/2623 
f 2621/2621/2621 2622/2622/2622 2623/2623/2623 
f 2621/2621/2621 2624/2624/2624 2622/2622/2622 
f 2621/2621/2621 2624/2624/2624 2622/2622/2622 
f 2621/2621/2621 2624/2624/2624 2622/2622/2622 
f 2625/2625/2625 2626/2626/2626 2627/2627/2627 
f 2625/2625/2625 2626/2626/2626 2627/2627/2627 
f 2625/2625/2625 2626/2626/2626 2627/2627/2627 
f 2627/2627/2627 2626/2626/2626 2628/2628/2628 
f 2627/2627/2627 2626/2626/2626 2628/2628/2628 
f 2627/2627/2627 2626/2626/2626 2628/2628/2628 
f 2629/2629/2629 2630/2630/2630 2631/2631/2631 
f 2629/2629/2629 2630/2630/2630 2631/2631/2631 
f 2629/2629/2629 2630/2630/2630 2631/2631/2631 
f 2630/2630/2630 2629/2629/2629 2632/2632/2632 
f 2630/2630/2630 2629/2629/2629 2632/2632/2632 
f 2630/2630/2630 2629/2629/2629 2632/2632/2632 
f 2633/2633/2633 2634/2634/2634 2635/2635/2635 
f 2633/2633/2633 2634/2634/2634 2635/2635/2635 
f 2633/2633/2633 2634/2634/2634 2635/2635/2635 
f 2633/2633/2633 2635/2635/2635 2636/2636/2636 
f 2633/2633/2633 2635/2635/2635 2636/2636/2636 
f 2633/2633/2633 2635/2635/2635 2636/2636/2636 
f 2637/2637/2637 2638/2638/2638 2639/2639/2639 
f 2637/2637/2637 2638/2638/2638 2639/2639/2639 
f 2637/2637/2637 2638/2638/2638 2639/2639/2639 
f 2639/2639/2639 2640/2640/2640 2637/2637/2637 
f 2639/2639/2639 2640/2640/2640 2637/2637/2637 
f 2639/2639/2639 2640/2640/2640 2637/2637/2637 
f 2641/2641/2641 2642/2642/2642 2643/2643/2643 
f 2641/2641/2641 2642/2642/2642 2643/2643/2643 
f 2641/2641/2641 2642/2642/2642 2643/2643/2643 
f 2641/2641/2641 2643/2643/2643 2644/2644/2644 
f 2641/2641/2641 2643/2643/2643 2644/2644/2644 
f 2641/2641/2641 2643/2643/2643 2644/2644/2644 
f 2645/2645/2645 2646/2646/2646 2647/2647/2647 
f 2645/2645/2645 2646/2646/2646 2647/2647/2647 
f 2645/2645/2645 2646/2646/2646 2647/2647/2647 
f 2648/2648/2648 2646/2646/2646 2645/2645/2645 
f 2648/2648/2648 2646/2646/2646 2645/2645/2645 
f 2648/2648/2648 2646/2646/2646 2645/2645/2645 
f 2649/2649/2649 2650/2650/2650 2651/2651/2651 
f 2649/2649/2649 2650/2650/2650 2651/2651/2651 
f 2649/2649/2649 2650/2650/2650 2651/2651/2651 
f 2651/2651/2651 2652/2652/2652 2649/2649/2649 
f 2651/2651/2651 2652/2652/2652 2649/2649/2649 
f 2651/2651/2651 2652/2652/2652 2649/2649/2649 
f 2653/2653/2653 2654/2654/2654 2655/2655/2655 
f 2653/2653/2653 2654/2654/2654 2655/2655/2655 
f 2653/2653/2653 2654/2654/2654 2655/2655/2655 
f 2655/2655/2655 2656/2656/2656 2653/2653/2653 
f 2655/2655/2655 2656/2656/2656 2653/2653/2653 
f 2655/2655/2655 2656/2656/2656 2653/2653/2653 
f 2657/2657/2657 2658/2658/2658 2659/2659/2659 
f 2657/2657/2657 2658/2658/2658 2659/2659/2659 
f 2657/2657/2657 2658/2658/2658 2659/2659/2659 
f 2659/2659/2659 2660/2660/2660 2657/2657/2657 
f 2659/2659/2659 2660/2660/2660 2657/2657/2657 
f 2659/2659/2659 2660/2660/2660 2657/2657/2657 
f 2661/2661/2661 2662/2662/2662 2663/2663/2663 
f 2661/2661/2661 2662/2662/2662 2663/2663/2663 
f 2661/2661/2661 2662/2662/2662 2663/2663/2663 
f 2663/2663/2663 2664/2664/2664 2661/2661/2661 
f 2663/2663/2663 2664/2664/2664 2661/2661/2661 
f 2663/2663/2663 2664/2664/2664 2661/2661/2661 
f 2665/2665/2665 2666/2666/2666 2667/2667/2667 
f 2665/2665/2665 2666/2666/2666 2667/2667/2667 
f 2665/2665/2665 2666/2666/2666 2667/2667/2667 
f 2668/2668/2668 2667/2667/2667 2666/2666/2666 
f 2668/2668/2668 2667/2667/2667 2666/2666/2666 
f 2668/2668/2668 2667/2667/2667 2666/2666/2666 
f 2669/2669/2669 2670/2670/2670 2671/2671/2671 
f 2669/2669/2669 2670/2670/2670 2671/2671/2671 
f 2669/2669/2669 2670/2670/2670 2671/2671/2671 
f 2671/2671/2671 2672/2672/2672 2669/2669/2669 
f 2671/2671/2671 2672/2672/2672 2669/2669/2669 
f 2671/2671/2671 2672/2672/2672 2669/2669/2669 
f 2673/2673/2673 2674/2674/2674 2675/2675/2675 
f 2673/2673/2673 2674/2674/2674 2675/2675/2675 
f 2673/2673/2673 2674/2674/2674 2675/2675/2675 
f 2674/2674/2674 2673/2673/2673 2676/2676/2676 
f 2674/2674/2674 2673/2673/2673 2676/2676/2676 
f 2674/2674/2674 2673/2673/2673 2676/2676/2676 
f 2677/2677/2677 2678/2678/2678 2679/2679/2679 
f 2677/2677/2677 2678/2678/2678 2679/2679/2679 
f 2677/2677/2677 2678/2678/2678 2679/2679/2679 
f 2678/2678/2678 2677/2677/2677 2680/2680/2680 
f 2678/2678/2678 2677/2677/2677 2680/2680/2680 
f 2678/2678/2678 2677/2677/2677 2680/2680/2680 
f 2681/2681/2681 2682/2682/2682 2683/2683/2683 
f 2681/2681/2681 2682/2682/2682 2683/2683/2683 
f 2681/2681/2681 2682/2682/2682 2683/2683/2683 
f 2682/2682/2682 2681/2681/2681 2684/2684/2684 
f 2682/2682/2682 2681/2681/2681 2684/2684/2684 
f 2682/2682/2682 2681/2681/2681 2684/2684/2684 
f 2685/2685/2685 2686/2686/2686 2687/2687/2687 
f 2685/2685/2685 2686/2686/2686 2687/2687/2687 
f 2685/2685/2685 2686/2686/2686 2687/2687/2687 
f 2686/2686/2686 2685/2685/2685 2688/2688/2688 
f 2686/2686/2686 2685/2685/2685 2688/2688/2688 
f 2686/2686/2686 2685/2685/2685 2688/2688/2688 
f 2689/2689/2689 2690/2690/2690 2691/2691/2691 
f 2689/2689/2689 2690/2690/2690 2691/2691/2691 
f 2689/2689/2689 2690/2690/2690 2691/2691/2691 
f 2691/2691/2691 2692/2692/2692 2689/2689/2689 
f 2691/2691/2691 2692/2692/2692 2689/2689/2689 
f 2691/2691/2691 2692/2692/2692 2689/2689/2689 
f 2693/2693/2693 2694/2694/2694 2695/2695/2695 
f 2693/2693/2693 2694/2694/2694 2695/2695/2695 
f 2693/2693/2693 2694/2694/2694 2695/2695/2695 
f 2696/2696/2696 2695/2695/2695 2694/2694/2694 
f 2696/2696/2696 2695/2695/2695 2694/2694/2694 
f 2696/2696/2696 2695/2695/2695 2694/2694/2694 
f 2697/2697/2697 2698/2698/2698 2699/2699/2699 
f 2697/2697/2697 2698/2698/2698 2699/2699/2699 
f 2697/2697/2697 2698/2698/2698 2699/2699/2699 
f 2697/2697/2697 2699/2699/2699 2700/2700/2700 
f 2697/2697/2697 2699/2699/2699 2700/2700/2700 
f 2697/2697/2697 2699/2699/2699 2700/2700/2700 
f 2701/2701/2701 2702/2702/2702 2703/2703/2703 
f 2701/2701/2701 2702/2702/2702 2703/2703/2703 
f 2701/2701/2701 2702/2702/2702 2703/2703/2703 
f 2703/2703/2703 2704/2704/2704 2701/2701/2701 
f 2703/2703/2703 2704/2704/2704 2701/2701/2701 
f 2703/2703/2703 2704/2704/2704 2701/2701/2701 
f 2705/2705/2705 2706/2706/2706 2707/2707/2707 
f 2705/2705/2705 2706/2706/2706 2707/2707/2707 
f 2705/2705/2705 2706/2706/2706 2707/2707/2707 
f 2708/2708/2708 2707/2707/2707 2706/2706/2706 
f 2708/2708/2708 2707/2707/2707 2706/2706/2706 
f 2708/2708/2708 2707/2707/2707 2706/2706/2706 
f 2709/2709/2709 2710/2710/2710 2711/2711/2711 
f 2709/2709/2709 2710/2710/2710 2711/2711/2711 
f 2709/2709/2709 2710/2710/2710 2711/2711/2711 
f 2711/2711/2711 2712/2712/2712 2709/2709/2709 
f 2711/2711/2711 2712/2712/2712 2709/2709/2709 
f 2711/2711/2711 2712/2712/2712 2709/2709/2709 
f 2713/2713/2713 2714/2714/2714 2715/2715/2715 
f 2713/2713/2713 2714/2714/2714 2715/2715/2715 
f 2713/2713/2713 2714/2714/2714 2715/2715/2715 
f 2716/2716/2716 2715/2715/2715 2714/2714/2714 
f 2716/2716/2716 2715/2715/2715 2714/2714/2714 
f 2716/2716/2716 2715/2715/2715 2714/2714/2714 
f 2717/2717/2717 2718/2718/2718 2719/2719/2719 
f 2717/2717/2717 2718/2718/2718 2719/2719/2719 
f 2717/2717/2717 2718/2718/2718 2719/2719/2719 
f 2719/2719/2719 2720/2720/2720 2717/2717/2717 
f 2719/2719/2719 2720/2720/2720 2717/2717/2717 
f 2719/2719/2719 2720/2720/2720 2717/2717/2717 
f 2721/2721/2721 2722/2722/2722 2723/2723/2723 
f 2721/2721/2721 2722/2722/2722 2723/2723/2723 
f 2721/2721/2721 2722/2722/2722 2723/2723/2723 
f 2724/2724/2724 2723/2723/2723 2722/2722/2722 
f 2724/2724/2724 2723/2723/2723 2722/2722/2722 
f 2724/2724/2724 2723/2723/2723 2722/2722/2722 
f 2725/2725/2725 2726/2726/2726 2727/2727/2727 
f 2725/2725/2725 2726/2726/2726 2727/2727/2727 
f 2725/2725/2725 2726/2726/2726 2727/2727/2727 
f 2727/2727/2727 2728/2728/2728 2725/2725/2725 
f 2727/2727/2727 2728/2728/2728 2725/2725/2725 
f 2727/2727/2727 2728/2728/2728 2725/2725/2725 
f 2729/2729/2729 2730/2730/2730 2731/2731/2731 
f 2729/2729/2729 2730/2730/2730 2731/2731/2731 
f 2729/2729/2729 2730/2730/2730 2731/2731/2731 
f 2731/2731/2731 2732/2732/2732 2729/2729/2729 
f 2731/2731/2731 2732/2732/2732 2729/2729/2729 
f 2731/2731/2731 2732/2732/2732 2729/2729/2729 
f 2733/2733/2733 2734/2734/2734 2735/2735/2735 
f 2733/2733/2733 2734/2734/2734 2735/2735/2735 
f 2733/2733/2733 2734/2734/2734 2735/2735/2735 
f 2734/2734/2734 2733/2733/2733 2736/2736/2736 
f 2734/2734/2734 2733/2733/2733 2736/2736/2736 
f 2734/2734/2734 2733/2733/2733 2736/2736/2736 
f 2737/2737/2737 2738/2738/2738 2739/2739/2739 
f 2737/2737/2737 2738/2738/2738 2739/2739/2739 
f 2737/2737/2737 2738/2738/2738 2739/2739/2739 
f 2740/2740/2740 2739/2739/2739 2738/2738/2738 
f 2740/2740/2740 2739/2739/2739 2738/2738/2738 
f 2740/2740/2740 2739/2739/2739 2738/2738/2738 
f 2741/2741/2741 2742/2742/2742 2743/2743/2743 
f 2741/2741/2741 2742/2742/2742 2743/2743/2743 
f 2741/2741/2741 2742/2742/2742 2743/2743/2743 
f 2741/2741/2741 2743/2743/2743 2744/2744/2744 
f 2741/2741/2741 2743/2743/2743 2744/2744/2744 
f 2741/2741/2741 2743/2743/2743 2744/2744/2744 
f 2745/2745/2745 2746/2746/2746 2747/2747/2747 
f 2745/2745/2745 2746/2746/2746 2747/2747/2747 
f 2745/2745/2745 2746/2746/2746 2747/2747/2747 
f 2746/2746/2746 2745/2745/2745 2748/2748/2748 
f 2746/2746/2746 2745/2745/2745 2748/2748/2748 
f 2746/2746/2746 2745/2745/2745 2748/2748/2748 
f 2749/2749/2749 2750/2750/2750 2751/2751/2751 
f 2749/2749/2749 2750/2750/2750 2751/2751/2751 
f 2749/2749/2749 2750/2750/2750 2751/2751/2751 
f 2749/2749/2749 2751/2751/2751 2752/2752/2752 
f 2749/2749/2749 2751/2751/2751 2752/2752/2752 
f 2749/2749/2749 2751/2751/2751 2752/2752/2752 
f 2753/2753/2753 2754/2754/2754 2755/2755/2755 
f 2753/2753/2753 2754/2754/2754 2755/2755/2755 
f 2753/2753/2753 2754/2754/2754 2755/2755/2755 
f 2755/2755/2755 2756/2756/2756 2753/2753/2753 
f 2755/2755/2755 2756/2756/2756 2753/2753/2753 
f 2755/2755/2755 2756/2756/2756 2753/2753/2753 
f 2757/2757/2757 2758/2758/2758 2759/2759/2759 
f 2757/2757/2757 2758/2758/2758 2759/2759/2759 
f 2757/2757/2757 2758/2758/2758 2759/2759/2759 
f 2757/2757/2757 2759/2759/2759 2760/2760/2760 
f 2757/2757/2757 2759/2759/2759 2760/2760/2760 
f 2757/2757/2757 2759/2759/2759 2760/2760/2760 
f 2761/2761/2761 2762/2762/2762 2763/2763/2763 
f 2761/2761/2761 2762/2762/2762 2763/2763/2763 
f 2761/2761/2761 2762/2762/2762 2763/2763/2763 
f 2764/2764/2764 2763/2763/2763 2762/2762/2762 
f 2764/2764/2764 2763/2763/2763 2762/2762/2762 
f 2764/2764/2764 2763/2763/2763 2762/2762/2762 
f 2765/2765/2765 2766/2766/2766 2767/2767/2767 
f 2765/2765/2765 2766/2766/2766 2767/2767/2767 
f 2765/2765/2765 2766/2766/2766 2767/2767/2767 
f 2767/2767/2767 2766/2766/2766 2768/2768/2768 
f 2767/2767/2767 2766/2766/2766 2768/2768/2768 
f 2767/2767/2767 2766/2766/2766 2768/2768/2768 
f 2769/2769/2769 2770/2770/2770 2771/2771/2771 
f 2769/2769/2769 2770/2770/2770 2771/2771/2771 
f 2769/2769/2769 2770/2770/2770 2771/2771/2771 
f 2771/2771/2771 2772/2772/2772 2769/2769/2769 
f 2771/2771/2771 2772/2772/2772 2769/2769/2769 
f 2771/2771/2771 2772/2772/2772 2769/2769/2769 
f 2773/2773/2773 2774/2774/2774 2775/2775/2775 
f 2773/2773/2773 2774/2774/2774 2775/2775/2775 
f 2773/2773/2773 2774/2774/2774 2775/2775/2775 
f 2775/2775/2775 2776/2776/2776 2773/2773/2773 
f 2775/2775/2775 2776/2776/2776 2773/2773/2773 
f 2775/2775/2775 2776/2776/2776 2773/2773/2773 
f 2777/2777/2777 2778/2778/2778 2779/2779/2779 
f 2777/2777/2777 2778/2778/2778 2779/2779/2779 
f 2777/2777/2777 2778/2778/2778 2779/2779/2779 
f 2780/2780/2780 2779/2779/2779 2778/2778/2778 
f 2780/2780/2780 2779/2779/2779 2778/2778/2778 
f 2780/2780/2780 2779/2779/2779 2778/2778/2778 
f 2781/2781/2781 2782/2782/2782 2783/2783/2783 
f 2781/2781/2781 2782/2782/2782 2783/2783/2783 
f 2781/2781/2781 2782/2782/2782 2783/2783/2783 
f 2784/2784/2784 2783/2783/2783 2782/2782/2782 
f 2784/2784/2784 2783/2783/2783 2782/2782/2782 
f 2784/2784/2784 2783/2783/2783 2782/2782/2782 
f 2785/2785/2785 2786/2786/2786 2787/2787/2787 
f 2785/2785/2785 2786/2786/2786 2787/2787/2787 
f 2785/2785/2785 2786/2786/2786 2787/2787/2787 
f 2787/2787/2787 2788/2788/2788 2785/2785/2785 
f 2787/2787/2787 2788/2788/2788 2785/2785/2785 
f 2787/2787/2787 2788/2788/2788 2785/2785/2785 
f 2790/2790/2790 2791/2791/2791 2792/2792/2792 
f 2790/2790/2790 2791/2791/2791 2792/2792/2792 
f 2790/2790/2790 2791/2791/2791 2792/2792/2792 
f 2791/2791/2791 2790/2790/2790 2793/2793/2793 
f 2791/2791/2791 2790/2790/2790 2793/2793/2793 
f 2791/2791/2791 2790/2790/2790 2793/2793/2793 
f 2794/2794/2794 2795/2795/2795 2796/2796/2796 
f 2794/2794/2794 2795/2795/2795 2796/2796/2796 
f 2794/2794/2794 2795/2795/2795 2796/2796/2796 
f 2795/2795/2795 2794/2794/2794 2797/2797/2797 
f 2795/2795/2795 2794/2794/2794 2797/2797/2797 
f 2795/2795/2795 2794/2794/2794 2797/2797/2797 
f 2799/2799/2799 2800/2800/2800 2801/2801/2801 
f 2799/2799/2799 2800/2800/2800 2801/2801/2801 
f 2799/2799/2799 2800/2800/2800 2801/2801/2801 
f 2800/2800/2800 2799/2799/2799 2802/2802/2802 
f 2800/2800/2800 2799/2799/2799 2802/2802/2802 
f 2800/2800/2800 2799/2799/2799 2802/2802/2802 
f 2803/2803/2803 2804/2804/2804 2805/2805/2805 
f 2803/2803/2803 2804/2804/2804 2805/2805/2805 
f 2803/2803/2803 2804/2804/2804 2805/2805/2805 
f 2805/2805/2805 2806/2806/2806 2803/2803/2803 
f 2805/2805/2805 2806/2806/2806 2803/2803/2803 
f 2805/2805/2805 2806/2806/2806 2803/2803/2803 
f 2807/2807/2807 2808/2808/2808 2809/2809/2809 
f 2807/2807/2807 2808/2808/2808 2809/2809/2809 
f 2807/2807/2807 2808/2808/2808 2809/2809/2809 
f 2809/2809/2809 2810/2810/2810 2807/2807/2807 
f 2809/2809/2809 2810/2810/2810 2807/2807/2807 
f 2809/2809/2809 2810/2810/2810 2807/2807/2807 
f 2811/2811/2811 2812/2812/2812 2813/2813/2813 
f 2811/2811/2811 2812/2812/2812 2813/2813/2813 
f 2811/2811/2811 2812/2812/2812 2813/2813/2813 
f 2813/2813/2813 2814/2814/2814 2811/2811/2811 
f 2813/2813/2813 2814/2814/2814 2811/2811/2811 
f 2813/2813/2813 2814/2814/2814 2811/2811/2811 
f 2821/2821/2821 2822/2822/2822 2823/2823/2823 
f 2821/2821/2821 2822/2822/2822 2823/2823/2823 
f 2821/2821/2821 2822/2822/2822 2823/2823/2823 
f 2822/2822/2822 2821/2821/2821 2824/2824/2824 
f 2822/2822/2822 2821/2821/2821 2824/2824/2824 
f 2822/2822/2822 2821/2821/2821 2824/2824/2824 
f 2825/2825/2825 2826/2826/2826 2827/2827/2827 
f 2825/2825/2825 2826/2826/2826 2827/2827/2827 
f 2825/2825/2825 2826/2826/2826 2827/2827/2827 
f 2827/2827/2827 2828/2828/2828 2825/2825/2825 
f 2827/2827/2827 2828/2828/2828 2825/2825/2825 
f 2827/2827/2827 2828/2828/2828 2825/2825/2825 
f 2829/2829/2829 2830/2830/2830 2831/2831/2831 
f 2829/2829/2829 2830/2830/2830 2831/2831/2831 
f 2829/2829/2829 2830/2830/2830 2831/2831/2831 
f 2832/2832/2832 2831/2831/2831 2830/2830/2830 
f 2832/2832/2832 2831/2831/2831 2830/2830/2830 
f 2832/2832/2832 2831/2831/2831 2830/2830/2830 
f 2834/2834/2834 2835/2835/2835 2836/2836/2836 
f 2834/2834/2834 2835/2835/2835 2836/2836/2836 
f 2834/2834/2834 2835/2835/2835 2836/2836/2836 
f 2836/2836/2836 2835/2835/2835 2837/2837/2837 
f 2836/2836/2836 2835/2835/2835 2837/2837/2837 
f 2836/2836/2836 2835/2835/2835 2837/2837/2837 
f 2839/2839/2839 2840/2840/2840 2841/2841/2841 
f 2839/2839/2839 2840/2840/2840 2841/2841/2841 
f 2839/2839/2839 2840/2840/2840 2841/2841/2841 
f 2842/2842/2842 2841/2841/2841 2840/2840/2840 
f 2842/2842/2842 2841/2841/2841 2840/2840/2840 
f 2842/2842/2842 2841/2841/2841 2840/2840/2840 
f 2845/2845/2845 2846/2846/2846 2847/2847/2847 
f 2845/2845/2845 2846/2846/2846 2847/2847/2847 
f 2845/2845/2845 2846/2846/2846 2847/2847/2847 
f 2845/2845/2845 2847/2847/2847 2848/2848/2848 
f 2845/2845/2845 2847/2847/2847 2848/2848/2848 
f 2845/2845/2845 2847/2847/2847 2848/2848/2848 
f 2849/2849/2849 2850/2850/2850 2851/2851/2851 
f 2849/2849/2849 2850/2850/2850 2851/2851/2851 
f 2849/2849/2849 2850/2850/2850 2851/2851/2851 
f 2850/2850/2850 2849/2849/2849 2852/2852/2852 
f 2850/2850/2850 2849/2849/2849 2852/2852/2852 
f 2850/2850/2850 2849/2849/2849 2852/2852/2852 
f 2855/2855/2855 2856/2856/2856 2857/2857/2857 
f 2855/2855/2855 2856/2856/2856 2857/2857/2857 
f 2855/2855/2855 2856/2856/2856 2857/2857/2857 
f 2857/2857/2857 2858/2858/2858 2855/2855/2855 
f 2857/2857/2857 2858/2858/2858 2855/2855/2855 
f 2857/2857/2857 2858/2858/2858 2855/2855/2855 
f 2867/2867/2867 2868/2868/2868 2869/2869/2869 
f 2867/2867/2867 2868/2868/2868 2869/2869/2869 
f 2867/2867/2867 2868/2868/2868 2869/2869/2869 
f 2869/2869/2869 2870/2870/2870 2867/2867/2867 
f 2869/2869/2869 2870/2870/2870 2867/2867/2867 
f 2869/2869/2869 2870/2870/2870 2867/2867/2867 
f 2871/2871/2871 2872/2872/2872 2873/2873/2873 
f 2871/2871/2871 2872/2872/2872 2873/2873/2873 
f 2871/2871/2871 2872/2872/2872 2873/2873/2873 
f 2872/2872/2872 2871/2871/2871 2874/2874/2874 
f 2872/2872/2872 2871/2871/2871 2874/2874/2874 
f 2872/2872/2872 2871/2871/2871 2874/2874/2874 
f 2875/2875/2875 2876/2876/2876 2877/2877/2877 
f 2875/2875/2875 2876/2876/2876 2877/2877/2877 
f 2875/2875/2875 2876/2876/2876 2877/2877/2877 
f 2876/2876/2876 2875/2875/2875 2878/2878/2878 
f 2876/2876/2876 2875/2875/2875 2878/2878/2878 
f 2876/2876/2876 2875/2875/2875 2878/2878/2878 
f 2879/2879/2879 2880/2880/2880 2881/2881/2881 
f 2879/2879/2879 2880/2880/2880 2881/2881/2881 
f 2879/2879/2879 2880/2880/2880 2881/2881/2881 
f 2880/2880/2880 2879/2879/2879 2882/2882/2882 
f 2880/2880/2880 2879/2879/2879 2882/2882/2882 
f 2880/2880/2880 2879/2879/2879 2882/2882/2882 
f 2883/2883/2883 2884/2884/2884 2885/2885/2885 
f 2883/2883/2883 2884/2884/2884 2885/2885/2885 
f 2883/2883/2883 2884/2884/2884 2885/2885/2885 
f 2884/2884/2884 2883/2883/2883 2886/2886/2886 
f 2884/2884/2884 2883/2883/2883 2886/2886/2886 
f 2884/2884/2884 2883/2883/2883 2886/2886/2886 
f 2888/2888/2888 2889/2889/2889 2890/2890/2890 
f 2888/2888/2888 2889/2889/2889 2890/2890/2890 
f 2888/2888/2888 2889/2889/2889 2890/2890/2890 
f 2891/2891/2891 2890/2890/2890 2889/2889/2889 
f 2891/2891/2891 2890/2890/2890 2889/2889/2889 
f 2891/2891/2891 2890/2890/2890 2889/2889/2889 
f 2892/2892/2892 2893/2893/2893 2894/2894/2894 
f 2892/2892/2892 2893/2893/2893 2894/2894/2894 
f 2892/2892/2892 2893/2893/2893 2894/2894/2894 
f 2893/2893/2893 2892/2892/2892 2895/2895/2895 
f 2893/2893/2893 2892/2892/2892 2895/2895/2895 
f 2893/2893/2893 2892/2892/2892 2895/2895/2895 
f 2898/2898/2898 2899/2899/2899 2900/2900/2900 
f 2898/2898/2898 2899/2899/2899 2900/2900/2900 
f 2898/2898/2898 2899/2899/2899 2900/2900/2900 
f 2901/2901/2901 2902/2902/2902 2903/2903/2903 
f 2901/2901/2901 2902/2902/2902 2903/2903/2903 
f 2901/2901/2901 2902/2902/2902 2903/2903/2903 
f 2902/2902/2902 2901/2901/2901 2904/2904/2904 
f 2902/2902/2902 2901/2901/2901 2904/2904/2904 
f 2902/2902/2902 2901/2901/2901 2904/2904/2904 
f 2907/2907/2907 2908/2908/2908 2909/2909/2909 
f 2907/2907/2907 2908/2908/2908 2909/2909/2909 
f 2907/2907/2907 2908/2908/2908 2909/2909/2909 
f 2908/2908/2908 2907/2907/2907 2910/2910/2910 
f 2908/2908/2908 2907/2907/2907 2910/2910/2910 
f 2908/2908/2908 2907/2907/2907 2910/2910/2910 
f 2912/2912/2912 2913/2913/2913 2914/2914/2914 
f 2912/2912/2912 2913/2913/2913 2914/2914/2914 
f 2912/2912/2912 2913/2913/2913 2914/2914/2914 
f 2913/2913/2913 2912/2912/2912 2915/2915/2915 
f 2913/2913/2913 2912/2912/2912 2915/2915/2915 
f 2913/2913/2913 2912/2912/2912 2915/2915/2915 
f 2919/2919/2919 2918/2918/2918 2921/2921/2921 
f 2919/2919/2919 2918/2918/2918 2921/2921/2921 
f 2919/2919/2919 2918/2918/2918 2921/2921/2921 
f 2926/2926/2926 2927/2927/2927 2928/2928/2928 
f 2926/2926/2926 2927/2927/2927 2928/2928/2928 
f 2926/2926/2926 2927/2927/2927 2928/2928/2928 
f 2927/2927/2927 2929/2929/2929 2928/2928/2928 
f 2927/2927/2927 2929/2929/2929 2928/2928/2928 
f 2927/2927/2927 2929/2929/2929 2928/2928/2928 
f 2931/2931/2931 2932/2932/2932 2933/2933/2933 
f 2931/2931/2931 2932/2932/2932 2933/2933/2933 
f 2931/2931/2931 2932/2932/2932 2933/2933/2933 
f 2933/2933/2933 2934/2934/2934 2931/2931/2931 
f 2933/2933/2933 2934/2934/2934 2931/2931/2931 
f 2933/2933/2933 2934/2934/2934 2931/2931/2931 
f 2935/2935/2935 2936/2936/2936 2937/2937/2937 
f 2935/2935/2935 2936/2936/2936 2937/2937/2937 
f 2935/2935/2935 2936/2936/2936 2937/2937/2937 
f 2937/2937/2937 2938/2938/2938 2935/2935/2935 
f 2937/2937/2937 2938/2938/2938 2935/2935/2935 
f 2937/2937/2937 2938/2938/2938 2935/2935/2935 
f 2945/2945/2945 2946/2946/2946 2947/2947/2947 
f 2945/2945/2945 2946/2946/2946 2947/2947/2947 
f 2945/2945/2945 2946/2946/2946 2947/2947/2947 
f 2945/2945/2945 2948/2948/2948 2946/2946/2946 
f 2945/2945/2945 2948/2948/2948 2946/2946/2946 
f 2945/2945/2945 2948/2948/2948 2946/2946/2946 
f 2949/2949/2949 2950/2950/2950 2951/2951/2951 
f 2949/2949/2949 2950/2950/2950 2951/2951/2951 
f 2949/2949/2949 2950/2950/2950 2951/2951/2951 
f 2951/2951/2951 2952/2952/2952 2949/2949/2949 
f 2951/2951/2951 2952/2952/2952 2949/2949/2949 
f 2951/2951/2951 2952/2952/2952 2949/2949/2949 
f 2955/2955/2955 2956/2956/2956 2957/2957/2957 
f 2955/2955/2955 2956/2956/2956 2957/2957/2957 
f 2955/2955/2955 2956/2956/2956 2957/2957/2957 
f 2957/2957/2957 2958/2958/2958 2955/2955/2955 
f 2957/2957/2957 2958/2958/2958 2955/2955/2955 
f 2957/2957/2957 2958/2958/2958 2955/2955/2955 
f 2961/2961/2961 2962/2962/2962 2963/2963/2963 
f 2961/2961/2961 2962/2962/2962 2963/2963/2963 
f 2961/2961/2961 2962/2962/2962 2963/2963/2963 
f 2964/2964/2964 2963/2963/2963 2962/2962/2962 
f 2964/2964/2964 2963/2963/2963 2962/2962/2962 
f 2964/2964/2964 2963/2963/2963 2962/2962/2962 
f 2966/2966/2966 2967/2967/2967 2968/2968/2968 
f 2966/2966/2966 2967/2967/2967 2968/2968/2968 
f 2966/2966/2966 2967/2967/2967 2968/2968/2968 
f 2966/2966/2966 2969/2969/2969 2967/2967/2967 
f 2966/2966/2966 2969/2969/2969 2967/2967/2967 
f 2966/2966/2966 2969/2969/2969 2967/2967/2967 
f 2976/2976/2976 2977/2977/2977 2978/2978/2978 
f 2976/2976/2976 2977/2977/2977 2978/2978/2978 
f 2976/2976/2976 2977/2977/2977 2978/2978/2978 
f 2977/2977/2977 2976/2976/2976 2979/2979/2979 
f 2977/2977/2977 2976/2976/2976 2979/2979/2979 
f 2977/2977/2977 2976/2976/2976 2979/2979/2979 
f 2986/2986/2986 2987/2987/2987 2988/2988/2988 
f 2986/2986/2986 2987/2987/2987 2988/2988/2988 
f 2986/2986/2986 2987/2987/2987 2988/2988/2988 
f 2989/2989/2989 2988/2988/2988 2987/2987/2987 
f 2989/2989/2989 2988/2988/2988 2987/2987/2987 
f 2989/2989/2989 2988/2988/2988 2987/2987/2987 
f 2991/2991/2991 2992/2992/2992 2993/2993/2993 
f 2991/2991/2991 2992/2992/2992 2993/2993/2993 
f 2991/2991/2991 2992/2992/2992 2993/2993/2993 
f 2991/2991/2991 2993/2993/2993 2994/2994/2994 
f 2991/2991/2991 2993/2993/2993 2994/2994/2994 
f 2991/2991/2991 2993/2993/2993 2994/2994/2994 
f 2996/2996/2996 2997/2997/2997 2998/2998/2998 
f 2996/2996/2996 2997/2997/2997 2998/2998/2998 
f 2996/2996/2996 2997/2997/2997 2998/2998/2998 
f 2997/2997/2997 2996/2996/2996 2999/2999/2999 
f 2997/2997/2997 2996/2996/2996 2999/2999/2999 
f 2997/2997/2997 2996/2996/2996 2999/2999/2999 
f 3000/3000/3000 3001/3001/3001 3002/3002/3002 
f 3000/3000/3000 3001/3001/3001 3002/3002/3002 
f 3000/3000/3000 3001/3001/3001 3002/3002/3002 
f 3001/3001/3001 3000/3000/3000 3003/3003/3003 
f 3001/3001/3001 3000/3000/3000 3003/3003/3003 
f 3001/3001/3001 3000/3000/3000 3003/3003/3003 
f 3008/3008/3008 3009/3009/3009 3010/3010/3010 
f 3008/3008/3008 3009/3009/3009 3010/3010/3010 
f 3008/3008/3008 3009/3009/3009 3010/3010/3010 
f 3008/3008/3008 3011/3011/3011 3009/3009/3009 
f 3008/3008/3008 3011/3011/3011 3009/3009/3009 
f 3008/3008/3008 3011/3011/3011 3009/3009/3009 
f 3013/3013/3013 3014/3014/3014 3015/3015/3015 
f 3013/3013/3013 3014/3014/3014 3015/3015/3015 
f 3013/3013/3013 3014/3014/3014 3015/3015/3015 
f 3015/3015/3015 3016/3016/3016 3013/3013/3013 
f 3015/3015/3015 3016/3016/3016 3013/3013/3013 
f 3015/3015/3015 3016/3016/3016 3013/3013/3013 
f 3018/3018/3018 3019/3019/3019 3020/3020/3020 
f 3018/3018/3018 3019/3019/3019 3020/3020/3020 
f 3018/3018/3018 3019/3019/3019 3020/3020/3020 
f 3022/3022/3022 3023/3023/3023 3024/3024/3024 
f 3022/3022/3022 3023/3023/3023 3024/3024/3024 
f 3022/3022/3022 3023/3023/3023 3024/3024/3024 
f 3025/3025/3025 3024/3024/3024 3023/3023/3023 
f 3025/3025/3025 3024/3024/3024 3023/3023/3023 
f 3025/3025/3025 3024/3024/3024 3023/3023/3023 
f 3027/3027/3027 3028/3028/3028 3029/3029/3029 
f 3027/3027/3027 3028/3028/3028 3029/3029/3029 
f 3027/3027/3027 3028/3028/3028 3029/3029/3029 
f 3028/3028/3028 3027/3027/3027 3030/3030/3030 
f 3028/3028/3028 3027/3027/3027 3030/3030/3030 
f 3028/3028/3028 3027/3027/3027 3030/3030/3030 
f 3031/3031/3031 3032/3032/3032 3033/3033/3033 
f 3031/3031/3031 3032/3032/3032 3033/3033/3033 
f 3031/3031/3031 3032/3032/3032 3033/3033/3033 
f 3033/3033/3033 3034/3034/3034 3031/3031/3031 
f 3033/3033/3033 3034/3034/3034 3031/3031/3031 
f 3033/3033/3033 3034/3034/3034 3031/3031/3031 
f 3035/3035/3035 3036/3036/3036 3037/3037/3037 
f 3035/3035/3035 3036/3036/3036 3037/3037/3037 
f 3035/3035/3035 3036/3036/3036 3037/3037/3037 
f 3037/3037/3037 3038/3038/3038 3035/3035/3035 
f 3037/3037/3037 3038/3038/3038 3035/3035/3035 
f 3037/3037/3037 3038/3038/3038 3035/3035/3035 
f 3039/3039/3039 3040/3040/3040 3041/3041/3041 
f 3039/3039/3039 3040/3040/3040 3041/3041/3041 
f 3039/3039/3039 3040/3040/3040 3041/3041/3041 
f 3041/3041/3041 3042/3042/3042 3039/3039/3039 
f 3041/3041/3041 3042/3042/3042 3039/3039/3039 
f 3041/3041/3041 3042/3042/3042 3039/3039/3039 
f 3043/3043/3043 3044/3044/3044 3045/3045/3045 
f 3043/3043/3043 3044/3044/3044 3045/3045/3045 
f 3043/3043/3043 3044/3044/3044 3045/3045/3045 
f 3045/3045/3045 3046/3046/3046 3043/3043/3043 
f 3045/3045/3045 3046/3046/3046 3043/3043/3043 
f 3045/3045/3045 3046/3046/3046 3043/3043/3043 
f 3047/3047/3047 3048/3048/3048 3049/3049/3049 
f 3047/3047/3047 3048/3048/3048 3049/3049/3049 
f 3047/3047/3047 3048/3048/3048 3049/3049/3049 
f 3049/3049/3049 3050/3050/3050 3047/3047/3047 
f 3049/3049/3049 3050/3050/3050 3047/3047/3047 
f 3049/3049/3049 3050/3050/3050 3047/3047/3047 
f 3058/3058/3058 3059/3059/3059 3060/3060/3060 
f 3058/3058/3058 3059/3059/3059 3060/3060/3060 
f 3058/3058/3058 3059/3059/3059 3060/3060/3060 
f 3060/3060/3060 3061/3061/3061 3058/3058/3058 
f 3060/3060/3060 3061/3061/3061 3058/3058/3058 
f 3060/3060/3060 3061/3061/3061 3058/3058/3058 
f 3062/3062/3062 3063/3063/3063 3064/3064/3064 
f 3062/3062/3062 3063/3063/3063 3064/3064/3064 
f 3062/3062/3062 3063/3063/3063 3064/3064/3064 
f 3065/3065/3065 3066/3066/3066 3067/3067/3067 
f 3065/3065/3065 3066/3066/3066 3067/3067/3067 
f 3065/3065/3065 3066/3066/3066 3067/3067/3067 
f 3068/3068/3068 3069/3069/3069 3070/3070/3070 
f 3068/3068/3068 3069/3069/3069 3070/3070/3070 
f 3068/3068/3068 3069/3069/3069 3070/3070/3070 
f 3071/3071/3071 3072/3072/3072 3073/3073/3073 
f 3071/3071/3071 3072/3072/3072 3073/3073/3073 
f 3071/3071/3071 3072/3072/3072 3073/3073/3073 
f 3074/3074/3074 3075/3075/3075 3076/3076/3076 
f 3074/3074/3074 3075/3075/3075 3076/3076/3076 
f 3074/3074/3074 3075/3075/3075 3076/3076/3076 
f 3076/3076/3076 3077/3077/3077 3074/3074/3074 
f 3076/3076/3076 3077/3077/3077 3074/3074/3074 
f 3076/3076/3076 3077/3077/3077 3074/3074/3074 

g MeshespalmTreesphere1

v -11.7663 41.6137 -31.2793 
v -12.5692 41.6327 -33.7785 
v -11.1736 42.626 -30.471 
v -10.3119 42.6162 -31.6531 
v -10.3119 42.6162 -31.6531 
v -11.2672 41.6146 -32.8155 
v -10.3105 42.6219 -33.1276 
v -11.268 41.6114 -31.9642 
v -11.1712 42.6363 -34.3282 
v -11.4007 46.6719 -32.0086 
v -9.95932 43.9999 -31.547 
v -11.1736 42.626 -30.471 
v -10.3119 42.6162 -31.6531 
v -10.9528 44.0184 -30.1869 
v -9.95932 43.9999 -31.547 
v -10.3105 42.6219 -33.1276 
v -9.9575 44.0072 -33.2503 
v -10.3119 42.6162 -31.6531 
v -12.5601 44.0519 -29.6864 
v -9.9575 44.0072 -33.2503 
v -11.1712 42.6363 -34.3282 
v -10.951 44.0259 -34.6382 
v -10.3105 42.6219 -33.1276 
v -12.5555 45.4468 -34.8303 
v -11.2566 46.4354 -32.683 
v -10.3042 45.3946 -31.6762 
v -9.9575 44.0072 -33.2503 
v -11.1624 45.421 -34.3563 
v -10.3024 45.402 -33.1523 
v -10.951 44.0259 -34.6382 
v -11.1655 45.4075 -30.4958 
v -9.95932 43.9999 -31.547 
v -10.3042 45.3946 -31.6762 
v -10.9528 44.0184 -30.1869 
v -10.3042 45.3946 -31.6762 
v -11.2566 46.4354 -32.683 
v -11.4007 46.6719 -32.0086 
v -10.3024 45.402 -33.1523 
v -10.3042 45.3946 -31.6762 
v -9.9575 44.0072 -33.2503 
v -10.3024 45.402 -33.1523 
v -9.95932 43.9999 -31.547 
v -11.4007 46.6719 -32.0086 
v -12.5657 46.9324 -32.4557 
v -11.7962 46.6287 -31.3242 
v -13.3509 46.579 -31.3444 
v -12.5657 46.9324 -32.4557 
v -13.7656 46.7296 -32.0363 
v -12.5617 46.5168 -31.0702 
v -12.5657 46.9324 -32.4557 
v -13.3509 46.579 -31.3444 
v -11.7962 46.6287 -31.3242 
v -12.5657 46.9324 -32.4557 
v -12.5617 46.5168 -31.0702 
v -12.5601 44.0519 -29.6864 
v -13.8558 46.485 -32.7428 
v -12.5657 46.9324 -32.4557 
v -13.3577 46.4786 -33.2778 
v -15.1697 44.0721 -31.6002 
v -13.7656 46.7296 -32.0363 
v -12.5657 46.9324 -32.4557 
v -13.8558 46.485 -32.7428 
v -13.9497 45.4699 -34.3931 
v -12.5555 45.4468 -34.8303 
v -14.8129 45.4785 -33.209 
v -11.2566 46.4354 -32.683 
v -12.5657 46.9324 -32.4557 
v -11.4007 46.6719 -32.0086 
v -14.8153 45.4667 -31.7289 
v -14.8153 45.4667 -31.7289 
v -13.3509 46.579 -31.3444 
v -13.7656 46.7296 -32.0363 
v -13.9535 45.4522 -30.528 
v -12.5571 45.4396 -30.0643 
v -10.3042 45.3946 -31.6762 
v -11.7962 46.6287 -31.3242 
v -11.1655 45.4075 -30.4958 
v -11.4007 46.6719 -32.0086 
v -13.9497 45.4699 -34.3931 
v -14.8129 45.4785 -33.209 
v -13.3577 46.4786 -33.2778 
v -13.8558 46.485 -32.7428 
v -11.2566 46.4354 -32.683 
v -11.1624 45.421 -34.3563 
v -11.7488 46.4479 -32.9146 
v -10.3024 45.402 -33.1523 
v -11.7488 46.4479 -32.9146 
v -12.5657 46.9324 -32.4557 
v -11.2566 46.4354 -32.683 
v -12.5555 45.4468 -34.8303 
v -13.3577 46.4786 -33.2778 
v -12.5529 46.4645 -32.9703 
v -13.9497 45.4699 -34.3931 
v -12.5529 46.4645 -32.9703 
v -11.1624 45.421 -34.3563 
v -12.5555 45.4468 -34.8303 
v -11.7488 46.4479 -32.9146 
v -12.5529 46.4645 -32.9703 
v -12.5657 46.9324 -32.4557 
v -11.7488 46.4479 -32.9146 
v -13.3577 46.4786 -33.2778 
v -12.5657 46.9324 -32.4557 
v -12.5529 46.4645 -32.9703 
v -11.7663 41.6137 -31.2793 
v -13.377 41.631 -31.2922 
v -11.1736 42.626 -30.471 
v -11.1736 42.626 -30.471 
v -12.5664 42.6505 -30.0346 
v -11.7663 41.6137 -31.2793 
v -12.5719 41.621 -31.0224 
v -12.5664 42.6505 -30.0346 
v -13.377 41.631 -31.2922 
v -12.5719 41.621 -31.0224 
v -13.9629 42.66 -30.496 
v -14.8251 42.6708 -31.6939 
v -11.4007 46.6719 -32.0086 
v -12.5657 46.9324 -32.4557 
v -13.7656 46.7296 -32.0363 
v -9.95932 43.9999 -31.547 
v -12.5601 44.0519 -29.6864 
v -11.1736 42.626 -30.471 
v -10.9528 44.0184 -30.1869 
v -12.5664 42.6505 -30.0346 
v -12.5601 44.0519 -29.6864 
v -13.9629 42.66 -30.496 
v -12.5664 42.6505 -30.0346 
v -14.1726 44.0652 -30.2209 
v -14.8153 45.4667 -31.7289 
v -12.5571 45.4396 -30.0643 
v -11.7962 46.6287 -31.3242 
v -12.5617 46.5168 -31.0702 
v -11.1655 45.4075 -30.4958 
v -10.3042 45.3946 -31.6762 
v -13.3509 46.579 -31.3444 
v -12.5571 45.4396 -30.0643 
v -12.5617 46.5168 -31.0702 
v -13.9535 45.4522 -30.528 
v -11.1655 45.4075 -30.4958 
v -12.5601 44.0519 -29.6864 
v -10.9528 44.0184 -30.1869 
v -12.5571 45.4396 -30.0643 
v -13.9535 45.4522 -30.528 
v -12.5601 44.0519 -29.6864 
v -12.5571 45.4396 -30.0643 
v -14.1726 44.0652 -30.2209 
v -12.7162 48.271 -33.7593 
v -12.4546 48.2783 -33.7613 
v -12.7164 48.3201 -33.753 
v -12.4548 48.3274 -33.755 
v -13.9629 42.66 -30.496 
v -13.9601 42.6732 -34.3565 
v -14.8251 42.6708 -31.6939 
v -14.8233 42.6793 -33.1712 
v -14.8251 42.6708 -31.6939 
v -13.8731 41.6442 -32.8381 
v -13.874 41.6401 -31.9859 
v -14.8233 42.6793 -33.1712 
v -13.7656 46.7296 -32.0363 
v -15.1673 44.0839 -33.3079 
v -13.9601 42.6732 -34.3565 
v -14.8233 42.6793 -33.1712 
v -14.1705 44.0753 -34.6758 
v -13.3577 46.4786 -33.2778 
v -15.1697 44.0721 -31.6002 
v -14.8233 42.6793 -33.1712 
v -14.8251 42.6708 -31.6939 
v -15.1673 44.0839 -33.3079 
v -14.1726 44.0652 -30.2209 
v -15.1697 44.0721 -31.6002 
v -13.9629 42.66 -30.496 
v -14.1726 44.0652 -30.2209 
v -14.8251 42.6708 -31.6939 
v -13.9497 45.4699 -34.3931 
v -13.9497 45.4699 -34.3931 
v -15.1673 44.0839 -33.3079 
v -14.8129 45.4785 -33.209 
v -14.1705 44.0753 -34.6758 
v -14.8153 45.4667 -31.7289 
v -13.8558 46.485 -32.7428 
v -14.8129 45.4785 -33.209 
v -13.7656 46.7296 -32.0363 
v -14.8153 45.4667 -31.7289 
v -15.1673 44.0839 -33.3079 
v -15.1697 44.0721 -31.6002 
v -14.8129 45.4785 -33.209 
v -15.1697 44.0721 -31.6002 
v -13.9535 45.4522 -30.528 
v -14.8153 45.4667 -31.7289 
v -14.1726 44.0652 -30.2209 
v -12.5715 41.2546 -32.3972 
v -11.268 41.6114 -31.9642 
v -11.7663 41.6137 -31.2793 
v -12.5715 41.2546 -32.3972 
v -11.7663 41.6137 -31.2793 
v -12.5719 41.621 -31.0224 
v -12.5715 41.2546 -32.3972 
v -12.5719 41.621 -31.0224 
v -13.377 41.631 -31.2922 
v -12.5715 41.2546 -32.3972 
v -11.2672 41.6146 -32.8155 
v -11.268 41.6114 -31.9642 
v -12.5715 41.2546 -32.3972 
v -13.377 41.631 -31.2922 
v -13.874 41.6401 -31.9859 
v -12.5715 41.2546 -32.3972 
v -11.7642 41.6225 -33.5083 
v -11.2672 41.6146 -32.8155 
v -12.5715 41.2546 -32.3972 
v -12.5692 41.6327 -33.7785 
v -11.7642 41.6225 -33.5083 
v -12.5715 41.2546 -32.3972 
v -13.874 41.6401 -31.9859 
v -13.8731 41.6442 -32.8381 
v -12.5715 41.2546 -32.3972 
v -13.3747 41.6413 -33.5227 
v -12.5692 41.6327 -33.7785 
v -12.5715 41.2546 -32.3972 
v -13.8731 41.6442 -32.8381 
v -13.3747 41.6413 -33.5227 
v -11.1736 42.626 -30.471 
v -11.268 41.6114 -31.9642 
v -10.3119 42.6162 -31.6531 
v -11.7663 41.6137 -31.2793 
v -10.3105 42.6219 -33.1276 
v -13.9629 42.66 -30.496 
v -11.7642 41.6225 -33.5083 
v -11.1712 42.6363 -34.3282 
v -10.3105 42.6219 -33.1276 
v -11.2672 41.6146 -32.8155 
v -13.9601 42.6732 -34.3565 
v -13.9629 42.66 -30.496 
v -13.874 41.6401 -31.9859 
v -13.377 41.631 -31.2922 
v -14.8251 42.6708 -31.6939 
v -14.8233 42.6793 -33.1712 
v -13.3747 41.6413 -33.5227 
v -13.8731 41.6442 -32.8381 
v -13.9601 42.6732 -34.3565 
v -11.7642 41.6225 -33.5083 
v -12.5692 41.6327 -33.7785 
v -13.3747 41.6413 -33.5227 
v -11.1712 42.6363 -34.3282 
v -13.9601 42.6732 -34.3565 
v -12.5651 42.6559 -34.7977 
v -13.3747 41.6413 -33.5227 
v -12.5692 41.6327 -33.7785 
v -12.5651 42.6559 -34.7977 
v -11.7642 41.6225 -33.5083 
v -12.5692 41.6327 -33.7785 
v -11.1712 42.6363 -34.3282 
v -12.5657 46.9324 -32.4557 
v -13.7656 46.7296 -32.0363 
v -12.5601 44.0519 -35.1828 
v -13.9601 42.6732 -34.3565 
v -14.1705 44.0753 -34.6758 
v -12.5651 42.6559 -34.7977 
v -12.5601 44.0519 -35.1828 
v -11.1712 42.6363 -34.3282 
v -12.5651 42.6559 -34.7977 
v -10.951 44.0259 -34.6382 
v -9.9575 44.0072 -33.2503 
v -13.9497 45.4699 -34.3931 
v -12.5601 44.0519 -35.1828 
v -14.1705 44.0753 -34.6758 
v -12.5555 45.4468 -34.8303 
v -14.8153 45.4667 -31.7289 
v -11.1624 45.421 -34.3563 
v -12.5601 44.0519 -35.1828 
v -12.5555 45.4468 -34.8303 
v -10.951 44.0259 -34.6382 
v -12.2602 46.4278 -32.5158 
v -12.7962 46.5135 -32.4988 
v -12.2607 46.5284 -32.5028 
v -12.7957 46.4129 -32.5117 

vn 0.212598 -0.96063 0.15748 
vn 0.0787402 -0.96063 -0.259843 
vn 0.582677 -0.685039 0.433071 
vn 0.582677 -0.685039 0.433071 
vn 0.724409 -0.692913 0 
vn 0.724409 -0.692913 0 
vn 0.724409 -0.692913 0 
vn 0.724409 -0.692913 0 
vn 0.582677 -0.685039 -0.425197 
vn 0.15748 0.976378 0.15748 
vn 0.779528 -0.244094 0.574803 
vn 0.779528 -0.244094 0.574803 
vn 0.779528 -0.244094 0.574803 
vn 0.779528 -0.244094 0.574803 
vn 0.968504 -0.244094 0 
vn 0.968504 -0.244094 0 
vn 0.968504 -0.244094 0 
vn 0.968504 -0.244094 0 
vn 0.283465 -0.23622 0.929134 
vn 0.787402 -0.251969 -0.566929 
vn 0.787402 -0.251969 -0.566929 
vn 0.787402 -0.251969 -0.566929 
vn 0.787402 -0.251969 -0.566929 
vn -0.291339 0.23622 -0.929134 
vn 0.307087 0.913386 -0.259843 
vn 0.629921 0.637795 0.433071 
vn 0.795276 0.23622 -0.566929 
vn 0.795276 0.23622 -0.566929 
vn 0.795276 0.23622 -0.566929 
vn 0.795276 0.23622 -0.566929 
vn 0.787402 0.244094 0.566929 
vn 0.787402 0.244094 0.566929 
vn 0.787402 0.244094 0.566929 
vn 0.787402 0.244094 0.566929 
vn 0.748031 0.661417 -0.023622 
vn 0.748031 0.661417 -0.023622 
vn 0.748031 0.661417 -0.023622 
vn 0.748031 0.661417 -0.023622 
vn 0.968504 0.23622 0 
vn 0.968504 0.23622 0 
vn 0.968504 0.23622 0 
vn 0.968504 0.23622 0 
vn 0.15748 0.976378 0.15748 
vn 0.15748 0.976378 0.15748 
vn 0.15748 0.976378 0.15748 
vn -0.0708661 0.96063 0.251969 
vn -0.0708661 0.96063 0.251969 
vn -0.0708661 0.96063 0.251969 
vn -0.023622 0.96063 0.283465 
vn -0.023622 0.96063 0.283465 
vn -0.023622 0.96063 0.283465 
vn -0.0472441 0.96063 0.283465 
vn -0.0472441 0.96063 0.283465 
vn -0.0472441 0.96063 0.283465 
vn 0.283465 -0.23622 0.929134 
vn -0.267717 0.929134 -0.259843 
vn -0.267717 0.929134 -0.259843 
vn -0.267717 0.929134 -0.259843 
vn -0.968504 -0.23622 0 
vn -0.259843 0.92126 -0.283465 
vn -0.259843 0.92126 -0.283465 
vn -0.259843 0.92126 -0.283465 
vn -0.291339 0.23622 -0.929134 
vn -0.291339 0.23622 -0.929134 
vn -0.787402 0.23622 -0.574803 
vn 0.307087 0.913386 -0.259843 
vn 0.307087 0.913386 -0.259843 
vn 0.307087 0.913386 -0.259843 
vn -0.748031 0.661417 -0.0393701 
vn -0.606299 0.637795 0.464567 
vn -0.606299 0.637795 0.464567 
vn -0.606299 0.637795 0.464567 
vn -0.606299 0.637795 0.464567 
vn 0.212598 0.645669 0.732283 
vn 0.629921 0.637795 0.433071 
vn 0.629921 0.637795 0.433071 
vn 0.629921 0.637795 0.433071 
vn 0.629921 0.637795 0.433071 
vn -0.527559 0.740157 -0.425197 
vn -0.527559 0.740157 -0.425197 
vn -0.527559 0.740157 -0.425197 
vn -0.527559 0.740157 -0.425197 
vn 0.480315 0.76378 -0.433071 
vn 0.480315 0.76378 -0.433071 
vn 0.480315 0.76378 -0.433071 
vn 0.480315 0.76378 -0.433071 
vn 0.244094 0.850394 -0.464567 
vn 0.244094 0.850394 -0.464567 
vn 0.244094 0.850394 -0.464567 
vn -0.015748 0.826772 -0.559055 
vn -0.015748 0.826772 -0.559055 
vn -0.015748 0.826772 -0.559055 
vn -0.015748 0.826772 -0.559055 
vn 0.141732 0.850394 -0.503937 
vn 0.141732 0.850394 -0.503937 
vn 0.141732 0.850394 -0.503937 
vn 0.141732 0.850394 -0.503937 
vn 0.0629921 0.740157 -0.669291 
vn 0.0629921 0.740157 -0.669291 
vn 0.0629921 0.740157 -0.669291 
vn 0.259843 0.716535 -0.645669 
vn 0.259843 0.716535 -0.645669 
vn 0.259843 0.716535 -0.645669 
vn 0.212598 -0.96063 0.15748 
vn -0.0944882 -0.96063 0.259843 
vn 0.582677 -0.685039 0.433071 
vn 0.212598 -0.677165 0.700787 
vn 0.212598 -0.677165 0.700787 
vn 0.212598 -0.677165 0.700787 
vn 0.212598 -0.677165 0.700787 
vn -0.23622 -0.677165 0.700787 
vn -0.23622 -0.677165 0.700787 
vn -0.23622 -0.677165 0.700787 
vn -0.23622 -0.677165 0.700787 
vn -0.606299 -0.677165 0.425197 
vn 0.15748 0.976378 0.15748 
vn 0.15748 0.976378 0.15748 
vn -0.0708661 0.96063 0.251969 
vn 0.779528 -0.244094 0.574803 
vn 0.283465 -0.23622 0.929134 
vn 0.283465 -0.23622 0.929134 
vn 0.283465 -0.23622 0.929134 
vn 0.283465 -0.23622 0.929134 
vn -0.307087 -0.228346 0.92126 
vn -0.307087 -0.228346 0.92126 
vn -0.307087 -0.228346 0.92126 
vn -0.307087 -0.228346 0.92126 
vn -0.748031 0.661417 -0.0393701 
vn 0.212598 0.645669 0.732283 
vn 0.212598 0.645669 0.732283 
vn 0.212598 0.645669 0.732283 
vn 0.212598 0.645669 0.732283 
vn 0.629921 0.637795 0.433071 
vn -0.220472 0.653543 0.724409 
vn -0.220472 0.653543 0.724409 
vn -0.220472 0.653543 0.724409 
vn -0.220472 0.653543 0.724409 
vn 0.291339 0.251969 0.92126 
vn 0.291339 0.251969 0.92126 
vn 0.291339 0.251969 0.92126 
vn 0.291339 0.251969 0.92126 
vn -0.299213 0.251969 0.92126 
vn -0.299213 0.251969 0.92126 
vn -0.299213 0.251969 0.92126 
vn -0.299213 0.251969 0.92126 
vn 0.00787402 -0.125984 0.992126 
vn 0.00787402 -0.125984 0.992126 
vn 0.00787402 -0.125984 0.992126 
vn 0.00787402 -0.125984 0.992126 
vn -0.23622 -0.677165 0.700787 
vn -0.228346 -0.685039 -0.692913 
vn -0.606299 -0.677165 0.425197 
vn -0.590551 -0.685039 -0.425197 
vn -0.732283 -0.677165 -0.00787402 
vn -0.732283 -0.677165 -0.00787402 
vn -0.732283 -0.677165 -0.00787402 
vn -0.732283 -0.677165 -0.00787402 
vn -0.0708661 0.96063 0.251969 
vn -0.787402 -0.244094 -0.566929 
vn -0.787402 -0.244094 -0.566929 
vn -0.787402 -0.244094 -0.566929 
vn -0.787402 -0.244094 -0.566929 
vn -0.267717 0.929134 -0.259843 
vn -0.968504 -0.23622 0 
vn -0.968504 -0.23622 0 
vn -0.968504 -0.23622 0 
vn -0.968504 -0.23622 0 
vn -0.307087 -0.228346 0.92126 
vn -0.787402 -0.228346 0.566929 
vn -0.787402 -0.228346 0.566929 
vn -0.787402 -0.228346 0.566929 
vn -0.787402 -0.228346 0.566929 
vn -0.291339 0.23622 -0.929134 
vn -0.787402 0.23622 -0.574803 
vn -0.787402 0.23622 -0.574803 
vn -0.787402 0.23622 -0.574803 
vn -0.787402 0.23622 -0.574803 
vn -0.748031 0.661417 -0.0393701 
vn -0.748031 0.661417 -0.0393701 
vn -0.748031 0.661417 -0.0393701 
vn -0.748031 0.661417 -0.0393701 
vn -0.968504 0.244094 0 
vn -0.968504 0.244094 0 
vn -0.968504 0.244094 0 
vn -0.968504 0.244094 0 
vn -0.787402 0.251969 0.566929 
vn -0.787402 0.251969 0.566929 
vn -0.787402 0.251969 0.566929 
vn -0.787402 0.251969 0.566929 
vn 0.212598 -0.96063 0.15748 
vn 0.212598 -0.96063 0.15748 
vn 0.212598 -0.96063 0.15748 
vn 0.0708661 -0.96063 0.259843 
vn 0.0708661 -0.96063 0.259843 
vn 0.0708661 -0.96063 0.259843 
vn -0.0944882 -0.96063 0.259843 
vn -0.0944882 -0.96063 0.259843 
vn -0.0944882 -0.96063 0.259843 
vn 0.267717 -0.96063 0 
vn 0.267717 -0.96063 0 
vn 0.267717 -0.96063 0 
vn -0.23622 -0.96063 0.15748 
vn -0.23622 -0.96063 0.15748 
vn -0.23622 -0.96063 0.15748 
vn 0.212598 -0.96063 -0.165354 
vn 0.212598 -0.96063 -0.165354 
vn 0.212598 -0.96063 -0.165354 
vn 0.0787402 -0.96063 -0.259843 
vn 0.0787402 -0.96063 -0.259843 
vn 0.0787402 -0.96063 -0.259843 
vn -0.283465 -0.96063 -0.00787402 
vn -0.283465 -0.96063 -0.00787402 
vn -0.283465 -0.96063 -0.00787402 
vn -0.0944882 -0.96063 -0.259843 
vn -0.0944882 -0.96063 -0.259843 
vn -0.0944882 -0.96063 -0.259843 
vn -0.228346 -0.96063 -0.165354 
vn -0.228346 -0.96063 -0.165354 
vn -0.228346 -0.96063 -0.165354 
vn 0.582677 -0.685039 0.433071 
vn 0.582677 -0.685039 0.433071 
vn 0.582677 -0.685039 0.433071 
vn 0.582677 -0.685039 0.433071 
vn 0.724409 -0.692913 0 
vn -0.23622 -0.677165 0.700787 
vn 0.582677 -0.685039 -0.425197 
vn 0.582677 -0.685039 -0.425197 
vn 0.582677 -0.685039 -0.425197 
vn 0.582677 -0.685039 -0.425197 
vn -0.228346 -0.685039 -0.692913 
vn -0.606299 -0.677165 0.425197 
vn -0.606299 -0.677165 0.425197 
vn -0.606299 -0.677165 0.425197 
vn -0.606299 -0.677165 0.425197 
vn -0.590551 -0.685039 -0.425197 
vn -0.590551 -0.685039 -0.425197 
vn -0.590551 -0.685039 -0.425197 
vn -0.590551 -0.685039 -0.425197 
vn 0.212598 -0.96063 -0.165354 
vn 0.0787402 -0.96063 -0.259843 
vn -0.0944882 -0.96063 -0.259843 
vn 0.582677 -0.685039 -0.425197 
vn -0.228346 -0.685039 -0.692913 
vn -0.228346 -0.685039 -0.692913 
vn -0.228346 -0.685039 -0.692913 
vn -0.228346 -0.685039 -0.692913 
vn 0.220472 -0.685039 -0.692913 
vn 0.220472 -0.685039 -0.692913 
vn 0.220472 -0.685039 -0.692913 
vn 0.220472 -0.685039 -0.692913 
vn 0.15748 0.976378 0.15748 
vn -0.0708661 0.96063 0.251969 
vn -0.291339 -0.251969 -0.92126 
vn -0.291339 -0.251969 -0.92126 
vn -0.291339 -0.251969 -0.92126 
vn -0.291339 -0.251969 -0.92126 
vn 0.307087 -0.251969 -0.92126 
vn 0.307087 -0.251969 -0.92126 
vn 0.307087 -0.251969 -0.92126 
vn 0.307087 -0.251969 -0.92126 
vn 0.968504 -0.244094 0 
vn -0.291339 0.23622 -0.929134 
vn -0.291339 0.23622 -0.929134 
vn -0.291339 0.23622 -0.929134 
vn -0.291339 0.23622 -0.929134 
vn -0.748031 0.661417 -0.0393701 
vn 0.314961 0.228346 -0.92126 
vn 0.314961 0.228346 -0.92126 
vn 0.314961 0.228346 -0.92126 
vn 0.314961 0.228346 -0.92126 
vn -0.00787402 0.125984 -0.992126 
vn -0.00787402 0.125984 -0.992126 
vn -0.00787402 0.125984 -0.992126 
vn -0.00787402 0.125984 -0.992126 

vt 21.8556 -27.3972 
vt 22.168 -27.3948 
vt 21.7545 -27.2706 
vt 21.9023 -27.2719 
vt 21.9023 -27.2719 
vt 22.0476 -27.3971 
vt 22.0866 -27.2711 
vt 21.9412 -27.3975 
vt 22.2367 -27.2693 
vt 21.9468 -26.7649 
vt 21.8891 -27.0989 
vt 21.7545 -27.2706 
vt 21.9023 -27.2719 
vt 21.719 -27.0966 
vt 21.8891 -27.0989 
vt 22.0866 -27.2711 
vt 22.102 -27.098 
vt 21.9023 -27.2719 
vt 21.6565 -27.0924 
vt 22.102 -27.098 
vt 22.2367 -27.2693 
vt 22.2754 -27.0956 
vt 22.0866 -27.2711 
vt 22.2995 -26.918 
vt 22.0311 -26.7945 
vt 21.9052 -26.9246 
vt 22.102 -27.098 
vt 22.2402 -26.9213 
vt 22.0897 -26.9236 
vt 22.2754 -27.0956 
vt 21.7577 -26.9229 
vt 21.8891 -27.0989 
vt 21.9052 -26.9246 
vt 21.719 -27.0966 
vt 21.9052 -26.9246 
vt 22.0311 -26.7945 
vt 21.9468 -26.7649 
vt 22.0897 -26.9236 
vt 21.9052 -26.9246 
vt 22.102 -27.098 
vt 22.0897 -26.9236 
vt 21.8891 -27.0989 
vt 21.8546 -26.9468 
vt 22.0003 -27.0026 
vt 21.9041 -26.8612 
vt 22.0984 -26.8637 
vt 22.0003 -27.0026 
vt 22.1503 -26.9502 
vt 21.9998 -26.8294 
vt 22.0003 -27.0026 
vt 22.0984 -26.8637 
vt 21.9041 -26.8612 
vt 22.0003 -27.0026 
vt 21.9998 -26.8294 
vt 21.9996 -26.6565 
vt 22.1615 -27.0385 
vt 22.0003 -27.0026 
vt 22.0993 -27.1054 
vt 22.3258 -26.8957 
vt 22.1503 -26.9502 
vt 22.0003 -27.0026 
vt 22.1615 -27.0385 
vt 22.1733 -27.2448 
vt 21.999 -27.2995 
vt 22.2812 -27.0968 
vt 21.8366 -27.0311 
vt 22.0003 -27.0026 
vt 21.8546 -26.9468 
vt 22.2815 -26.9118 
vt 22.2815 -26.9118 
vt 22.0984 -26.8637 
vt 22.1503 -26.9502 
vt 22.1737 -26.7617 
vt 21.9992 -26.7037 
vt 21.7176 -26.9052 
vt 21.9041 -26.8612 
vt 21.8252 -26.7577 
vt 21.8546 -26.9468 
vt 22.1733 -27.2448 
vt 22.2812 -27.0968 
vt 22.0993 -27.1054 
vt 22.1615 -27.0385 
vt 21.8366 -27.0311 
vt 21.8248 -27.2402 
vt 21.8981 -27.06 
vt 21.7174 -27.0897 
vt 21.8981 -27.06 
vt 22.0003 -27.0026 
vt 21.8366 -27.0311 
vt 21.999 -27.2995 
vt 22.0993 -27.1054 
vt 21.9987 -27.067 
vt 22.1733 -27.2448 
vt 21.9987 -27.067 
vt 21.8248 -27.2402 
vt 21.999 -27.2995 
vt 21.8981 -27.06 
vt 21.9987 -27.067 
vt 22.0003 -27.0026 
vt 21.8981 -27.06 
vt 22.0993 -27.1054 
vt 22.0003 -27.0026 
vt 21.9987 -27.067 
vt 22.0997 -27.3972 
vt 21.8983 -27.395 
vt 22.1737 -27.2706 
vt 22.1737 -27.2706 
vt 21.9997 -27.2676 
vt 22.0997 -27.3972 
vt 21.999 -27.3963 
vt 21.9997 -27.2676 
vt 21.8983 -27.395 
vt 21.999 -27.3963 
vt 21.8251 -27.2664 
vt 21.7173 -27.265 
vt 22.1454 -26.7649 
vt 21.9997 -26.7323 
vt 21.8497 -26.7577 
vt 22.3255 -27.0989 
vt 22.0004 -27.0924 
vt 22.1737 -27.2706 
vt 22.2014 -27.0966 
vt 21.9997 -27.2676 
vt 22.0004 -27.0924 
vt 21.8251 -27.2664 
vt 21.9997 -27.2676 
vt 21.7989 -27.0907 
vt 21.7185 -26.9155 
vt 22.0008 -26.9189 
vt 22.0959 -26.7703 
vt 22.0002 -26.7843 
vt 22.1748 -26.9229 
vt 22.2824 -26.9246 
vt 21.9016 -26.7765 
vt 22.0008 -26.9189 
vt 22.0002 -26.7843 
vt 21.8263 -26.9174 
vt 22.1748 -26.9229 
vt 22.0004 -27.0924 
vt 22.2014 -27.0966 
vt 22.0008 -26.9189 
vt 21.8263 -26.9174 
vt 22.0004 -27.0924 
vt 22.0008 -26.9189 
vt 21.7989 -27.0907 
vt 21.9809 -26.565 
vt 22.0136 -26.5641 
vt 21.9809 -26.5589 
vt 22.0136 -26.5579 
vt 22.2423 -27.2664 
vt 21.7598 -27.2647 
vt 22.0926 -27.265 
vt 21.9079 -27.264 
vt 22.0926 -27.265 
vt 21.9496 -27.3934 
vt 22.0561 -27.3939 
vt 21.9079 -27.264 
vt 22.0498 -26.7577 
vt 21.8908 -27.0884 
vt 21.7598 -27.2647 
vt 21.9079 -27.264 
vt 21.7199 -27.0895 
vt 21.8946 -26.7891 
vt 22.1043 -27.0899 
vt 21.9079 -27.264 
vt 22.0926 -27.265 
vt 21.8908 -27.0884 
vt 22.2767 -27.0907 
vt 22.1043 -27.0899 
vt 22.2423 -27.2664 
vt 22.2767 -27.0907 
vt 22.0926 -27.265 
vt 21.7552 -26.9151 
vt 21.7552 -26.9151 
vt 21.8908 -27.0884 
vt 21.9032 -26.9141 
vt 21.7199 -27.0895 
vt 22.0882 -26.9155 
vt 21.9615 -26.7883 
vt 21.9032 -26.9141 
vt 22.0498 -26.7577 
vt 22.0882 -26.9155 
vt 21.8908 -27.0884 
vt 22.1043 -27.0899 
vt 21.9032 -26.9141 
vt 22.1043 -27.0899 
vt 22.2383 -26.9174 
vt 22.0882 -26.9155 
vt 22.2767 -27.0907 
vt 21.999 -26.9953 
vt 22.162 -26.9412 
vt 22.0997 -26.8556 
vt 21.999 -26.9953 
vt 22.0997 -26.8556 
vt 21.999 -26.8235 
vt 21.999 -26.9953 
vt 21.999 -26.8235 
vt 21.8983 -26.8572 
vt 21.999 -26.9953 
vt 22.1621 -27.0476 
vt 22.162 -26.9412 
vt 21.999 -26.9953 
vt 21.8983 -26.8572 
vt 21.8362 -26.9439 
vt 21.999 -26.9953 
vt 22.0999 -27.1342 
vt 22.1621 -27.0476 
vt 21.999 -26.9953 
vt 21.9993 -27.168 
vt 22.0999 -27.1342 
vt 21.999 -26.9953 
vt 21.8362 -26.9439 
vt 21.8363 -27.0504 
vt 21.999 -26.9953 
vt 21.8986 -27.136 
vt 21.9993 -27.168 
vt 21.999 -26.9953 
vt 21.8363 -27.0504 
vt 21.8986 -27.136 
vt 22.1737 -26.7545 
vt 22.162 -26.9412 
vt 22.2815 -26.9023 
vt 22.0997 -26.8556 
vt 22.2816 -27.0866 
vt 21.8251 -26.7577 
vt 22.0999 -27.1342 
vt 22.1741 -27.2367 
vt 22.2816 -27.0866 
vt 22.1621 -27.0476 
vt 21.8254 -27.2402 
vt 21.8251 -26.7577 
vt 21.8362 -26.9439 
vt 21.8983 -26.8572 
vt 21.7173 -26.9074 
vt 21.7175 -27.0921 
vt 21.8986 -27.136 
vt 21.8363 -27.0504 
vt 21.8254 -27.2402 
vt 21.9001 -27.3961 
vt 22.0007 -27.3948 
vt 22.1014 -27.3937 
vt 21.8259 -27.2693 
vt 22.1746 -27.2647 
vt 22.0002 -27.2669 
vt 22.1014 -27.3937 
vt 22.0007 -27.3948 
vt 22.0002 -27.2669 
vt 21.9001 -27.3961 
vt 22.0007 -27.3948 
vt 21.8259 -27.2693 
vt 22.0003 -26.7323 
vt 22.1503 -26.7577 
vt 21.9996 -27.0924 
vt 22.1746 -27.2647 
vt 22.2009 -27.0895 
vt 22.0002 -27.2669 
vt 21.9996 -27.0924 
vt 21.8259 -27.2693 
vt 22.0002 -27.2669 
vt 21.7984 -27.0956 
vt 21.6742 -27.098 
vt 22.1733 -26.9151 
vt 21.9996 -27.0924 
vt 22.2009 -27.0895 
vt 21.999 -26.918 
vt 22.2815 -26.9155 
vt 21.8248 -26.9213 
vt 21.9996 -27.0924 
vt 21.999 -26.918 
vt 21.7984 -27.0956 
vt 21.9621 -26.7954 
vt 22.0291 -26.7847 
vt 21.9621 -26.7828 
vt 22.029 -26.7973 

usemtl MeshespalmTreesphere1Mtl

f 3082/3082/3082 3083/3083/3083 3084/3084/3084 
f 3083/3083/3083 3082/3082/3082 3085/3085/3085 
f 3088/3088/3088 3089/3089/3089 3090/3090/3090 
f 3089/3089/3089 3088/3088/3088 3091/3091/3091 
f 3092/3092/3092 3093/3093/3093 3094/3094/3094 
f 3093/3093/3093 3092/3092/3092 3095/3095/3095 
f 3097/3097/3097 3098/3098/3098 3099/3099/3099 
f 3098/3098/3098 3097/3097/3097 3100/3100/3100 
f 3104/3104/3104 3105/3105/3105 3106/3106/3106 
f 3105/3105/3105 3104/3104/3104 3107/3107/3107 
f 3108/3108/3108 3109/3109/3109 3110/3110/3110 
f 3109/3109/3109 3108/3108/3108 3111/3111/3111 
f 3112/3112/3112 3113/3113/3113 3114/3114/3114 
f 3113/3113/3113 3112/3112/3112 3115/3115/3115 
f 3116/3116/3116 3117/3117/3117 3118/3118/3118 
f 3117/3117/3117 3116/3116/3116 3119/3119/3119 
f 3120/3120/3120 3121/3121/3121 3122/3122/3122 
f 3123/3123/3123 3124/3124/3124 3125/3125/3125 
f 3126/3126/3126 3127/3127/3127 3128/3128/3128 
f 3129/3129/3129 3130/3130/3130 3131/3131/3131 
f 3133/3133/3133 3134/3134/3134 3135/3135/3135 
f 3137/3137/3137 3138/3138/3138 3139/3139/3139 
f 3143/3143/3143 3144/3144/3144 3145/3145/3145 
f 3147/3147/3147 3148/3148/3148 3149/3149/3149 
f 3148/3148/3148 3147/3147/3147 3150/3150/3150 
f 3152/3152/3152 3153/3153/3153 3154/3154/3154 
f 3153/3153/3153 3152/3152/3152 3155/3155/3155 
f 3156/3156/3156 3157/3157/3157 3158/3158/3158 
f 3157/3157/3157 3159/3159/3159 3158/3158/3158 
f 3160/3160/3160 3161/3161/3161 3162/3162/3162 
f 3163/3163/3163 3161/3161/3161 3160/3160/3160 
f 3164/3164/3164 3165/3165/3165 3166/3166/3166 
f 3167/3167/3167 3168/3168/3168 3169/3169/3169 
f 3168/3168/3168 3167/3167/3167 3170/3170/3170 
f 3171/3171/3171 3172/3172/3172 3173/3173/3173 
f 3172/3172/3172 3171/3171/3171 3174/3174/3174 
f 3175/3175/3175 3176/3176/3176 3177/3177/3177 
f 3178/3178/3178 3179/3179/3179 3180/3180/3180 
f 3184/3184/3184 3185/3185/3185 3186/3186/3186 
f 3186/3186/3186 3185/3185/3185 3187/3187/3187 
f 3188/3188/3188 3189/3189/3189 3190/3190/3190 
f 3189/3189/3189 3188/3188/3188 3191/3191/3191 
f 3197/3197/3197 3198/3198/3198 3199/3199/3199 
f 3198/3198/3198 3197/3197/3197 3200/3200/3200 
f 3201/3201/3201 3202/3202/3202 3203/3203/3203 
f 3202/3202/3202 3201/3201/3201 3204/3204/3204 
f 3206/3206/3206 3207/3207/3207 3208/3208/3208 
f 3207/3207/3207 3206/3206/3206 3209/3209/3209 
f 3211/3211/3211 3212/3212/3212 3213/3213/3213 
f 3212/3212/3212 3211/3211/3211 3214/3214/3214 
f 3215/3215/3215 3216/3216/3216 3217/3217/3217 
f 3216/3216/3216 3215/3215/3215 3218/3218/3218 
f 3219/3219/3219 3220/3220/3220 3221/3221/3221 
f 3220/3220/3220 3219/3219/3219 3222/3222/3222 
f 3223/3223/3223 3224/3224/3224 3225/3225/3225 
f 3226/3226/3226 3225/3225/3225 3224/3224/3224 
f 3231/3231/3231 3232/3232/3232 3233/3233/3233 
f 3232/3232/3232 3231/3231/3231 3234/3234/3234 
f 3236/3236/3236 3237/3237/3237 3238/3238/3238 
f 3237/3237/3237 3236/3236/3236 3239/3239/3239 
f 3241/3241/3241 3242/3242/3242 3243/3243/3243 
f 3242/3242/3242 3241/3241/3241 3244/3244/3244 
f 3246/3246/3246 3247/3247/3247 3248/3248/3248 
f 3247/3247/3247 3246/3246/3246 3249/3249/3249 
f 3251/3251/3251 3252/3252/3252 3253/3253/3253 
f 3252/3252/3252 3251/3251/3251 3254/3254/3254 
f 3255/3255/3255 3256/3256/3256 3257/3257/3257 
f 3256/3256/3256 3255/3255/3255 3258/3258/3258 
f 3259/3259/3259 3260/3260/3260 3261/3261/3261 
f 3260/3260/3260 3259/3259/3259 3262/3262/3262 
f 3263/3263/3263 3264/3264/3264 3265/3265/3265 
f 3264/3264/3264 3263/3263/3263 3266/3266/3266 
f 3267/3267/3267 3268/3268/3268 3269/3269/3269 
f 3270/3270/3270 3271/3271/3271 3272/3272/3272 
f 3273/3273/3273 3274/3274/3274 3275/3275/3275 
f 3276/3276/3276 3277/3277/3277 3278/3278/3278 
f 3279/3279/3279 3280/3280/3280 3281/3281/3281 
f 3282/3282/3282 3283/3283/3283 3284/3284/3284 
f 3285/3285/3285 3286/3286/3286 3287/3287/3287 
f 3288/3288/3288 3289/3289/3289 3290/3290/3290 
f 3291/3291/3291 3292/3292/3292 3293/3293/3293 
f 3294/3294/3294 3295/3295/3295 3296/3296/3296 
f 3297/3297/3297 3298/3298/3298 3299/3299/3299 
f 3298/3298/3298 3297/3297/3297 3300/3300/3300 
f 3303/3303/3303 3304/3304/3304 3305/3305/3305 
f 3303/3303/3303 3305/3305/3305 3306/3306/3306 
f 3308/3308/3308 3309/3309/3309 3310/3310/3310 
f 3309/3309/3309 3308/3308/3308 3311/3311/3311 
f 3312/3312/3312 3313/3313/3313 3314/3314/3314 
f 3313/3313/3313 3312/3312/3312 3315/3315/3315 
f 3320/3320/3320 3321/3321/3321 3322/3322/3322 
f 3322/3322/3322 3321/3321/3321 3323/3323/3323 
f 3324/3324/3324 3325/3325/3325 3326/3326/3326 
f 3325/3325/3325 3324/3324/3324 3327/3327/3327 
f 3330/3330/3330 3331/3331/3331 3332/3332/3332 
f 3331/3331/3331 3330/3330/3330 3333/3333/3333 
f 3334/3334/3334 3335/3335/3335 3336/3336/3336 
f 3335/3335/3335 3334/3334/3334 3337/3337/3337 
f 3339/3339/3339 3340/3340/3340 3341/3341/3341 
f 3340/3340/3340 3339/3339/3339 3342/3342/3342 
f 3344/3344/3344 3345/3345/3345 3346/3346/3346 
f 3345/3345/3345 3344/3344/3344 3347/3347/3347 
f 3348/3348/3348 3349/3349/3349 3350/3350/3350 
f 3349/3349/3349 3348/3348/3348 3351/3351/3351 

g MeshespalmTreesphere0011

v -12.2485 40.2663 -39.9633 
v -13.0514 40.2854 -42.4625 
v -11.6558 41.2786 -39.155 
v -10.7941 41.2688 -40.3371 
v -10.7941 41.2688 -40.3371 
v -11.7494 40.2672 -41.4995 
v -10.7927 41.2745 -41.8116 
v -11.7501 40.264 -40.6482 
v -11.6534 41.2889 -43.0122 
v -11.8829 45.3245 -40.6926 
v -10.4415 42.6525 -40.231 
v -11.6558 41.2786 -39.155 
v -10.7941 41.2688 -40.3371 
v -11.435 42.671 -38.871 
v -10.4415 42.6525 -40.231 
v -10.7927 41.2745 -41.8116 
v -10.4397 42.6598 -41.9343 
v -10.7941 41.2688 -40.3371 
v -13.0423 42.7045 -38.3704 
v -10.4397 42.6598 -41.9343 
v -11.6534 41.2889 -43.0122 
v -11.4332 42.6786 -43.3222 
v -10.7927 41.2745 -41.8116 
v -13.0377 44.0994 -43.5143 
v -11.7388 45.088 -41.367 
v -10.7864 44.0472 -40.3602 
v -10.4397 42.6598 -41.9343 
v -11.6445 44.0736 -43.0403 
v -10.7846 44.0546 -41.8363 
v -11.4332 42.6786 -43.3222 
v -11.6477 44.0601 -39.1798 
v -10.4415 42.6525 -40.231 
v -10.7864 44.0472 -40.3602 
v -11.435 42.671 -38.871 
v -10.7864 44.0472 -40.3602 
v -11.7388 45.088 -41.367 
v -11.8829 45.3245 -40.6926 
v -10.7846 44.0546 -41.8363 
v -10.7864 44.0472 -40.3602 
v -10.4397 42.6598 -41.9343 
v -10.7846 44.0546 -41.8363 
v -10.4415 42.6525 -40.231 
v -11.8829 45.3245 -40.6926 
v -13.0479 45.585 -41.1397 
v -12.2784 45.2814 -40.0082 
v -13.8331 45.2316 -40.0284 
v -13.0479 45.585 -41.1397 
v -14.2478 45.3823 -40.7203 
v -13.0439 45.1694 -39.7542 
v -13.0479 45.585 -41.1397 
v -13.8331 45.2316 -40.0284 
v -12.2784 45.2814 -40.0082 
v -13.0479 45.585 -41.1397 
v -13.0439 45.1694 -39.7542 
v -13.0423 42.7045 -38.3704 
v -14.338 45.1376 -41.4268 
v -13.0479 45.585 -41.1397 
v -13.8399 45.1312 -41.9618 
v -15.6519 42.7247 -40.2842 
v -14.2478 45.3823 -40.7203 
v -13.0479 45.585 -41.1397 
v -14.338 45.1376 -41.4268 
v -14.4319 44.1226 -43.0771 
v -13.0377 44.0994 -43.5143 
v -15.295 44.1311 -41.893 
v -11.7388 45.088 -41.367 
v -13.0479 45.585 -41.1397 
v -11.8829 45.3245 -40.6926 
v -15.2975 44.1193 -40.4129 
v -15.2975 44.1193 -40.4129 
v -13.8331 45.2316 -40.0284 
v -14.2478 45.3823 -40.7203 
v -14.4357 44.1048 -39.212 
v -13.0393 44.0922 -38.7484 
v -10.7864 44.0472 -40.3602 
v -12.2784 45.2814 -40.0082 
v -11.6477 44.0601 -39.1798 
v -11.8829 45.3245 -40.6926 
v -14.4319 44.1226 -43.0771 
v -15.295 44.1311 -41.893 
v -13.8399 45.1312 -41.9618 
v -14.338 45.1376 -41.4268 
v -11.7388 45.088 -41.367 
v -11.6445 44.0736 -43.0403 
v -12.231 45.1006 -41.5986 
v -10.7846 44.0546 -41.8363 
v -12.231 45.1006 -41.5986 
v -13.0479 45.585 -41.1397 
v -11.7388 45.088 -41.367 
v -13.0377 44.0994 -43.5143 
v -13.8399 45.1312 -41.9618 
v -13.0351 45.1171 -41.6543 
v -14.4319 44.1226 -43.0771 
v -13.0351 45.1171 -41.6543 
v -11.6445 44.0736 -43.0403 
v -13.0377 44.0994 -43.5143 
v -12.231 45.1006 -41.5986 
v -13.0351 45.1171 -41.6543 
v -13.0479 45.585 -41.1397 
v -12.231 45.1006 -41.5986 
v -13.8399 45.1312 -41.9618 
v -13.0479 45.585 -41.1397 
v -13.0351 45.1171 -41.6543 
v -12.2485 40.2663 -39.9633 
v -13.8592 40.2837 -39.9763 
v -11.6558 41.2786 -39.155 
v -11.6558 41.2786 -39.155 
v -13.0486 41.3031 -38.7186 
v -12.2485 40.2663 -39.9633 
v -13.0541 40.2736 -39.7064 
v -13.0486 41.3031 -38.7186 
v -13.8592 40.2837 -39.9763 
v -13.0541 40.2736 -39.7064 
v -14.4451 41.3126 -39.18 
v -15.3073 41.3234 -40.3779 
v -11.8829 45.3245 -40.6926 
v -13.0479 45.585 -41.1397 
v -14.2478 45.3823 -40.7203 
v -10.4415 42.6525 -40.231 
v -13.0423 42.7045 -38.3704 
v -11.6558 41.2786 -39.155 
v -11.435 42.671 -38.871 
v -13.0486 41.3031 -38.7186 
v -13.0423 42.7045 -38.3704 
v -14.4451 41.3126 -39.18 
v -13.0486 41.3031 -38.7186 
v -14.6548 42.7178 -38.9049 
v -15.2975 44.1193 -40.4129 
v -13.0393 44.0922 -38.7484 
v -12.2784 45.2814 -40.0082 
v -13.0439 45.1694 -39.7542 
v -11.6477 44.0601 -39.1798 
v -10.7864 44.0472 -40.3602 
v -13.8331 45.2316 -40.0284 
v -13.0393 44.0922 -38.7484 
v -13.0439 45.1694 -39.7542 
v -14.4357 44.1048 -39.212 
v -11.6477 44.0601 -39.1798 
v -13.0423 42.7045 -38.3704 
v -11.435 42.671 -38.871 
v -13.0393 44.0922 -38.7484 
v -14.4357 44.1048 -39.212 
v -13.0423 42.7045 -38.3704 
v -13.0393 44.0922 -38.7484 
v -14.6548 42.7178 -38.9049 
v -13.1983 46.9236 -42.4433 
v -12.9368 46.9309 -42.4453 
v -13.1986 46.9727 -42.437 
v -12.937 46.98 -42.439 
v -14.4451 41.3126 -39.18 
v -14.4423 41.3258 -43.0405 
v -15.3073 41.3234 -40.3779 
v -15.3055 41.332 -41.8552 
v -15.3073 41.3234 -40.3779 
v -14.3553 40.2968 -41.5221 
v -14.3562 40.2928 -40.6699 
v -15.3055 41.332 -41.8552 
v -14.2478 45.3823 -40.7203 
v -15.6494 42.7365 -41.9919 
v -14.4423 41.3258 -43.0405 
v -15.3055 41.332 -41.8552 
v -14.6527 42.728 -43.3598 
v -13.8399 45.1312 -41.9618 
v -15.6519 42.7247 -40.2842 
v -15.3055 41.332 -41.8552 
v -15.3073 41.3234 -40.3779 
v -15.6494 42.7365 -41.9919 
v -14.6548 42.7178 -38.9049 
v -15.6519 42.7247 -40.2842 
v -14.4451 41.3126 -39.18 
v -14.6548 42.7178 -38.9049 
v -15.3073 41.3234 -40.3779 
v -14.4319 44.1226 -43.0771 
v -14.4319 44.1226 -43.0771 
v -15.6494 42.7365 -41.9919 
v -15.295 44.1311 -41.893 
v -14.6527 42.728 -43.3598 
v -15.2975 44.1193 -40.4129 
v -14.338 45.1376 -41.4268 
v -15.295 44.1311 -41.893 
v -14.2478 45.3823 -40.7203 
v -15.2975 44.1193 -40.4129 
v -15.6494 42.7365 -41.9919 
v -15.6519 42.7247 -40.2842 
v -15.295 44.1311 -41.893 
v -15.6519 42.7247 -40.2842 
v -14.4357 44.1048 -39.212 
v -15.2975 44.1193 -40.4129 
v -14.6548 42.7178 -38.9049 
v -13.0537 39.9072 -41.0812 
v -11.7501 40.264 -40.6482 
v -12.2485 40.2663 -39.9633 
v -13.0537 39.9072 -41.0812 
v -12.2485 40.2663 -39.9633 
v -13.0541 40.2736 -39.7064 
v -13.0537 39.9072 -41.0812 
v -13.0541 40.2736 -39.7064 
v -13.8592 40.2837 -39.9763 
v -13.0537 39.9072 -41.0812 
v -11.7494 40.2672 -41.4995 
v -11.7501 40.264 -40.6482 
v -13.0537 39.9072 -41.0812 
v -13.8592 40.2837 -39.9763 
v -14.3562 40.2928 -40.6699 
v -13.0537 39.9072 -41.0812 
v -12.2464 40.2752 -42.1923 
v -11.7494 40.2672 -41.4995 
v -13.0537 39.9072 -41.0812 
v -13.0514 40.2854 -42.4625 
v -12.2464 40.2752 -42.1923 
v -13.0537 39.9072 -41.0812 
v -14.3562 40.2928 -40.6699 
v -14.3553 40.2968 -41.5221 
v -13.0537 39.9072 -41.0812 
v -13.8569 40.2939 -42.2067 
v -13.0514 40.2854 -42.4625 
v -13.0537 39.9072 -41.0812 
v -14.3553 40.2968 -41.5221 
v -13.8569 40.2939 -42.2067 
v -11.6558 41.2786 -39.155 
v -11.7501 40.264 -40.6482 
v -10.7941 41.2688 -40.3371 
v -12.2485 40.2663 -39.9633 
v -10.7927 41.2745 -41.8116 
v -14.4451 41.3126 -39.18 
v -12.2464 40.2752 -42.1923 
v -11.6534 41.2889 -43.0122 
v -10.7927 41.2745 -41.8116 
v -11.7494 40.2672 -41.4995 
v -14.4423 41.3258 -43.0405 
v -14.4451 41.3126 -39.18 
v -14.3562 40.2928 -40.6699 
v -13.8592 40.2837 -39.9763 
v -15.3073 41.3234 -40.3779 
v -15.3055 41.332 -41.8552 
v -13.8569 40.2939 -42.2067 
v -14.3553 40.2968 -41.5221 
v -14.4423 41.3258 -43.0405 
v -12.2464 40.2752 -42.1923 
v -13.0514 40.2854 -42.4625 
v -13.8569 40.2939 -42.2067 
v -11.6534 41.2889 -43.0122 
v -14.4423 41.3258 -43.0405 
v -13.0473 41.3085 -43.4817 
v -13.8569 40.2939 -42.2067 
v -13.0514 40.2854 -42.4625 
v -13.0473 41.3085 -43.4817 
v -12.2464 40.2752 -42.1923 
v -13.0514 40.2854 -42.4625 
v -11.6534 41.2889 -43.0122 
v -13.0479 45.585 -41.1397 
v -14.2478 45.3823 -40.7203 
v -13.0423 42.7045 -43.8668 
v -14.4423 41.3258 -43.0405 
v -14.6527 42.728 -43.3598 
v -13.0473 41.3085 -43.4817 
v -13.0423 42.7045 -43.8668 
v -11.6534 41.2889 -43.0122 
v -13.0473 41.3085 -43.4817 
v -11.4332 42.6786 -43.3222 
v -10.4397 42.6598 -41.9343 
v -14.4319 44.1226 -43.0771 
v -13.0423 42.7045 -43.8668 
v -14.6527 42.728 -43.3598 
v -13.0377 44.0994 -43.5143 
v -15.2975 44.1193 -40.4129 
v -11.6445 44.0736 -43.0403 
v -13.0423 42.7045 -43.8668 
v -13.0377 44.0994 -43.5143 
v -11.4332 42.6786 -43.3222 
v -12.7424 45.0804 -41.1998 
v -13.2784 45.1661 -41.1828 
v -12.7429 45.1811 -41.1868 
v -13.2779 45.0655 -41.1957 

vn 0.212598 -0.96063 0.15748 
vn 0.0787402 -0.96063 -0.259843 
vn 0.582677 -0.685039 0.433071 
vn 0.582677 -0.685039 0.433071 
vn 0.724409 -0.692913 0 
vn 0.724409 -0.692913 0 
vn 0.724409 -0.692913 0 
vn 0.724409 -0.692913 0 
vn 0.582677 -0.685039 -0.425197 
vn 0.15748 0.976378 0.15748 
vn 0.779528 -0.244094 0.574803 
vn 0.779528 -0.244094 0.574803 
vn 0.779528 -0.244094 0.574803 
vn 0.779528 -0.244094 0.574803 
vn 0.968504 -0.244094 0 
vn 0.968504 -0.244094 0 
vn 0.968504 -0.244094 0 
vn 0.968504 -0.244094 0 
vn 0.283465 -0.23622 0.929134 
vn 0.787402 -0.251969 -0.566929 
vn 0.787402 -0.251969 -0.566929 
vn 0.787402 -0.251969 -0.566929 
vn 0.787402 -0.251969 -0.566929 
vn -0.291339 0.23622 -0.929134 
vn 0.307087 0.913386 -0.259843 
vn 0.629921 0.637795 0.433071 
vn 0.795276 0.23622 -0.566929 
vn 0.795276 0.23622 -0.566929 
vn 0.795276 0.23622 -0.566929 
vn 0.795276 0.23622 -0.566929 
vn 0.787402 0.244094 0.566929 
vn 0.787402 0.244094 0.566929 
vn 0.787402 0.244094 0.566929 
vn 0.787402 0.244094 0.566929 
vn 0.748031 0.661417 -0.023622 
vn 0.748031 0.661417 -0.023622 
vn 0.748031 0.661417 -0.023622 
vn 0.748031 0.661417 -0.023622 
vn 0.968504 0.23622 0 
vn 0.968504 0.23622 0 
vn 0.968504 0.23622 0 
vn 0.968504 0.23622 0 
vn 0.15748 0.976378 0.15748 
vn 0.15748 0.976378 0.15748 
vn 0.15748 0.976378 0.15748 
vn -0.0708661 0.96063 0.251969 
vn -0.0708661 0.96063 0.251969 
vn -0.0708661 0.96063 0.251969 
vn -0.023622 0.96063 0.283465 
vn -0.023622 0.96063 0.283465 
vn -0.023622 0.96063 0.283465 
vn -0.0472441 0.96063 0.283465 
vn -0.0472441 0.96063 0.283465 
vn -0.0472441 0.96063 0.283465 
vn 0.283465 -0.23622 0.929134 
vn -0.267717 0.929134 -0.259843 
vn -0.267717 0.929134 -0.259843 
vn -0.267717 0.929134 -0.259843 
vn -0.968504 -0.23622 0 
vn -0.259843 0.92126 -0.283465 
vn -0.259843 0.92126 -0.283465 
vn -0.259843 0.92126 -0.283465 
vn -0.291339 0.23622 -0.929134 
vn -0.291339 0.23622 -0.929134 
vn -0.787402 0.23622 -0.574803 
vn 0.307087 0.913386 -0.259843 
vn 0.307087 0.913386 -0.259843 
vn 0.307087 0.913386 -0.259843 
vn -0.748031 0.661417 -0.0393701 
vn -0.606299 0.637795 0.464567 
vn -0.606299 0.637795 0.464567 
vn -0.606299 0.637795 0.464567 
vn -0.606299 0.637795 0.464567 
vn 0.212598 0.645669 0.732283 
vn 0.629921 0.637795 0.433071 
vn 0.629921 0.637795 0.433071 
vn 0.629921 0.637795 0.433071 
vn 0.629921 0.637795 0.433071 
vn -0.527559 0.740157 -0.425197 
vn -0.527559 0.740157 -0.425197 
vn -0.527559 0.740157 -0.425197 
vn -0.527559 0.740157 -0.425197 
vn 0.480315 0.76378 -0.433071 
vn 0.480315 0.76378 -0.433071 
vn 0.480315 0.76378 -0.433071 
vn 0.480315 0.76378 -0.433071 
vn 0.244094 0.850394 -0.464567 
vn 0.244094 0.850394 -0.464567 
vn 0.244094 0.850394 -0.464567 
vn -0.015748 0.826772 -0.559055 
vn -0.015748 0.826772 -0.559055 
vn -0.015748 0.826772 -0.559055 
vn -0.015748 0.826772 -0.559055 
vn 0.141732 0.850394 -0.503937 
vn 0.141732 0.850394 -0.503937 
vn 0.141732 0.850394 -0.503937 
vn 0.141732 0.850394 -0.503937 
vn 0.0629921 0.740157 -0.669291 
vn 0.0629921 0.740157 -0.669291 
vn 0.0629921 0.740157 -0.669291 
vn 0.259843 0.716535 -0.645669 
vn 0.259843 0.716535 -0.645669 
vn 0.259843 0.716535 -0.645669 
vn 0.212598 -0.96063 0.15748 
vn -0.0944882 -0.96063 0.259843 
vn 0.582677 -0.685039 0.433071 
vn 0.212598 -0.677165 0.700787 
vn 0.212598 -0.677165 0.700787 
vn 0.212598 -0.677165 0.700787 
vn 0.212598 -0.677165 0.700787 
vn -0.23622 -0.677165 0.700787 
vn -0.23622 -0.677165 0.700787 
vn -0.23622 -0.677165 0.700787 
vn -0.23622 -0.677165 0.700787 
vn -0.606299 -0.677165 0.425197 
vn 0.15748 0.976378 0.15748 
vn 0.15748 0.976378 0.15748 
vn -0.0708661 0.96063 0.251969 
vn 0.779528 -0.244094 0.574803 
vn 0.283465 -0.23622 0.929134 
vn 0.283465 -0.23622 0.929134 
vn 0.283465 -0.23622 0.929134 
vn 0.283465 -0.23622 0.929134 
vn -0.307087 -0.228346 0.92126 
vn -0.307087 -0.228346 0.92126 
vn -0.307087 -0.228346 0.92126 
vn -0.307087 -0.228346 0.92126 
vn -0.748031 0.661417 -0.0393701 
vn 0.212598 0.645669 0.732283 
vn 0.212598 0.645669 0.732283 
vn 0.212598 0.645669 0.732283 
vn 0.212598 0.645669 0.732283 
vn 0.629921 0.637795 0.433071 
vn -0.220472 0.653543 0.724409 
vn -0.220472 0.653543 0.724409 
vn -0.220472 0.653543 0.724409 
vn -0.220472 0.653543 0.724409 
vn 0.291339 0.251969 0.92126 
vn 0.291339 0.251969 0.92126 
vn 0.291339 0.251969 0.92126 
vn 0.291339 0.251969 0.92126 
vn -0.299213 0.251969 0.92126 
vn -0.299213 0.251969 0.92126 
vn -0.299213 0.251969 0.92126 
vn -0.299213 0.251969 0.92126 
vn 0.00787402 -0.125984 0.992126 
vn 0.00787402 -0.125984 0.992126 
vn 0.00787402 -0.125984 0.992126 
vn 0.00787402 -0.125984 0.992126 
vn -0.23622 -0.677165 0.700787 
vn -0.228346 -0.685039 -0.692913 
vn -0.606299 -0.677165 0.425197 
vn -0.590551 -0.685039 -0.425197 
vn -0.732283 -0.677165 -0.00787402 
vn -0.732283 -0.677165 -0.00787402 
vn -0.732283 -0.677165 -0.00787402 
vn -0.732283 -0.677165 -0.00787402 
vn -0.0708661 0.96063 0.251969 
vn -0.787402 -0.244094 -0.566929 
vn -0.787402 -0.244094 -0.566929 
vn -0.787402 -0.244094 -0.566929 
vn -0.787402 -0.244094 -0.566929 
vn -0.267717 0.929134 -0.259843 
vn -0.968504 -0.23622 0 
vn -0.968504 -0.23622 0 
vn -0.968504 -0.23622 0 
vn -0.968504 -0.23622 0 
vn -0.307087 -0.228346 0.92126 
vn -0.787402 -0.228346 0.566929 
vn -0.787402 -0.228346 0.566929 
vn -0.787402 -0.228346 0.566929 
vn -0.787402 -0.228346 0.566929 
vn -0.291339 0.23622 -0.929134 
vn -0.787402 0.23622 -0.574803 
vn -0.787402 0.23622 -0.574803 
vn -0.787402 0.23622 -0.574803 
vn -0.787402 0.23622 -0.574803 
vn -0.748031 0.661417 -0.0393701 
vn -0.748031 0.661417 -0.0393701 
vn -0.748031 0.661417 -0.0393701 
vn -0.748031 0.661417 -0.0393701 
vn -0.968504 0.244094 0 
vn -0.968504 0.244094 0 
vn -0.968504 0.244094 0 
vn -0.968504 0.244094 0 
vn -0.787402 0.251969 0.566929 
vn -0.787402 0.251969 0.566929 
vn -0.787402 0.251969 0.566929 
vn -0.787402 0.251969 0.566929 
vn 0.212598 -0.96063 0.15748 
vn 0.212598 -0.96063 0.15748 
vn 0.212598 -0.96063 0.15748 
vn 0.0708661 -0.96063 0.259843 
vn 0.0708661 -0.96063 0.259843 
vn 0.0708661 -0.96063 0.259843 
vn -0.0944882 -0.96063 0.259843 
vn -0.0944882 -0.96063 0.259843 
vn -0.0944882 -0.96063 0.259843 
vn 0.267717 -0.96063 0 
vn 0.267717 -0.96063 0 
vn 0.267717 -0.96063 0 
vn -0.23622 -0.96063 0.15748 
vn -0.23622 -0.96063 0.15748 
vn -0.23622 -0.96063 0.15748 
vn 0.212598 -0.96063 -0.165354 
vn 0.212598 -0.96063 -0.165354 
vn 0.212598 -0.96063 -0.165354 
vn 0.0787402 -0.96063 -0.259843 
vn 0.0787402 -0.96063 -0.259843 
vn 0.0787402 -0.96063 -0.259843 
vn -0.283465 -0.96063 -0.00787402 
vn -0.283465 -0.96063 -0.00787402 
vn -0.283465 -0.96063 -0.00787402 
vn -0.0944882 -0.96063 -0.259843 
vn -0.0944882 -0.96063 -0.259843 
vn -0.0944882 -0.96063 -0.259843 
vn -0.228346 -0.96063 -0.165354 
vn -0.228346 -0.96063 -0.165354 
vn -0.228346 -0.96063 -0.165354 
vn 0.582677 -0.685039 0.433071 
vn 0.582677 -0.685039 0.433071 
vn 0.582677 -0.685039 0.433071 
vn 0.582677 -0.685039 0.433071 
vn 0.724409 -0.692913 0 
vn -0.23622 -0.677165 0.700787 
vn 0.582677 -0.685039 -0.425197 
vn 0.582677 -0.685039 -0.425197 
vn 0.582677 -0.685039 -0.425197 
vn 0.582677 -0.685039 -0.425197 
vn -0.228346 -0.685039 -0.692913 
vn -0.606299 -0.677165 0.425197 
vn -0.606299 -0.677165 0.425197 
vn -0.606299 -0.677165 0.425197 
vn -0.606299 -0.677165 0.425197 
vn -0.590551 -0.685039 -0.425197 
vn -0.590551 -0.685039 -0.425197 
vn -0.590551 -0.685039 -0.425197 
vn -0.590551 -0.685039 -0.425197 
vn 0.212598 -0.96063 -0.165354 
vn 0.0787402 -0.96063 -0.259843 
vn -0.0944882 -0.96063 -0.259843 
vn 0.582677 -0.685039 -0.425197 
vn -0.228346 -0.685039 -0.692913 
vn -0.228346 -0.685039 -0.692913 
vn -0.228346 -0.685039 -0.692913 
vn -0.228346 -0.685039 -0.692913 
vn 0.220472 -0.685039 -0.692913 
vn 0.220472 -0.685039 -0.692913 
vn 0.220472 -0.685039 -0.692913 
vn 0.220472 -0.685039 -0.692913 
vn 0.15748 0.976378 0.15748 
vn -0.0708661 0.96063 0.251969 
vn -0.291339 -0.251969 -0.92126 
vn -0.291339 -0.251969 -0.92126 
vn -0.291339 -0.251969 -0.92126 
vn -0.291339 -0.251969 -0.92126 
vn 0.307087 -0.251969 -0.92126 
vn 0.307087 -0.251969 -0.92126 
vn 0.307087 -0.251969 -0.92126 
vn 0.307087 -0.251969 -0.92126 
vn 0.968504 -0.244094 0 
vn -0.291339 0.23622 -0.929134 
vn -0.291339 0.23622 -0.929134 
vn -0.291339 0.23622 -0.929134 
vn -0.291339 0.23622 -0.929134 
vn -0.748031 0.661417 -0.0393701 
vn 0.314961 0.228346 -0.92126 
vn 0.314961 0.228346 -0.92126 
vn 0.314961 0.228346 -0.92126 
vn 0.314961 0.228346 -0.92126 
vn -0.00787402 0.125984 -0.992126 
vn -0.00787402 0.125984 -0.992126 
vn -0.00787402 0.125984 -0.992126 
vn -0.00787402 0.125984 -0.992126 

vt 31.8556 -45.3972 
vt 32.168 -45.3948 
vt 31.7545 -45.2706 
vt 31.9023 -45.2719 
vt 31.9023 -45.2719 
vt 32.0476 -45.3971 
vt 32.0866 -45.2711 
vt 31.9412 -45.3975 
vt 32.2367 -45.2693 
vt 31.9468 -44.7649 
vt 31.8891 -45.0989 
vt 31.7545 -45.2706 
vt 31.9023 -45.2719 
vt 31.719 -45.0966 
vt 31.8891 -45.0989 
vt 32.0866 -45.2711 
vt 32.102 -45.098 
vt 31.9023 -45.2719 
vt 31.6565 -45.0924 
vt 32.102 -45.098 
vt 32.2367 -45.2693 
vt 32.2754 -45.0956 
vt 32.0866 -45.2711 
vt 32.2995 -44.918 
vt 32.0311 -44.7944 
vt 31.9052 -44.9246 
vt 32.102 -45.098 
vt 32.2402 -44.9213 
vt 32.0897 -44.9236 
vt 32.2754 -45.0956 
vt 31.7577 -44.9229 
vt 31.8891 -45.0989 
vt 31.9052 -44.9246 
vt 31.719 -45.0966 
vt 31.9052 -44.9246 
vt 32.0311 -44.7944 
vt 31.9468 -44.7649 
vt 32.0897 -44.9236 
vt 31.9052 -44.9246 
vt 32.102 -45.098 
vt 32.0897 -44.9236 
vt 31.8891 -45.0989 
vt 31.8546 -44.9468 
vt 32.0003 -45.0026 
vt 31.9041 -44.8612 
vt 32.0984 -44.8637 
vt 32.0003 -45.0026 
vt 32.1503 -44.9502 
vt 31.9998 -44.8294 
vt 32.0003 -45.0026 
vt 32.0984 -44.8637 
vt 31.9041 -44.8612 
vt 32.0003 -45.0026 
vt 31.9998 -44.8294 
vt 31.9996 -44.6565 
vt 32.1615 -45.0385 
vt 32.0003 -45.0026 
vt 32.0993 -45.1054 
vt 32.3258 -44.8957 
vt 32.1503 -44.9502 
vt 32.0003 -45.0026 
vt 32.1615 -45.0385 
vt 32.1733 -45.2448 
vt 31.999 -45.2995 
vt 32.2812 -45.0968 
vt 31.8366 -45.0311 
vt 32.0003 -45.0026 
vt 31.8546 -44.9468 
vt 32.2815 -44.9118 
vt 32.2815 -44.9118 
vt 32.0984 -44.8637 
vt 32.1503 -44.9502 
vt 32.1737 -44.7617 
vt 31.9992 -44.7037 
vt 31.7176 -44.9052 
vt 31.9041 -44.8612 
vt 31.8252 -44.7577 
vt 31.8546 -44.9468 
vt 32.1733 -45.2448 
vt 32.2812 -45.0968 
vt 32.0993 -45.1054 
vt 32.1615 -45.0385 
vt 31.8366 -45.0311 
vt 31.8248 -45.2402 
vt 31.8981 -45.06 
vt 31.7174 -45.0897 
vt 31.8981 -45.06 
vt 32.0003 -45.0026 
vt 31.8366 -45.0311 
vt 31.999 -45.2995 
vt 32.0993 -45.1054 
vt 31.9987 -45.067 
vt 32.1733 -45.2448 
vt 31.9987 -45.067 
vt 31.8248 -45.2402 
vt 31.999 -45.2995 
vt 31.8981 -45.06 
vt 31.9987 -45.067 
vt 32.0003 -45.0026 
vt 31.8981 -45.06 
vt 32.0993 -45.1054 
vt 32.0003 -45.0026 
vt 31.9987 -45.067 
vt 32.0997 -45.3972 
vt 31.8983 -45.395 
vt 32.1737 -45.2706 
vt 32.1737 -45.2706 
vt 31.9997 -45.2676 
vt 32.0997 -45.3972 
vt 31.999 -45.3963 
vt 31.9997 -45.2676 
vt 31.8983 -45.395 
vt 31.999 -45.3963 
vt 31.8251 -45.2664 
vt 31.7173 -45.265 
vt 32.1454 -44.7649 
vt 31.9997 -44.7323 
vt 31.8497 -44.7577 
vt 32.3255 -45.0989 
vt 32.0004 -45.0924 
vt 32.1737 -45.2706 
vt 32.2014 -45.0966 
vt 31.9997 -45.2676 
vt 32.0004 -45.0924 
vt 31.8251 -45.2664 
vt 31.9997 -45.2676 
vt 31.7989 -45.0907 
vt 31.7185 -44.9155 
vt 32.0008 -44.9189 
vt 32.0959 -44.7703 
vt 32.0002 -44.7843 
vt 32.1748 -44.9229 
vt 32.2824 -44.9246 
vt 31.9016 -44.7765 
vt 32.0008 -44.9189 
vt 32.0002 -44.7843 
vt 31.8263 -44.9174 
vt 32.1748 -44.9229 
vt 32.0004 -45.0924 
vt 32.2014 -45.0966 
vt 32.0008 -44.9189 
vt 31.8263 -44.9174 
vt 32.0004 -45.0924 
vt 32.0008 -44.9189 
vt 31.7989 -45.0907 
vt 31.9809 -44.565 
vt 32.0136 -44.5641 
vt 31.9809 -44.5589 
vt 32.0136 -44.5579 
vt 32.2423 -45.2664 
vt 31.7598 -45.2647 
vt 32.0926 -45.265 
vt 31.9079 -45.264 
vt 32.0926 -45.265 
vt 31.9496 -45.3933 
vt 32.0561 -45.3939 
vt 31.9079 -45.264 
vt 32.0498 -44.7577 
vt 31.8908 -45.0884 
vt 31.7598 -45.2647 
vt 31.9079 -45.264 
vt 31.7199 -45.0895 
vt 31.8946 -44.7891 
vt 32.1043 -45.0899 
vt 31.9079 -45.264 
vt 32.0926 -45.265 
vt 31.8908 -45.0884 
vt 32.2767 -45.0907 
vt 32.1043 -45.0899 
vt 32.2423 -45.2664 
vt 32.2767 -45.0907 
vt 32.0926 -45.265 
vt 31.7552 -44.9151 
vt 31.7552 -44.9151 
vt 31.8908 -45.0884 
vt 31.9032 -44.9141 
vt 31.7199 -45.0895 
vt 32.0882 -44.9155 
vt 31.9615 -44.7883 
vt 31.9032 -44.9141 
vt 32.0498 -44.7577 
vt 32.0882 -44.9155 
vt 31.8908 -45.0884 
vt 32.1043 -45.0899 
vt 31.9032 -44.9141 
vt 32.1043 -45.0899 
vt 32.2383 -44.9174 
vt 32.0882 -44.9155 
vt 32.2767 -45.0907 
vt 31.999 -44.9953 
vt 32.162 -44.9412 
vt 32.0997 -44.8556 
vt 31.999 -44.9953 
vt 32.0997 -44.8556 
vt 31.999 -44.8235 
vt 31.999 -44.9953 
vt 31.999 -44.8235 
vt 31.8983 -44.8572 
vt 31.999 -44.9953 
vt 32.1621 -45.0476 
vt 32.162 -44.9412 
vt 31.999 -44.9953 
vt 31.8983 -44.8572 
vt 31.8362 -44.9439 
vt 31.999 -44.9953 
vt 32.0999 -45.1342 
vt 32.1621 -45.0476 
vt 31.999 -44.9953 
vt 31.9993 -45.168 
vt 32.0999 -45.1342 
vt 31.999 -44.9953 
vt 31.8362 -44.9439 
vt 31.8363 -45.0504 
vt 31.999 -44.9953 
vt 31.8986 -45.136 
vt 31.9993 -45.168 
vt 31.999 -44.9953 
vt 31.8363 -45.0504 
vt 31.8986 -45.136 
vt 32.1737 -44.7546 
vt 32.162 -44.9412 
vt 32.2815 -44.9023 
vt 32.0997 -44.8556 
vt 32.2816 -45.0866 
vt 31.8251 -44.7577 
vt 32.0999 -45.1342 
vt 32.1741 -45.2367 
vt 32.2816 -45.0866 
vt 32.1621 -45.0476 
vt 31.8254 -45.2402 
vt 31.8251 -44.7577 
vt 31.8362 -44.9439 
vt 31.8983 -44.8572 
vt 31.7173 -44.9074 
vt 31.7175 -45.0921 
vt 31.8986 -45.136 
vt 31.8363 -45.0504 
vt 31.8254 -45.2402 
vt 31.9001 -45.3961 
vt 32.0007 -45.3948 
vt 32.1014 -45.3937 
vt 31.8259 -45.2693 
vt 32.1746 -45.2647 
vt 32.0002 -45.2669 
vt 32.1014 -45.3937 
vt 32.0007 -45.3948 
vt 32.0002 -45.2669 
vt 31.9001 -45.3961 
vt 32.0007 -45.3948 
vt 31.8259 -45.2693 
vt 32.0003 -44.7323 
vt 32.1503 -44.7577 
vt 31.9996 -45.0924 
vt 32.1746 -45.2647 
vt 32.2009 -45.0895 
vt 32.0002 -45.2669 
vt 31.9996 -45.0924 
vt 31.8259 -45.2693 
vt 32.0002 -45.2669 
vt 31.7984 -45.0956 
vt 31.6742 -45.098 
vt 32.1733 -44.9151 
vt 31.9996 -45.0924 
vt 32.2009 -45.0895 
vt 31.999 -44.918 
vt 32.2815 -44.9155 
vt 31.8248 -44.9213 
vt 31.9996 -45.0924 
vt 31.999 -44.918 
vt 31.7984 -45.0956 
vt 31.9621 -44.7954 
vt 32.0291 -44.7847 
vt 31.9621 -44.7828 
vt 32.029 -44.7973 

usemtl MeshespalmTreesphere1Mtl

f 3356/3356/3356 3357/3357/3357 3358/3358/3358 
f 3357/3357/3357 3356/3356/3356 3359/3359/3359 
f 3362/3362/3362 3363/3363/3363 3364/3364/3364 
f 3363/3363/3363 3362/3362/3362 3365/3365/3365 
f 3366/3366/3366 3367/3367/3367 3368/3368/3368 
f 3367/3367/3367 3366/3366/3366 3369/3369/3369 
f 3371/3371/3371 3372/3372/3372 3373/3373/3373 
f 3372/3372/3372 3371/3371/3371 3374/3374/3374 
f 3378/3378/3378 3379/3379/3379 3380/3380/3380 
f 3379/3379/3379 3378/3378/3378 3381/3381/3381 
f 3382/3382/3382 3383/3383/3383 3384/3384/3384 
f 3383/3383/3383 3382/3382/3382 3385/3385/3385 
f 3386/3386/3386 3387/3387/3387 3388/3388/3388 
f 3387/3387/3387 3386/3386/3386 3389/3389/3389 
f 3390/3390/3390 3391/3391/3391 3392/3392/3392 
f 3391/3391/3391 3390/3390/3390 3393/3393/3393 
f 3394/3394/3394 3395/3395/3395 3396/3396/3396 
f 3397/3397/3397 3398/3398/3398 3399/3399/3399 
f 3400/3400/3400 3401/3401/3401 3402/3402/3402 
f 3403/3403/3403 3404/3404/3404 3405/3405/3405 
f 3407/3407/3407 3408/3408/3408 3409/3409/3409 
f 3411/3411/3411 3412/3412/3412 3413/3413/3413 
f 3417/3417/3417 3418/3418/3418 3419/3419/3419 
f 3421/3421/3421 3422/3422/3422 3423/3423/3423 
f 3422/3422/3422 3421/3421/3421 3424/3424/3424 
f 3426/3426/3426 3427/3427/3427 3428/3428/3428 
f 3427/3427/3427 3426/3426/3426 3429/3429/3429 
f 3430/3430/3430 3431/3431/3431 3432/3432/3432 
f 3431/3431/3431 3433/3433/3433 3432/3432/3432 
f 3434/3434/3434 3435/3435/3435 3436/3436/3436 
f 3437/3437/3437 3435/3435/3435 3434/3434/3434 
f 3438/3438/3438 3439/3439/3439 3440/3440/3440 
f 3441/3441/3441 3442/3442/3442 3443/3443/3443 
f 3442/3442/3442 3441/3441/3441 3444/3444/3444 
f 3445/3445/3445 3446/3446/3446 3447/3447/3447 
f 3446/3446/3446 3445/3445/3445 3448/3448/3448 
f 3449/3449/3449 3450/3450/3450 3451/3451/3451 
f 3452/3452/3452 3453/3453/3453 3454/3454/3454 
f 3458/3458/3458 3459/3459/3459 3460/3460/3460 
f 3460/3460/3460 3459/3459/3459 3461/3461/3461 
f 3462/3462/3462 3463/3463/3463 3464/3464/3464 
f 3463/3463/3463 3462/3462/3462 3465/3465/3465 
f 3471/3471/3471 3472/3472/3472 3473/3473/3473 
f 3472/3472/3472 3471/3471/3471 3474/3474/3474 
f 3475/3475/3475 3476/3476/3476 3477/3477/3477 
f 3476/3476/3476 3475/3475/3475 3478/3478/3478 
f 3480/3480/3480 3481/3481/3481 3482/3482/3482 
f 3481/3481/3481 3480/3480/3480 3483/3483/3483 
f 3485/3485/3485 3486/3486/3486 3487/3487/3487 
f 3486/3486/3486 3485/3485/3485 3488/3488/3488 
f 3489/3489/3489 3490/3490/3490 3491/3491/3491 
f 3490/3490/3490 3489/3489/3489 3492/3492/3492 
f 3493/3493/3493 3494/3494/3494 3495/3495/3495 
f 3494/3494/3494 3493/3493/3493 3496/3496/3496 
f 3497/3497/3497 3498/3498/3498 3499/3499/3499 
f 3500/3500/3500 3499/3499/3499 3498/3498/3498 
f 3505/3505/3505 3506/3506/3506 3507/3507/3507 
f 3506/3506/3506 3505/3505/3505 3508/3508/3508 
f 3510/3510/3510 3511/3511/3511 3512/3512/3512 
f 3511/3511/3511 3510/3510/3510 3513/3513/3513 
f 3515/3515/3515 3516/3516/3516 3517/3517/3517 
f 3516/3516/3516 3515/3515/3515 3518/3518/3518 
f 3520/3520/3520 3521/3521/3521 3522/3522/3522 
f 3521/3521/3521 3520/3520/3520 3523/3523/3523 
f 3525/3525/3525 3526/3526/3526 3527/3527/3527 
f 3526/3526/3526 3525/3525/3525 3528/3528/3528 
f 3529/3529/3529 3530/3530/3530 3531/3531/3531 
f 3530/3530/3530 3529/3529/3529 3532/3532/3532 
f 3533/3533/3533 3534/3534/3534 3535/3535/3535 
f 3534/3534/3534 3533/3533/3533 3536/3536/3536 
f 3537/3537/3537 3538/3538/3538 3539/3539/3539 
f 3538/3538/3538 3537/3537/3537 3540/3540/3540 
f 3541/3541/3541 3542/3542/3542 3543/3543/3543 
f 3544/3544/3544 3545/3545/3545 3546/3546/3546 
f 3547/3547/3547 3548/3548/3548 3549/3549/3549 
f 3550/3550/3550 3551/3551/3551 3552/3552/3552 
f 3553/3553/3553 3554/3554/3554 3555/3555/3555 
f 3556/3556/3556 3557/3557/3557 3558/3558/3558 
f 3559/3559/3559 3560/3560/3560 3561/3561/3561 
f 3562/3562/3562 3563/3563/3563 3564/3564/3564 
f 3565/3565/3565 3566/3566/3566 3567/3567/3567 
f 3568/3568/3568 3569/3569/3569 3570/3570/3570 
f 3571/3571/3571 3572/3572/3572 3573/3573/3573 
f 3572/3572/3572 3571/3571/3571 3574/3574/3574 
f 3577/3577/3577 3578/3578/3578 3579/3579/3579 
f 3577/3577/3577 3579/3579/3579 3580/3580/3580 
f 3582/3582/3582 3583/3583/3583 3584/3584/3584 
f 3583/3583/3583 3582/3582/3582 3585/3585/3585 
f 3586/3586/3586 3587/3587/3587 3588/3588/3588 
f 3587/3587/3587 3586/3586/3586 3589/3589/3589 
f 3594/3594/3594 3595/3595/3595 3596/3596/3596 
f 3596/3596/3596 3595/3595/3595 3597/3597/3597 
f 3598/3598/3598 3599/3599/3599 3600/3600/3600 
f 3599/3599/3599 3598/3598/3598 3601/3601/3601 
f 3604/3604/3604 3605/3605/3605 3606/3606/3606 
f 3605/3605/3605 3604/3604/3604 3607/3607/3607 
f 3608/3608/3608 3609/3609/3609 3610/3610/3610 
f 3609/3609/3609 3608/3608/3608 3611/3611/3611 
f 3613/3613/3613 3614/3614/3614 3615/3615/3615 
f 3614/3614/3614 3613/3613/3613 3616/3616/3616 
f 3618/3618/3618 3619/3619/3619 3620/3620/3620 
f 3619/3619/3619 3618/3618/3618 3621/3621/3621 
f 3622/3622/3622 3623/3623/3623 3624/3624/3624 
f 3623/3623/3623 3622/3622/3622 3625/3625/3625 

