# This file is brought to you by Roblox Corporation
# Generated by Roblox Studio

mtllib beachseats.mtl

g Part1

v -34.8037 29.4284 -40.9362 
v -34.9761 29.5893 -40.9362 
v -34.9599 29.261 -40.9363 
v -35.1324 29.4219 -40.9363 
v -34.9761 29.5901 -43.4963 
v -34.9761 29.5893 -40.9362 
v -34.8037 29.4291 -43.4964 
v -34.8037 29.4284 -40.9362 
v -34.9761 29.5893 -40.9362 
v -34.9761 29.5901 -43.4963 
v -35.1324 29.4219 -40.9363 
v -35.1323 29.4226 -43.4964 
v -34.9761 29.5901 -43.4963 
v -34.8037 29.4291 -43.4964 
v -35.1323 29.4226 -43.4964 
v -34.9599 29.2617 -43.4964 
v -34.9599 29.2617 -43.4964 
v -34.9599 29.261 -40.9363 
v -35.1323 29.4226 -43.4964 
v -35.1324 29.4219 -40.9363 
v -34.8037 29.4291 -43.4964 
v -34.8037 29.4284 -40.9362 
v -34.9599 29.2617 -43.4964 
v -34.9599 29.261 -40.9363 

vn 0 0 1 
vn 0 0 1 
vn 0 0 1 
vn 0 0 1 
vn 0.685039 0.732283 0 
vn 0.685039 0.732283 0 
vn 0.685039 0.732283 0 
vn 0.685039 0.732283 0 
vn -0.732283 0.685039 0 
vn -0.732283 0.685039 0 
vn -0.732283 0.685039 0 
vn -0.732283 0.685039 0 
vn 0 0 -1 
vn 0 0 -1 
vn 0 0 -1 
vn 0 0 -1 
vn -0.685039 -0.732283 0 
vn -0.685039 -0.732283 0 
vn -0.685039 -0.732283 0 
vn -0.685039 -0.732283 0 
vn 0.732283 -0.685039 0 
vn 0.732283 -0.685039 0 
vn 0.732283 -0.685039 0 
vn 0.732283 -0.685039 0 

vt 0.186752 1.02723 
vt 0.157271 1.02723 
vt 0.186752 0.998609 
vt 0.157271 0.998609 
vt 0.477286 1.02723 
vt 0.157271 1.02723 
vt 0.477286 0.99775 
vt 0.157271 0.99775 
vt 0.477286 1.02723 
vt 0.157271 1.02723 
vt 0.477286 0.998609 
vt 0.157271 0.998609 
vt 0.186752 1.02723 
vt 0.157271 1.02723 
vt 0.186752 0.998609 
vt 0.157271 0.998609 
vt 0.477286 1.02723 
vt 0.157271 1.02723 
vt 0.477286 0.99775 
vt 0.157271 0.99775 
vt 0.477286 1.02723 
vt 0.157271 1.02723 
vt 0.477286 0.998609 
vt 0.157271 0.998609 

usemtl Part1Mtl

f 1/1/1 2/2/2 3/3/3 
f 3/3/3 2/2/2 4/4/4 
f 5/5/5 6/6/6 7/7/7 
f 7/7/7 6/6/6 8/8/8 
f 9/9/9 10/10/10 11/11/11 
f 11/11/11 10/10/10 12/12/12 
f 13/13/13 14/14/14 15/15/15 
f 15/15/15 14/14/14 16/16/16 
f 17/17/17 18/18/18 19/19/19 
f 19/19/19 18/18/18 20/20/20 
f 21/21/21 22/22/22 23/23/23 
f 23/23/23 22/22/22 24/24/24 

g Part2

v -32.6775 27.3041 -42.7649 
v -32.6775 27.3042 -43.1308 
v -32.6833 27.1953 -42.765 
v -32.6833 27.1954 -43.1308 
v -28.3634 27.0767 -43.1308 
v -32.6775 27.3042 -43.1308 
v -28.3634 27.0765 -42.7649 
v -32.6775 27.3041 -42.7649 
v -32.6775 27.3042 -43.1308 
v -28.3634 27.0767 -43.1308 
v -32.6833 27.1954 -43.1308 
v -28.3691 26.9678 -43.1308 
v -28.3634 27.0767 -43.1308 
v -28.3634 27.0765 -42.7649 
v -28.3691 26.9678 -43.1308 
v -28.3691 26.9677 -42.765 
v -28.3691 26.9677 -42.765 
v -32.6833 27.1953 -42.765 
v -28.3691 26.9678 -43.1308 
v -32.6833 27.1954 -43.1308 
v -28.3634 27.0765 -42.7649 
v -32.6775 27.3041 -42.7649 
v -28.3691 26.9677 -42.765 
v -32.6833 27.1953 -42.765 

vn -1 0.0551181 0 
vn -1 0.0551181 0 
vn -1 0.0551181 0 
vn -1 0.0551181 0 
vn 0.0551181 1 0 
vn 0.0551181 1 0 
vn 0.0551181 1 0 
vn 0.0551181 1 0 
vn 0 0 -1 
vn 0 0 -1 
vn 0 0 -1 
vn 0 0 -1 
vn 1 -0.0551181 0 
vn 1 -0.0551181 0 
vn 1 -0.0551181 0 
vn 1 -0.0551181 0 
vn -0.0551181 -1 0 
vn -0.0551181 -1 0 
vn -0.0551181 -1 0 
vn -0.0551181 -1 0 
vn 0 0 1 
vn 0 0 1 
vn 0 0 1 
vn 0 0 1 

vt 4.54573 0.75 
vt 4.5 0.75 
vt 4.54573 0.736378 
vt 4.5 0.736378 
vt 5.04001 0.75 
vt 4.5 0.75 
vt 5.04001 0.704269 
vt 4.5 0.704269 
vt 5.04001 0.75 
vt 4.5 0.75 
vt 5.04001 0.736378 
vt 4.5 0.736378 
vt 4.54573 0.75 
vt 4.5 0.75 
vt 4.54573 0.736378 
vt 4.5 0.736378 
vt 5.04001 0.75 
vt 4.5 0.75 
vt 5.04001 0.704269 
vt 4.5 0.704269 
vt 5.04001 0.75 
vt 4.5 0.75 
vt 5.04001 0.736378 
vt 4.5 0.736378 

usemtl Part2Mtl

f 25/25/25 26/26/26 27/27/27 
f 27/27/27 26/26/26 28/28/28 
f 29/29/29 30/30/30 31/31/31 
f 31/31/31 30/30/30 32/32/32 
f 33/33/33 34/34/34 35/35/35 
f 35/35/35 34/34/34 36/36/36 
f 37/37/37 38/38/38 39/39/39 
f 39/39/39 38/38/38 40/40/40 
f 41/41/41 42/42/42 43/43/43 
f 43/43/43 42/42/42 44/44/44 
f 45/45/45 46/46/46 47/47/47 
f 47/47/47 46/46/46 48/48/48 

g Part3

v -32.6775 27.3037 -41.3041 
v -32.6775 27.3038 -41.67 
v -32.6833 27.1948 -41.3042 
v -32.6833 27.1949 -41.67 
v -28.3634 27.0762 -41.67 
v -32.6775 27.3038 -41.67 
v -28.3634 27.0761 -41.3041 
v -32.6775 27.3037 -41.3041 
v -32.6775 27.3038 -41.67 
v -28.3634 27.0762 -41.67 
v -32.6833 27.1949 -41.67 
v -28.3691 26.9674 -41.67 
v -28.3634 27.0762 -41.67 
v -28.3634 27.0761 -41.3041 
v -28.3691 26.9674 -41.67 
v -28.3691 26.9673 -41.3042 
v -28.3691 26.9673 -41.3042 
v -32.6833 27.1948 -41.3042 
v -28.3691 26.9674 -41.67 
v -32.6833 27.1949 -41.67 
v -28.3634 27.0761 -41.3041 
v -32.6775 27.3037 -41.3041 
v -28.3691 26.9673 -41.3042 
v -32.6833 27.1948 -41.3042 

vn -1 0.0551181 0 
vn -1 0.0551181 0 
vn -1 0.0551181 0 
vn -1 0.0551181 0 
vn 0.0551181 1 0 
vn 0.0551181 1 0 
vn 0.0551181 1 0 
vn 0.0551181 1 0 
vn 0 0 -1 
vn 0 0 -1 
vn 0 0 -1 
vn 0 0 -1 
vn 1 -0.0551181 0 
vn 1 -0.0551181 0 
vn 1 -0.0551181 0 
vn 1 -0.0551181 0 
vn -0.0551181 -1 0 
vn -0.0551181 -1 0 
vn -0.0551181 -1 0 
vn -0.0551181 -1 0 
vn 0 0 1 
vn 0 0 1 
vn 0 0 1 
vn 0 0 1 

vt 0.045731 -2.75 
vt 0 -2.75 
vt 0.045731 -2.76362 
vt 0 -2.76362 
vt 0.540015 -2.75 
vt 0 -2.75 
vt 0.540015 -2.79573 
vt 0 -2.79573 
vt 0.540015 -2.75 
vt 0 -2.75 
vt 0.540015 -2.76362 
vt 0 -2.76362 
vt 0.045731 -2.75 
vt 0 -2.75 
vt 0.045731 -2.76362 
vt 0 -2.76362 
vt 0.540015 -2.75 
vt 0 -2.75 
vt 0.540015 -2.79573 
vt 0 -2.79573 
vt 0.540015 -2.75 
vt 0 -2.75 
vt 0.540015 -2.76362 
vt 0 -2.76362 

usemtl Part2Mtl

f 49/49/49 50/50/50 51/51/51 
f 51/51/51 50/50/50 52/52/52 
f 53/53/53 54/54/54 55/55/55 
f 55/55/55 54/54/54 56/56/56 
f 57/57/57 58/58/58 59/59/59 
f 59/59/59 58/58/58 60/60/60 
f 61/61/61 62/62/62 63/63/63 
f 63/63/63 62/62/62 64/64/64 
f 65/65/65 66/66/66 67/67/67 
f 67/67/67 66/66/66 68/68/68 
f 69/69/69 70/70/70 71/71/71 
f 71/71/71 70/70/70 72/72/72 

g Part4

v -32.6775 27.3042 -43.13 
v -32.6775 27.3043 -43.4959 
v -32.6833 27.1954 -43.1301 
v -32.6833 27.1955 -43.4959 
v -28.3634 27.0768 -43.4959 
v -32.6775 27.3043 -43.4959 
v -28.3634 27.0767 -43.13 
v -32.6775 27.3042 -43.13 
v -32.6775 27.3043 -43.4959 
v -28.3634 27.0768 -43.4959 
v -32.6833 27.1955 -43.4959 
v -28.3691 26.9679 -43.4959 
v -28.3634 27.0768 -43.4959 
v -28.3634 27.0767 -43.13 
v -28.3691 26.9679 -43.4959 
v -28.3691 26.9678 -43.1301 
v -28.3691 26.9678 -43.1301 
v -32.6833 27.1954 -43.1301 
v -28.3691 26.9679 -43.4959 
v -32.6833 27.1955 -43.4959 
v -28.3634 27.0767 -43.13 
v -32.6775 27.3042 -43.13 
v -28.3691 26.9678 -43.1301 
v -32.6833 27.1954 -43.1301 

vn -1 0.0551181 0 
vn -1 0.0551181 0 
vn -1 0.0551181 0 
vn -1 0.0551181 0 
vn 0.0551181 1 0 
vn 0.0551181 1 0 
vn 0.0551181 1 0 
vn 0.0551181 1 0 
vn 0 0 -1 
vn 0 0 -1 
vn 0 0 -1 
vn 0 0 -1 
vn 1 -0.0551181 0 
vn 1 -0.0551181 0 
vn 1 -0.0551181 0 
vn 1 -0.0551181 0 
vn -0.0551181 -1 0 
vn -0.0551181 -1 0 
vn -0.0551181 -1 0 
vn -0.0551181 -1 0 
vn 0 0 1 
vn 0 0 1 
vn 0 0 1 
vn 0 0 1 

vt 4.79573 -1 
vt 4.75 -1 
vt 4.79573 -1.01362 
vt 4.75 -1.01362 
vt 5.29001 -1 
vt 4.75 -1 
vt 5.29001 -1.04573 
vt 4.75 -1.04573 
vt 5.29001 -1 
vt 4.75 -1 
vt 5.29001 -1.01362 
vt 4.75 -1.01362 
vt 4.79573 -1 
vt 4.75 -1 
vt 4.79573 -1.01362 
vt 4.75 -1.01362 
vt 5.29001 -1 
vt 4.75 -1 
vt 5.29001 -1.04573 
vt 4.75 -1.04573 
vt 5.29001 -1 
vt 4.75 -1 
vt 5.29001 -1.01362 
vt 4.75 -1.01362 

usemtl Part4Mtl

f 73/73/73 74/74/74 75/75/75 
f 75/75/75 74/74/74 76/76/76 
f 77/77/77 78/78/78 79/79/79 
f 79/79/79 78/78/78 80/80/80 
f 81/81/81 82/82/82 83/83/83 
f 83/83/83 82/82/82 84/84/84 
f 85/85/85 86/86/86 87/87/87 
f 87/87/87 86/86/86 88/88/88 
f 89/89/89 90/90/90 91/91/91 
f 91/91/91 90/90/90 92/92/92 
f 93/93/93 94/94/94 95/95/95 
f 95/95/95 94/94/94 96/96/96 

g Part5

v -34.8892 29.3977 -42.3995 
v -34.8892 29.3978 -42.7654 
v -34.9636 29.318 -42.3995 
v -34.9636 29.3181 -42.7654 
v -32.6128 27.2735 -42.766 
v -34.8892 29.3978 -42.7654 
v -32.6128 27.2734 -42.4001 
v -34.8892 29.3977 -42.3995 
v -34.8892 29.3978 -42.7654 
v -32.6128 27.2735 -42.766 
v -34.9636 29.3181 -42.7654 
v -32.6872 27.1939 -42.766 
v -32.6128 27.2735 -42.766 
v -32.6128 27.2734 -42.4001 
v -32.6872 27.1939 -42.766 
v -32.6872 27.1937 -42.4002 
v -32.6872 27.1937 -42.4002 
v -34.9636 29.318 -42.3995 
v -32.6872 27.1939 -42.766 
v -34.9636 29.3181 -42.7654 
v -32.6128 27.2734 -42.4001 
v -34.8892 29.3977 -42.3995 
v -32.6872 27.1937 -42.4002 
v -34.9636 29.318 -42.3995 

vn -0.732283 0.685039 0 
vn -0.732283 0.685039 0 
vn -0.732283 0.685039 0 
vn -0.732283 0.685039 0 
vn 0.685039 0.732283 0 
vn 0.685039 0.732283 0 
vn 0.685039 0.732283 0 
vn 0.685039 0.732283 0 
vn 0 0 -1 
vn 0 0 -1 
vn 0 0 -1 
vn 0 0 -1 
vn 0.732283 -0.685039 0 
vn 0.732283 -0.685039 0 
vn 0.732283 -0.685039 0 
vn 0.732283 -0.685039 0 
vn -0.685039 -0.732283 0 
vn -0.685039 -0.732283 0 
vn -0.685039 -0.732283 0 
vn -0.685039 -0.732283 0 
vn 0 0 1 
vn 0 0 1 
vn 0 0 1 
vn 0 0 1 

vt 4.29573 -6 
vt 4.25 -6 
vt 4.29573 -6.01362 
vt 4.25 -6.01362 
vt 4.6392 -6 
vt 4.25 -6 
vt 4.6392 -6.04573 
vt 4.25 -6.04573 
vt 4.6392 -6 
vt 4.25 -6 
vt 4.6392 -6.01362 
vt 4.25 -6.01362 
vt 4.29573 -6 
vt 4.25 -6 
vt 4.29573 -6.01362 
vt 4.25 -6.01362 
vt 4.6392 -6 
vt 4.25 -6 
vt 4.6392 -6.04573 
vt 4.25 -6.04573 
vt 4.6392 -6 
vt 4.25 -6 
vt 4.6392 -6.01362 
vt 4.25 -6.01362 

usemtl Part4Mtl

f 97/97/97 98/98/98 99/99/99 
f 99/99/99 98/98/98 100/100/100 
f 101/101/101 102/102/102 103/103/103 
f 103/103/103 102/102/102 104/104/104 
f 105/105/105 106/106/106 107/107/107 
f 107/107/107 106/106/106 108/108/108 
f 109/109/109 110/110/110 111/111/111 
f 111/111/111 110/110/110 112/112/112 
f 113/113/113 114/114/114 115/115/115 
f 115/115/115 114/114/114 116/116/116 
f 117/117/117 118/118/118 119/119/119 
f 119/119/119 118/118/118 120/120/120 

g Part6

v -32.6775 27.3038 -41.6692 
v -32.6775 27.3039 -42.0351 
v -32.6833 27.195 -41.6693 
v -32.6833 27.1951 -42.0351 
v -28.3634 27.0763 -42.0351 
v -32.6775 27.3039 -42.0351 
v -28.3634 27.0762 -41.6692 
v -32.6775 27.3038 -41.6692 
v -32.6775 27.3039 -42.0351 
v -28.3634 27.0763 -42.0351 
v -32.6833 27.1951 -42.0351 
v -28.3691 26.9675 -42.0351 
v -28.3634 27.0763 -42.0351 
v -28.3634 27.0762 -41.6692 
v -28.3691 26.9675 -42.0351 
v -28.3691 26.9674 -41.6693 
v -28.3691 26.9674 -41.6693 
v -32.6833 27.195 -41.6693 
v -28.3691 26.9675 -42.0351 
v -32.6833 27.1951 -42.0351 
v -28.3634 27.0762 -41.6692 
v -32.6775 27.3038 -41.6692 
v -28.3691 26.9674 -41.6693 
v -32.6833 27.195 -41.6693 

vn -1 0.0551181 0 
vn -1 0.0551181 0 
vn -1 0.0551181 0 
vn -1 0.0551181 0 
vn 0.0551181 1 0 
vn 0.0551181 1 0 
vn 0.0551181 1 0 
vn 0.0551181 1 0 
vn 0 0 -1 
vn 0 0 -1 
vn 0 0 -1 
vn 0 0 -1 
vn 1 -0.0551181 0 
vn 1 -0.0551181 0 
vn 1 -0.0551181 0 
vn 1 -0.0551181 0 
vn -0.0551181 -1 0 
vn -0.0551181 -1 0 
vn -0.0551181 -1 0 
vn -0.0551181 -1 0 
vn 0 0 1 
vn 0 0 1 
vn 0 0 1 
vn 0 0 1 

vt 6.54573 -1 
vt 6.5 -1 
vt 6.54573 -1.01362 
vt 6.5 -1.01362 
vt 7.04001 -1 
vt 6.5 -1 
vt 7.04001 -1.04573 
vt 6.5 -1.04573 
vt 7.04001 -1 
vt 6.5 -1 
vt 7.04001 -1.01362 
vt 6.5 -1.01362 
vt 6.54573 -1 
vt 6.5 -1 
vt 6.54573 -1.01362 
vt 6.5 -1.01362 
vt 7.04001 -1 
vt 6.5 -1 
vt 7.04001 -1.04573 
vt 6.5 -1.04573 
vt 7.04001 -1 
vt 6.5 -1 
vt 7.04001 -1.01362 
vt 6.5 -1.01362 

usemtl Part4Mtl

f 121/121/121 122/122/122 123/123/123 
f 123/123/123 122/122/122 124/124/124 
f 125/125/125 126/126/126 127/127/127 
f 127/127/127 126/126/126 128/128/128 
f 129/129/129 130/130/130 131/131/131 
f 131/131/131 130/130/130 132/132/132 
f 133/133/133 134/134/134 135/135/135 
f 135/135/135 134/134/134 136/136/136 
f 137/137/137 138/138/138 139/139/139 
f 139/139/139 138/138/138 140/140/140 
f 141/141/141 142/142/142 143/143/143 
f 143/143/143 142/142/142 144/144/144 

g Part7

v -32.6745 27.3598 -40.7016 
v -32.6745 27.3599 -40.9375 
v -32.6866 27.1311 -40.7017 
v -32.6866 27.1312 -40.9375 
v -28.3005 27.1291 -40.9375 
v -32.6745 27.3599 -40.9375 
v -28.3005 27.1291 -40.7016 
v -32.6745 27.3598 -40.7016 
v -32.6745 27.3599 -40.9375 
v -28.3005 27.1291 -40.9375 
v -32.6866 27.1312 -40.9375 
v -28.3125 26.9005 -40.9375 
v -28.3005 27.1291 -40.9375 
v -28.3005 27.1291 -40.7016 
v -28.3125 26.9005 -40.9375 
v -28.3125 26.9004 -40.7017 
v -28.3125 26.9004 -40.7017 
v -32.6866 27.1311 -40.7017 
v -28.3125 26.9005 -40.9375 
v -32.6866 27.1312 -40.9375 
v -28.3005 27.1291 -40.7016 
v -32.6745 27.3598 -40.7016 
v -28.3125 26.9004 -40.7017 
v -32.6866 27.1311 -40.7017 

vn -1 0.0551181 0 
vn -1 0.0551181 0 
vn -1 0.0551181 0 
vn -1 0.0551181 0 
vn 0.0551181 1 0 
vn 0.0551181 1 0 
vn 0.0551181 1 0 
vn 0.0551181 1 0 
vn 0 0 -1 
vn 0 0 -1 
vn 0 0 -1 
vn 0 0 -1 
vn 1 -0.0551181 0 
vn 1 -0.0551181 0 
vn 1 -0.0551181 0 
vn 1 -0.0551181 0 
vn -0.0551181 -1 0 
vn -0.0551181 -1 0 
vn -0.0551181 -1 0 
vn -0.0551181 -1 0 
vn 0 0 1 
vn 0 0 1 
vn 0 0 1 
vn 0 0 1 

vt 0.240263 0.82286 
vt 0.210782 0.82286 
vt 0.240263 0.794238 
vt 0.210782 0.794238 
vt 0.758298 0.82286 
vt 0.210782 0.82286 
vt 0.758298 0.793379 
vt 0.210782 0.793379 
vt 0.758298 0.82286 
vt 0.210782 0.82286 
vt 0.758298 0.794238 
vt 0.210782 0.794238 
vt 0.240263 0.82286 
vt 0.210782 0.82286 
vt 0.240263 0.794238 
vt 0.210782 0.794238 
vt 0.758298 0.82286 
vt 0.210782 0.82286 
vt 0.758298 0.793379 
vt 0.210782 0.793379 
vt 0.758298 0.82286 
vt 0.210782 0.82286 
vt 0.758298 0.794238 
vt 0.210782 0.794238 

usemtl Part1Mtl

f 145/145/145 146/146/146 147/147/147 
f 147/147/147 146/146/146 148/148/148 
f 149/149/149 150/150/150 151/151/151 
f 151/151/151 150/150/150 152/152/152 
f 153/153/153 154/154/154 155/155/155 
f 155/155/155 154/154/154 156/156/156 
f 157/157/157 158/158/158 159/159/159 
f 159/159/159 158/158/158 160/160/160 
f 161/161/161 162/162/162 163/163/163 
f 163/163/163 162/162/162 164/164/164 
f 165/165/165 166/166/166 167/167/167 
f 167/167/167 166/166/166 168/168/168 

g Part8

v -34.9774 29.5903 -40.7009 
v -34.9774 29.5904 -40.9368 
v -35.1336 29.4229 -40.701 
v -35.1336 29.423 -40.9368 
v -32.528 27.3048 -40.9374 
v -34.9774 29.5904 -40.9368 
v -32.528 27.3047 -40.7016 
v -34.9774 29.5903 -40.7009 
v -34.9774 29.5904 -40.9368 
v -32.528 27.3048 -40.9374 
v -35.1336 29.423 -40.9368 
v -32.6842 27.1374 -40.9375 
v -32.528 27.3048 -40.9374 
v -32.528 27.3047 -40.7016 
v -32.6842 27.1374 -40.9375 
v -32.6842 27.1373 -40.7016 
v -32.6842 27.1373 -40.7016 
v -35.1336 29.4229 -40.701 
v -32.6842 27.1374 -40.9375 
v -35.1336 29.423 -40.9368 
v -32.528 27.3047 -40.7016 
v -34.9774 29.5903 -40.7009 
v -32.6842 27.1373 -40.7016 
v -35.1336 29.4229 -40.701 

vn -0.732283 0.685039 0 
vn -0.732283 0.685039 0 
vn -0.732283 0.685039 0 
vn -0.732283 0.685039 0 
vn 0.685039 0.732283 0 
vn 0.685039 0.732283 0 
vn 0.685039 0.732283 0 
vn 0.685039 0.732283 0 
vn 0 0 -1 
vn 0 0 -1 
vn 0 0 -1 
vn 0 0 -1 
vn 0.732283 -0.685039 0 
vn 0.732283 -0.685039 0 
vn 0.732283 -0.685039 0 
vn 0.732283 -0.685039 0 
vn -0.685039 -0.732283 0 
vn -0.685039 -0.732283 0 
vn -0.685039 -0.732283 0 
vn -0.685039 -0.732283 0 
vn 0 0 1 
vn 0 0 1 
vn 0 0 1 
vn 0 0 1 

vt 0.12763 0.975669 
vt 0.0981494 0.975669 
vt 0.12763 0.947047 
vt 0.0981494 0.947047 
vt 0.516914 0.975669 
vt 0.0981494 0.975669 
vt 0.516914 0.946188 
vt 0.0981494 0.946188 
vt 0.516914 0.975669 
vt 0.0981494 0.975669 
vt 0.516914 0.947047 
vt 0.0981494 0.947047 
vt 0.12763 0.975669 
vt 0.0981494 0.975669 
vt 0.12763 0.947047 
vt 0.0981494 0.947047 
vt 0.516914 0.975669 
vt 0.0981494 0.975669 
vt 0.516914 0.946188 
vt 0.0981494 0.946188 
vt 0.516914 0.975669 
vt 0.0981494 0.975669 
vt 0.516914 0.947047 
vt 0.0981494 0.947047 

usemtl Part1Mtl

f 169/169/169 170/170/170 171/171/171 
f 171/171/171 170/170/170 172/172/172 
f 173/173/173 174/174/174 175/175/175 
f 175/175/175 174/174/174 176/176/176 
f 177/177/177 178/178/178 179/179/179 
f 179/179/179 178/178/178 180/180/180 
f 181/181/181 182/182/182 183/183/183 
f 183/183/183 182/182/182 184/184/184 
f 185/185/185 186/186/186 187/187/187 
f 187/187/187 186/186/186 188/188/188 
f 189/189/189 190/190/190 191/191/191 
f 191/191/191 190/190/190 192/192/192 

g Part9

v -34.8892 29.3976 -42.0342 
v -34.8892 29.3977 -42.4 
v -34.9636 29.3179 -42.0342 
v -34.9636 29.318 -42.4 
v -32.6128 27.2734 -42.4006 
v -34.8892 29.3977 -42.4 
v -32.6128 27.2733 -42.0348 
v -34.8892 29.3976 -42.0342 
v -34.8892 29.3977 -42.4 
v -32.6128 27.2734 -42.4006 
v -34.9636 29.318 -42.4 
v -32.6872 27.1937 -42.4007 
v -32.6128 27.2734 -42.4006 
v -32.6128 27.2733 -42.0348 
v -32.6872 27.1937 -42.4007 
v -32.6872 27.1936 -42.0348 
v -32.6872 27.1936 -42.0348 
v -34.9636 29.3179 -42.0342 
v -32.6872 27.1937 -42.4007 
v -34.9636 29.318 -42.4 
v -32.6128 27.2733 -42.0348 
v -34.8892 29.3976 -42.0342 
v -32.6872 27.1936 -42.0348 
v -34.9636 29.3179 -42.0342 

vn -0.732283 0.685039 0 
vn -0.732283 0.685039 0 
vn -0.732283 0.685039 0 
vn -0.732283 0.685039 0 
vn 0.685039 0.732283 0 
vn 0.685039 0.732283 0 
vn 0.685039 0.732283 0 
vn 0.685039 0.732283 0 
vn 0 0 -1 
vn 0 0 -1 
vn 0 0 -1 
vn 0 0 -1 
vn 0.732283 -0.685039 0 
vn 0.732283 -0.685039 0 
vn 0.732283 -0.685039 0 
vn 0.732283 -0.685039 0 
vn -0.685039 -0.732283 0 
vn -0.685039 -0.732283 0 
vn -0.685039 -0.732283 0 
vn -0.685039 -0.732283 0 
vn 0 0 1 
vn 0 0 1 
vn 0 0 1 
vn 0 0 1 

vt 6.29573 0.25 
vt 6.25 0.25 
vt 6.29573 0.236378 
vt 6.25 0.236378 
vt 6.6392 0.25 
vt 6.25 0.25 
vt 6.6392 0.204269 
vt 6.25 0.204269 
vt 6.6392 0.25 
vt 6.25 0.25 
vt 6.6392 0.236378 
vt 6.25 0.236378 
vt 6.29573 0.25 
vt 6.25 0.25 
vt 6.29573 0.236378 
vt 6.25 0.236378 
vt 6.6392 0.25 
vt 6.25 0.25 
vt 6.6392 0.204269 
vt 6.25 0.204269 
vt 6.6392 0.25 
vt 6.25 0.25 
vt 6.6392 0.236378 
vt 6.25 0.236378 

usemtl Part2Mtl

f 193/193/193 194/194/194 195/195/195 
f 195/195/195 194/194/194 196/196/196 
f 197/197/197 198/198/198 199/199/199 
f 199/199/199 198/198/198 200/200/200 
f 201/201/201 202/202/202 203/203/203 
f 203/203/203 202/202/202 204/204/204 
f 205/205/205 206/206/206 207/207/207 
f 207/207/207 206/206/206 208/208/208 
f 209/209/209 210/210/210 211/211/211 
f 211/211/211 210/210/210 212/212/212 
f 213/213/213 214/214/214 215/215/215 
f 215/215/215 214/214/214 216/216/216 

g Part10

v -34.8892 29.3975 -41.6688 
v -34.8892 29.3976 -42.0347 
v -34.9636 29.3178 -41.6688 
v -34.9636 29.3179 -42.0347 
v -32.6128 27.2733 -42.0353 
v -34.8892 29.3976 -42.0347 
v -32.6128 27.2732 -41.6694 
v -34.8892 29.3975 -41.6688 
v -34.8892 29.3976 -42.0347 
v -32.6128 27.2733 -42.0353 
v -34.9636 29.3179 -42.0347 
v -32.6872 27.1936 -42.0353 
v -32.6128 27.2733 -42.0353 
v -32.6128 27.2732 -41.6694 
v -32.6872 27.1936 -42.0353 
v -32.6872 27.1935 -41.6694 
v -32.6872 27.1935 -41.6694 
v -34.9636 29.3178 -41.6688 
v -32.6872 27.1936 -42.0353 
v -34.9636 29.3179 -42.0347 
v -32.6128 27.2732 -41.6694 
v -34.8892 29.3975 -41.6688 
v -32.6872 27.1935 -41.6694 
v -34.9636 29.3178 -41.6688 

vn -0.732283 0.685039 0 
vn -0.732283 0.685039 0 
vn -0.732283 0.685039 0 
vn -0.732283 0.685039 0 
vn 0.685039 0.732283 0 
vn 0.685039 0.732283 0 
vn 0.685039 0.732283 0 
vn 0.685039 0.732283 0 
vn 0 0 -1 
vn 0 0 -1 
vn 0 0 -1 
vn 0 0 -1 
vn 0.732283 -0.685039 0 
vn 0.732283 -0.685039 0 
vn 0.732283 -0.685039 0 
vn 0.732283 -0.685039 0 
vn -0.685039 -0.732283 0 
vn -0.685039 -0.732283 0 
vn -0.685039 -0.732283 0 
vn -0.685039 -0.732283 0 
vn 0 0 1 
vn 0 0 1 
vn 0 0 1 
vn 0 0 1 

vt 3.29573 -0.75 
vt 3.25 -0.75 
vt 3.29573 -0.763622 
vt 3.25 -0.763622 
vt 3.6392 -0.75 
vt 3.25 -0.75 
vt 3.6392 -0.795731 
vt 3.25 -0.795731 
vt 3.6392 -0.75 
vt 3.25 -0.75 
vt 3.6392 -0.763622 
vt 3.25 -0.763622 
vt 3.29573 -0.75 
vt 3.25 -0.75 
vt 3.29573 -0.763622 
vt 3.25 -0.763622 
vt 3.6392 -0.75 
vt 3.25 -0.75 
vt 3.6392 -0.795731 
vt 3.25 -0.795731 
vt 3.6392 -0.75 
vt 3.25 -0.75 
vt 3.6392 -0.763622 
vt 3.25 -0.763622 

usemtl Part4Mtl

f 217/217/217 218/218/218 219/219/219 
f 219/219/219 218/218/218 220/220/220 
f 221/221/221 222/222/222 223/223/223 
f 223/223/223 222/222/222 224/224/224 
f 225/225/225 226/226/226 227/227/227 
f 227/227/227 226/226/226 228/228/228 
f 229/229/229 230/230/230 231/231/231 
f 231/231/231 230/230/230 232/232/232 
f 233/233/233 234/234/234 235/235/235 
f 235/235/235 234/234/234 236/236/236 
f 237/237/237 238/238/238 239/239/239 
f 239/239/239 238/238/238 240/240/240 

g Part11

v -34.8892 29.3978 -42.7649 
v -34.8892 29.3979 -43.1307 
v -34.9636 29.3181 -42.7649 
v -34.9636 29.3182 -43.1307 
v -32.6128 27.2737 -43.1313 
v -34.8892 29.3979 -43.1307 
v -32.6128 27.2735 -42.7655 
v -34.8892 29.3978 -42.7649 
v -34.8892 29.3979 -43.1307 
v -32.6128 27.2737 -43.1313 
v -34.9636 29.3182 -43.1307 
v -32.6872 27.194 -43.1314 
v -32.6128 27.2737 -43.1313 
v -32.6128 27.2735 -42.7655 
v -32.6872 27.194 -43.1314 
v -32.6872 27.1939 -42.7655 
v -32.6872 27.1939 -42.7655 
v -34.9636 29.3181 -42.7649 
v -32.6872 27.194 -43.1314 
v -34.9636 29.3182 -43.1307 
v -32.6128 27.2735 -42.7655 
v -34.8892 29.3978 -42.7649 
v -32.6872 27.1939 -42.7655 
v -34.9636 29.3181 -42.7649 

vn -0.732283 0.685039 0 
vn -0.732283 0.685039 0 
vn -0.732283 0.685039 0 
vn -0.732283 0.685039 0 
vn 0.685039 0.732283 0 
vn 0.685039 0.732283 0 
vn 0.685039 0.732283 0 
vn 0.685039 0.732283 0 
vn 0 0 -1 
vn 0 0 -1 
vn 0 0 -1 
vn 0 0 -1 
vn 0.732283 -0.685039 0 
vn 0.732283 -0.685039 0 
vn 0.732283 -0.685039 0 
vn 0.732283 -0.685039 0 
vn -0.685039 -0.732283 0 
vn -0.685039 -0.732283 0 
vn -0.685039 -0.732283 0 
vn -0.685039 -0.732283 0 
vn 0 0 1 
vn 0 0 1 
vn 0 0 1 
vn 0 0 1 

vt 4.04573 -1.5 
vt 4 -1.5 
vt 4.04573 -1.51362 
vt 4 -1.51362 
vt 4.3892 -1.5 
vt 4 -1.5 
vt 4.3892 -1.54573 
vt 4 -1.54573 
vt 4.3892 -1.5 
vt 4 -1.5 
vt 4.3892 -1.51362 
vt 4 -1.51362 
vt 4.04573 -1.5 
vt 4 -1.5 
vt 4.04573 -1.51362 
vt 4 -1.51362 
vt 4.3892 -1.5 
vt 4 -1.5 
vt 4.3892 -1.54573 
vt 4 -1.54573 
vt 4.3892 -1.5 
vt 4 -1.5 
vt 4.3892 -1.51362 
vt 4 -1.51362 

usemtl Part2Mtl

f 241/241/241 242/242/242 243/243/243 
f 243/243/243 242/242/242 244/244/244 
f 245/245/245 246/246/246 247/247/247 
f 247/247/247 246/246/246 248/248/248 
f 249/249/249 250/250/250 251/251/251 
f 251/251/251 250/250/250 252/252/252 
f 253/253/253 254/254/254 255/255/255 
f 255/255/255 254/254/254 256/256/256 
f 257/257/257 258/258/258 259/259/259 
f 259/259/259 258/258/258 260/260/260 
f 261/261/261 262/262/262 263/263/263 
f 263/263/263 262/262/262 264/264/264 

g Part12

v -32.6745 27.3607 -43.4961 
v -32.6745 27.3607 -43.7319 
v -32.6866 27.132 -43.4961 
v -32.6866 27.1321 -43.732 
v -28.3005 27.13 -43.7319 
v -32.6745 27.3607 -43.7319 
v -28.3005 27.1299 -43.4961 
v -32.6745 27.3607 -43.4961 
v -32.6745 27.3607 -43.7319 
v -28.3005 27.13 -43.7319 
v -32.6866 27.1321 -43.732 
v -28.3125 26.9013 -43.732 
v -28.3005 27.13 -43.7319 
v -28.3005 27.1299 -43.4961 
v -28.3125 26.9013 -43.732 
v -28.3125 26.9013 -43.4961 
v -28.3125 26.9013 -43.4961 
v -32.6866 27.132 -43.4961 
v -28.3125 26.9013 -43.732 
v -32.6866 27.1321 -43.732 
v -28.3005 27.1299 -43.4961 
v -32.6745 27.3607 -43.4961 
v -28.3125 26.9013 -43.4961 
v -32.6866 27.132 -43.4961 

vn -1 0.0551181 0 
vn -1 0.0551181 0 
vn -1 0.0551181 0 
vn -1 0.0551181 0 
vn 0.0551181 1 0 
vn 0.0551181 1 0 
vn 0.0551181 1 0 
vn 0.0551181 1 0 
vn 0 0 -1 
vn 0 0 -1 
vn 0 0 -1 
vn 0 0 -1 
vn 1 -0.0551181 0 
vn 1 -0.0551181 0 
vn 1 -0.0551181 0 
vn 1 -0.0551181 0 
vn -0.0551181 -1 0 
vn -0.0551181 -1 0 
vn -0.0551181 -1 0 
vn -0.0551181 -1 0 
vn 0 0 1 
vn 0 0 1 
vn 0 0 1 
vn 0 0 1 

vt 0.23971 1.16629 
vt 0.210229 1.16629 
vt 0.23971 1.13766 
vt 0.210229 1.13766 
vt 0.757744 1.16629 
vt 0.210229 1.16629 
vt 0.757744 1.13681 
vt 0.210229 1.13681 
vt 0.757744 1.16629 
vt 0.210229 1.16629 
vt 0.757744 1.13766 
vt 0.210229 1.13766 
vt 0.23971 1.16629 
vt 0.210229 1.16629 
vt 0.23971 1.13766 
vt 0.210229 1.13766 
vt 0.757744 1.16629 
vt 0.210229 1.16629 
vt 0.757744 1.13681 
vt 0.210229 1.13681 
vt 0.757744 1.16629 
vt 0.210229 1.16629 
vt 0.757744 1.13766 
vt 0.210229 1.13766 

usemtl Part1Mtl

f 265/265/265 266/266/266 267/267/267 
f 267/267/267 266/266/266 268/268/268 
f 269/269/269 270/270/270 271/271/271 
f 271/271/271 270/270/270 272/272/272 
f 273/273/273 274/274/274 275/275/275 
f 275/275/275 274/274/274 276/276/276 
f 277/277/277 278/278/278 279/279/279 
f 279/279/279 278/278/278 280/280/280 
f 281/281/281 282/282/282 283/283/283 
f 283/283/283 282/282/282 284/284/284 
f 285/285/285 286/286/286 287/287/287 
f 287/287/287 286/286/286 288/288/288 

g Part13

v -32.6775 27.3035 -40.9389 
v -32.6775 27.3037 -41.3047 
v -32.6833 27.1947 -40.9389 
v -32.6833 27.1948 -41.3048 
v -28.3634 27.0761 -41.3047 
v -32.6775 27.3037 -41.3047 
v -28.3634 27.076 -40.9389 
v -32.6775 27.3035 -40.9389 
v -32.6775 27.3037 -41.3047 
v -28.3634 27.0761 -41.3047 
v -32.6833 27.1948 -41.3048 
v -28.3691 26.9673 -41.3048 
v -28.3634 27.0761 -41.3047 
v -28.3634 27.076 -40.9389 
v -28.3691 26.9673 -41.3048 
v -28.3691 26.9672 -40.9389 
v -28.3691 26.9672 -40.9389 
v -32.6833 27.1947 -40.9389 
v -28.3691 26.9673 -41.3048 
v -32.6833 27.1948 -41.3048 
v -28.3634 27.076 -40.9389 
v -32.6775 27.3035 -40.9389 
v -28.3691 26.9672 -40.9389 
v -32.6833 27.1947 -40.9389 

vn -1 0.0551181 0 
vn -1 0.0551181 0 
vn -1 0.0551181 0 
vn -1 0.0551181 0 
vn 0.0551181 1 0 
vn 0.0551181 1 0 
vn 0.0551181 1 0 
vn 0.0551181 1 0 
vn 0 0 -1 
vn 0 0 -1 
vn 0 0 -1 
vn 0 0 -1 
vn 1 -0.0551181 0 
vn 1 -0.0551181 0 
vn 1 -0.0551181 0 
vn 1 -0.0551181 0 
vn -0.0551181 -1 0 
vn -0.0551181 -1 0 
vn -0.0551181 -1 0 
vn -0.0551181 -1 0 
vn 0 0 1 
vn 0 0 1 
vn 0 0 1 
vn 0 0 1 

vt 1.29573 -0.5 
vt 1.25 -0.5 
vt 1.29573 -0.513622 
vt 1.25 -0.513622 
vt 1.79001 -0.5 
vt 1.25 -0.5 
vt 1.79001 -0.545731 
vt 1.25 -0.545731 
vt 1.79001 -0.5 
vt 1.25 -0.5 
vt 1.79001 -0.513622 
vt 1.25 -0.513622 
vt 1.29573 -0.5 
vt 1.25 -0.5 
vt 1.29573 -0.513622 
vt 1.25 -0.513622 
vt 1.79001 -0.5 
vt 1.25 -0.5 
vt 1.79001 -0.545731 
vt 1.25 -0.545731 
vt 1.79001 -0.5 
vt 1.25 -0.5 
vt 1.79001 -0.513622 
vt 1.25 -0.513622 

usemtl Part4Mtl

f 289/289/289 290/290/290 291/291/291 
f 291/291/291 290/290/290 292/292/292 
f 293/293/293 294/294/294 295/295/295 
f 295/295/295 294/294/294 296/296/296 
f 297/297/297 298/298/298 299/299/299 
f 299/299/299 298/298/298 300/300/300 
f 301/301/301 302/302/302 303/303/303 
f 303/303/303 302/302/302 304/304/304 
f 305/305/305 306/306/306 307/307/307 
f 307/307/307 306/306/306 308/308/308 
f 309/309/309 310/310/310 311/311/311 
f 311/311/311 310/310/310 312/312/312 

g Part14

v -34.9774 29.5912 -43.4954 
v -34.9774 29.5913 -43.7312 
v -35.1336 29.4238 -43.4954 
v -35.1336 29.4239 -43.7313 
v -32.528 27.3056 -43.7319 
v -34.9774 29.5913 -43.7312 
v -32.528 27.3056 -43.496 
v -34.9774 29.5912 -43.4954 
v -34.9774 29.5913 -43.7312 
v -32.528 27.3056 -43.7319 
v -35.1336 29.4239 -43.7313 
v -32.6842 27.1382 -43.7319 
v -32.528 27.3056 -43.7319 
v -32.528 27.3056 -43.496 
v -32.6842 27.1382 -43.7319 
v -32.6842 27.1382 -43.4961 
v -32.6842 27.1382 -43.4961 
v -35.1336 29.4238 -43.4954 
v -32.6842 27.1382 -43.7319 
v -35.1336 29.4239 -43.7313 
v -32.528 27.3056 -43.496 
v -34.9774 29.5912 -43.4954 
v -32.6842 27.1382 -43.4961 
v -35.1336 29.4238 -43.4954 

vn -0.732283 0.685039 0 
vn -0.732283 0.685039 0 
vn -0.732283 0.685039 0 
vn -0.732283 0.685039 0 
vn 0.685039 0.732283 0 
vn 0.685039 0.732283 0 
vn 0.685039 0.732283 0 
vn 0.685039 0.732283 0 
vn 0 0 -1 
vn 0 0 -1 
vn 0 0 -1 
vn 0 0 -1 
vn 0.732283 -0.685039 0 
vn 0.732283 -0.685039 0 
vn 0.732283 -0.685039 0 
vn 0.732283 -0.685039 0 
vn -0.685039 -0.732283 0 
vn -0.685039 -0.732283 0 
vn -0.685039 -0.732283 0 
vn -0.685039 -0.732283 0 
vn 0 0 1 
vn 0 0 1 
vn 0 0 1 
vn 0 0 1 

vt -0.157284 0.975669 
vt -0.186765 0.975669 
vt -0.157284 0.947047 
vt -0.186765 0.947047 
vt 0.232 0.975669 
vt -0.186765 0.975669 
vt 0.232 0.946188 
vt -0.186765 0.946188 
vt 0.232 0.975669 
vt -0.186765 0.975669 
vt 0.232 0.947047 
vt -0.186765 0.947047 
vt -0.157284 0.975669 
vt -0.186765 0.975669 
vt -0.157284 0.947047 
vt -0.186765 0.947047 
vt 0.232 0.975669 
vt -0.186765 0.975669 
vt 0.232 0.946188 
vt -0.186765 0.946188 
vt 0.232 0.975669 
vt -0.186765 0.975669 
vt 0.232 0.947047 
vt -0.186765 0.947047 

usemtl Part1Mtl

f 313/313/313 314/314/314 315/315/315 
f 315/315/315 314/314/314 316/316/316 
f 317/317/317 318/318/318 319/319/319 
f 319/319/319 318/318/318 320/320/320 
f 321/321/321 322/322/322 323/323/323 
f 323/323/323 322/322/322 324/324/324 
f 325/325/325 326/326/326 327/327/327 
f 327/327/327 326/326/326 328/328/328 
f 329/329/329 330/330/330 331/331/331 
f 331/331/331 330/330/330 332/332/332 
f 333/333/333 334/334/334 335/335/335 
f 335/335/335 334/334/334 336/336/336 

g Part15

v -34.8892 29.3979 -43.1302 
v -34.8892 29.398 -43.4961 
v -34.9636 29.3182 -43.1303 
v -34.9636 29.3183 -43.4961 
v -32.6128 27.2738 -43.4967 
v -34.8892 29.398 -43.4961 
v -32.6128 27.2736 -43.1308 
v -34.8892 29.3979 -43.1302 
v -34.8892 29.398 -43.4961 
v -32.6128 27.2738 -43.4967 
v -34.9636 29.3183 -43.4961 
v -32.6872 27.1941 -43.4967 
v -32.6128 27.2738 -43.4967 
v -32.6128 27.2736 -43.1308 
v -32.6872 27.1941 -43.4967 
v -32.6872 27.194 -43.1309 
v -32.6872 27.194 -43.1309 
v -34.9636 29.3182 -43.1303 
v -32.6872 27.1941 -43.4967 
v -34.9636 29.3183 -43.4961 
v -32.6128 27.2736 -43.1308 
v -34.8892 29.3979 -43.1302 
v -32.6872 27.194 -43.1309 
v -34.9636 29.3182 -43.1303 

vn -0.732283 0.685039 0 
vn -0.732283 0.685039 0 
vn -0.732283 0.685039 0 
vn -0.732283 0.685039 0 
vn 0.685039 0.732283 0 
vn 0.685039 0.732283 0 
vn 0.685039 0.732283 0 
vn 0.685039 0.732283 0 
vn 0 0 -1 
vn 0 0 -1 
vn 0 0 -1 
vn 0 0 -1 
vn 0.732283 -0.685039 0 
vn 0.732283 -0.685039 0 
vn 0.732283 -0.685039 0 
vn 0.732283 -0.685039 0 
vn -0.685039 -0.732283 0 
vn -0.685039 -0.732283 0 
vn -0.685039 -0.732283 0 
vn -0.685039 -0.732283 0 
vn 0 0 1 
vn 0 0 1 
vn 0 0 1 
vn 0 0 1 

vt 2.29573 0.25 
vt 2.25 0.25 
vt 2.29573 0.236378 
vt 2.25 0.236378 
vt 2.6392 0.25 
vt 2.25 0.25 
vt 2.6392 0.204269 
vt 2.25 0.204269 
vt 2.6392 0.25 
vt 2.25 0.25 
vt 2.6392 0.236378 
vt 2.25 0.236378 
vt 2.29573 0.25 
vt 2.25 0.25 
vt 2.29573 0.236378 
vt 2.25 0.236378 
vt 2.6392 0.25 
vt 2.25 0.25 
vt 2.6392 0.204269 
vt 2.25 0.204269 
vt 2.6392 0.25 
vt 2.25 0.25 
vt 2.6392 0.236378 
vt 2.25 0.236378 

usemtl Part4Mtl

f 337/337/337 338/338/338 339/339/339 
f 339/339/339 338/338/338 340/340/340 
f 341/341/341 342/342/342 343/343/343 
f 343/343/343 342/342/342 344/344/344 
f 345/345/345 346/346/346 347/347/347 
f 347/347/347 346/346/346 348/348/348 
f 349/349/349 350/350/350 351/351/351 
f 351/351/351 350/350/350 352/352/352 
f 353/353/353 354/354/354 355/355/355 
f 355/355/355 354/354/354 356/356/356 
f 357/357/357 358/358/358 359/359/359 
f 359/359/359 358/358/358 360/360/360 

g Part16

v -32.6775 27.304 -42.3997 
v -32.6775 27.3041 -42.7655 
v -32.6833 27.1952 -42.3997 
v -32.6833 27.1953 -42.7656 
v -28.3634 27.0765 -42.7655 
v -32.6775 27.3041 -42.7655 
v -28.3634 27.0764 -42.3997 
v -32.6775 27.304 -42.3997 
v -32.6775 27.3041 -42.7655 
v -28.3634 27.0765 -42.7655 
v -32.6833 27.1953 -42.7656 
v -28.3691 26.9677 -42.7656 
v -28.3634 27.0765 -42.7655 
v -28.3634 27.0764 -42.3997 
v -28.3691 26.9677 -42.7656 
v -28.3691 26.9676 -42.3997 
v -28.3691 26.9676 -42.3997 
v -32.6833 27.1952 -42.3997 
v -28.3691 26.9677 -42.7656 
v -32.6833 27.1953 -42.7656 
v -28.3634 27.0764 -42.3997 
v -32.6775 27.304 -42.3997 
v -28.3691 26.9676 -42.3997 
v -32.6833 27.1952 -42.3997 

vn -1 0.0551181 0 
vn -1 0.0551181 0 
vn -1 0.0551181 0 
vn -1 0.0551181 0 
vn 0.0551181 1 0 
vn 0.0551181 1 0 
vn 0.0551181 1 0 
vn 0.0551181 1 0 
vn 0 0 -1 
vn 0 0 -1 
vn 0 0 -1 
vn 0 0 -1 
vn 1 -0.0551181 0 
vn 1 -0.0551181 0 
vn 1 -0.0551181 0 
vn 1 -0.0551181 0 
vn -0.0551181 -1 0 
vn -0.0551181 -1 0 
vn -0.0551181 -1 0 
vn -0.0551181 -1 0 
vn 0 0 1 
vn 0 0 1 
vn 0 0 1 
vn 0 0 1 

vt 0.045731 -5 
vt 0 -5 
vt 0.045731 -5.01362 
vt 0 -5.01362 
vt 0.540015 -5 
vt 0 -5 
vt 0.540015 -5.04573 
vt 0 -5.04573 
vt 0.540015 -5 
vt 0 -5 
vt 0.540015 -5.01362 
vt 0 -5.01362 
vt 0.045731 -5 
vt 0 -5 
vt 0.045731 -5.01362 
vt 0 -5.01362 
vt 0.540015 -5 
vt 0 -5 
vt 0.540015 -5.04573 
vt 0 -5.04573 
vt 0.540015 -5 
vt 0 -5 
vt 0.540015 -5.01362 
vt 0 -5.01362 

usemtl Part4Mtl

f 361/361/361 362/362/362 363/363/363 
f 363/363/363 362/362/362 364/364/364 
f 365/365/365 366/366/366 367/367/367 
f 367/367/367 366/366/366 368/368/368 
f 369/369/369 370/370/370 371/371/371 
f 371/371/371 370/370/370 372/372/372 
f 373/373/373 374/374/374 375/375/375 
f 375/375/375 374/374/374 376/376/376 
f 377/377/377 378/378/378 379/379/379 
f 379/379/379 378/378/378 380/380/380 
f 381/381/381 382/382/382 383/383/383 
f 383/383/383 382/382/382 384/384/384 

g Part17

v -32.6775 27.3039 -42.0345 
v -32.6775 27.304 -42.4003 
v -32.6833 27.1951 -42.0345 
v -32.6833 27.1952 -42.4003 
v -28.3634 27.0764 -42.4003 
v -32.6775 27.304 -42.4003 
v -28.3634 27.0763 -42.0345 
v -32.6775 27.3039 -42.0345 
v -32.6775 27.304 -42.4003 
v -28.3634 27.0764 -42.4003 
v -32.6833 27.1952 -42.4003 
v -28.3691 26.9676 -42.4003 
v -28.3634 27.0764 -42.4003 
v -28.3634 27.0763 -42.0345 
v -28.3691 26.9676 -42.4003 
v -28.3691 26.9675 -42.0345 
v -28.3691 26.9675 -42.0345 
v -32.6833 27.1951 -42.0345 
v -28.3691 26.9676 -42.4003 
v -32.6833 27.1952 -42.4003 
v -28.3634 27.0763 -42.0345 
v -32.6775 27.3039 -42.0345 
v -28.3691 26.9675 -42.0345 
v -32.6833 27.1951 -42.0345 

vn -1 0.0551181 0 
vn -1 0.0551181 0 
vn -1 0.0551181 0 
vn -1 0.0551181 0 
vn 0.0551181 1 0 
vn 0.0551181 1 0 
vn 0.0551181 1 0 
vn 0.0551181 1 0 
vn 0 0 -1 
vn 0 0 -1 
vn 0 0 -1 
vn 0 0 -1 
vn 1 -0.0551181 0 
vn 1 -0.0551181 0 
vn 1 -0.0551181 0 
vn 1 -0.0551181 0 
vn -0.0551181 -1 0 
vn -0.0551181 -1 0 
vn -0.0551181 -1 0 
vn -0.0551181 -1 0 
vn 0 0 1 
vn 0 0 1 
vn 0 0 1 
vn 0 0 1 

vt 5.54573 -2.5 
vt 5.5 -2.5 
vt 5.54573 -2.51362 
vt 5.5 -2.51362 
vt 6.04001 -2.5 
vt 5.5 -2.5 
vt 6.04001 -2.54573 
vt 5.5 -2.54573 
vt 6.04001 -2.5 
vt 5.5 -2.5 
vt 6.04001 -2.51362 
vt 5.5 -2.51362 
vt 5.54573 -2.5 
vt 5.5 -2.5 
vt 5.54573 -2.51362 
vt 5.5 -2.51362 
vt 6.04001 -2.5 
vt 5.5 -2.5 
vt 6.04001 -2.54573 
vt 5.5 -2.54573 
vt 6.04001 -2.5 
vt 5.5 -2.5 
vt 6.04001 -2.51362 
vt 5.5 -2.51362 

usemtl Part2Mtl

f 385/385/385 386/386/386 387/387/387 
f 387/387/387 386/386/386 388/388/388 
f 389/389/389 390/390/390 391/391/391 
f 391/391/391 390/390/390 392/392/392 
f 393/393/393 394/394/394 395/395/395 
f 395/395/395 394/394/394 396/396/396 
f 397/397/397 398/398/398 399/399/399 
f 399/399/399 398/398/398 400/400/400 
f 401/401/401 402/402/402 403/403/403 
f 403/403/403 402/402/402 404/404/404 
f 405/405/405 406/406/406 407/407/407 
f 407/407/407 406/406/406 408/408/408 

g Part18

v -34.8892 29.3973 -41.3037 
v -34.8892 29.3974 -41.6695 
v -34.9636 29.3177 -41.3037 
v -34.9636 29.3178 -41.6696 
v -32.6128 27.2732 -41.6702 
v -34.8892 29.3974 -41.6695 
v -32.6128 27.2731 -41.3043 
v -34.8892 29.3973 -41.3037 
v -34.8892 29.3974 -41.6695 
v -32.6128 27.2732 -41.6702 
v -34.9636 29.3178 -41.6696 
v -32.6872 27.1935 -41.6702 
v -32.6128 27.2732 -41.6702 
v -32.6128 27.2731 -41.3043 
v -32.6872 27.1935 -41.6702 
v -32.6872 27.1934 -41.3043 
v -32.6872 27.1934 -41.3043 
v -34.9636 29.3177 -41.3037 
v -32.6872 27.1935 -41.6702 
v -34.9636 29.3178 -41.6696 
v -32.6128 27.2731 -41.3043 
v -34.8892 29.3973 -41.3037 
v -32.6872 27.1934 -41.3043 
v -34.9636 29.3177 -41.3037 

vn -0.732283 0.685039 0 
vn -0.732283 0.685039 0 
vn -0.732283 0.685039 0 
vn -0.732283 0.685039 0 
vn 0.685039 0.732283 0 
vn 0.685039 0.732283 0 
vn 0.685039 0.732283 0 
vn 0.685039 0.732283 0 
vn 0 0 -1 
vn 0 0 -1 
vn 0 0 -1 
vn 0 0 -1 
vn 0.732283 -0.685039 0 
vn 0.732283 -0.685039 0 
vn 0.732283 -0.685039 0 
vn 0.732283 -0.685039 0 
vn -0.685039 -0.732283 0 
vn -0.685039 -0.732283 0 
vn -0.685039 -0.732283 0 
vn -0.685039 -0.732283 0 
vn 0 0 1 
vn 0 0 1 
vn 0 0 1 
vn 0 0 1 

vt 6.79573 -1 
vt 6.75 -1 
vt 6.79573 -1.01362 
vt 6.75 -1.01362 
vt 7.1392 -1 
vt 6.75 -1 
vt 7.1392 -1.04573 
vt 6.75 -1.04573 
vt 7.1392 -1 
vt 6.75 -1 
vt 7.1392 -1.01362 
vt 6.75 -1.01362 
vt 6.79573 -1 
vt 6.75 -1 
vt 6.79573 -1.01362 
vt 6.75 -1.01362 
vt 7.1392 -1 
vt 6.75 -1 
vt 7.1392 -1.04573 
vt 6.75 -1.04573 
vt 7.1392 -1 
vt 6.75 -1 
vt 7.1392 -1.01362 
vt 6.75 -1.01362 

usemtl Part2Mtl

f 409/409/409 410/410/410 411/411/411 
f 411/411/411 410/410/410 412/412/412 
f 413/413/413 414/414/414 415/415/415 
f 415/415/415 414/414/414 416/416/416 
f 417/417/417 418/418/418 419/419/419 
f 419/419/419 418/418/418 420/420/420 
f 421/421/421 422/422/422 423/423/423 
f 423/423/423 422/422/422 424/424/424 
f 425/425/425 426/426/426 427/427/427 
f 427/427/427 426/426/426 428/428/428 
f 429/429/429 430/430/430 431/431/431 
f 431/431/431 430/430/430 432/432/432 

g Part19

v -34.8894 29.3972 -40.9382 
v -34.8894 29.3973 -41.3041 
v -34.9637 29.3176 -40.9382 
v -34.9637 29.3177 -41.3041 
v -32.6129 27.2731 -41.3047 
v -34.8894 29.3973 -41.3041 
v -32.6129 27.273 -40.9388 
v -34.8894 29.3972 -40.9382 
v -34.8894 29.3973 -41.3041 
v -32.6129 27.2731 -41.3047 
v -34.9637 29.3177 -41.3041 
v -32.6873 27.1934 -41.3047 
v -32.6129 27.2731 -41.3047 
v -32.6129 27.273 -40.9388 
v -32.6873 27.1934 -41.3047 
v -32.6873 27.1933 -40.9389 
v -32.6873 27.1933 -40.9389 
v -34.9637 29.3176 -40.9382 
v -32.6873 27.1934 -41.3047 
v -34.9637 29.3177 -41.3041 
v -32.6129 27.273 -40.9388 
v -34.8894 29.3972 -40.9382 
v -32.6873 27.1933 -40.9389 
v -34.9637 29.3176 -40.9382 

vn -0.732283 0.685039 0 
vn -0.732283 0.685039 0 
vn -0.732283 0.685039 0 
vn -0.732283 0.685039 0 
vn 0.685039 0.732283 0 
vn 0.685039 0.732283 0 
vn 0.685039 0.732283 0 
vn 0.685039 0.732283 0 
vn 0 0 -1 
vn 0 0 -1 
vn 0 0 -1 
vn 0 0 -1 
vn 0.732283 -0.685039 0 
vn 0.732283 -0.685039 0 
vn 0.732283 -0.685039 0 
vn 0.732283 -0.685039 0 
vn -0.685039 -0.732283 0 
vn -0.685039 -0.732283 0 
vn -0.685039 -0.732283 0 
vn -0.685039 -0.732283 0 
vn 0 0 1 
vn 0 0 1 
vn 0 0 1 
vn 0 0 1 

vt 0.795731 0.75 
vt 0.75 0.75 
vt 0.795731 0.736378 
vt 0.75 0.736378 
vt 1.1392 0.75 
vt 0.75 0.75 
vt 1.1392 0.704269 
vt 0.75 0.704269 
vt 1.1392 0.75 
vt 0.75 0.75 
vt 1.1392 0.736378 
vt 0.75 0.736378 
vt 0.795731 0.75 
vt 0.75 0.75 
vt 0.795731 0.736378 
vt 0.75 0.736378 
vt 1.1392 0.75 
vt 0.75 0.75 
vt 1.1392 0.704269 
vt 0.75 0.704269 
vt 1.1392 0.75 
vt 0.75 0.75 
vt 1.1392 0.736378 
vt 0.75 0.736378 

usemtl Part4Mtl

f 433/433/433 434/434/434 435/435/435 
f 435/435/435 434/434/434 436/436/436 
f 437/437/437 438/438/438 439/439/439 
f 439/439/439 438/438/438 440/440/440 
f 441/441/441 442/442/442 443/443/443 
f 443/443/443 442/442/442 444/444/444 
f 445/445/445 446/446/446 447/447/447 
f 447/447/447 446/446/446 448/448/448 
f 449/449/449 450/450/450 451/451/451 
f 451/451/451 450/450/450 452/452/452 
f 453/453/453 454/454/454 455/455/455 
f 455/455/455 454/454/454 456/456/456 

g Part20

v -32.3179 27.141 -40.7276 
v -32.3179 27.1411 -40.9104 
v -32.4867 27.1959 -40.7276 
v -32.4867 27.196 -40.9103 
v -32.8222 25.5909 -40.9108 
v -32.3179 27.1411 -40.9104 
v -32.8222 25.5909 -40.7281 
v -32.3179 27.141 -40.7276 
v -32.3179 27.1411 -40.9104 
v -32.8222 25.5909 -40.9108 
v -32.4867 27.196 -40.9103 
v -32.9909 25.6458 -40.9108 
v -32.8222 25.5909 -40.9108 
v -32.8222 25.5909 -40.7281 
v -32.9909 25.6458 -40.9108 
v -32.9909 25.6458 -40.7281 
v -32.9909 25.6458 -40.7281 
v -32.4867 27.1959 -40.7276 
v -32.9909 25.6458 -40.9108 
v -32.4867 27.196 -40.9103 
v -32.8222 25.5909 -40.7281 
v -32.3179 27.141 -40.7276 
v -32.9909 25.6458 -40.7281 
v -32.4867 27.1959 -40.7276 

vn 0.307087 0.952756 0 
vn 0.307087 0.952756 0 
vn 0.307087 0.952756 0 
vn 0.307087 0.952756 0 
vn 0.952756 -0.307087 0 
vn 0.952756 -0.307087 0 
vn 0.952756 -0.307087 0 
vn 0.952756 -0.307087 0 
vn 0 0 -1 
vn 0 0 -1 
vn 0 0 -1 
vn 0 0 -1 
vn -0.307087 -0.952756 0 
vn -0.307087 -0.952756 0 
vn -0.307087 -0.952756 0 
vn -0.307087 -0.952756 0 
vn -0.952756 0.307087 0 
vn -0.952756 0.307087 0 
vn -0.952756 0.307087 0 
vn -0.952756 0.307087 0 
vn 0 0 1 
vn 0 0 1 
vn 0 0 1 
vn 0 0 1 

vt 0.0725586 0.883133 
vt 0.0497132 0.883133 
vt 0.0725586 0.860953 
vt 0.0497132 0.860953 
vt 0.253478 0.883133 
vt 0.0497132 0.883133 
vt 0.253478 0.860287 
vt 0.0497132 0.860287 
vt 0.253478 0.883133 
vt 0.0497132 0.883133 
vt 0.253478 0.860953 
vt 0.0497132 0.860953 
vt 0.0725586 0.883133 
vt 0.0497132 0.883133 
vt 0.0725586 0.860953 
vt 0.0497132 0.860953 
vt 0.253478 0.883133 
vt 0.0497132 0.883133 
vt 0.253478 0.860287 
vt 0.0497132 0.860287 
vt 0.253478 0.883133 
vt 0.0497132 0.883133 
vt 0.253478 0.860953 
vt 0.0497132 0.860953 

usemtl Part1Mtl

f 457/457/457 458/458/458 459/459/459 
f 459/459/459 458/458/458 460/460/460 
f 461/461/461 462/462/462 463/463/463 
f 463/463/463 462/462/462 464/464/464 
f 465/465/465 466/466/466 467/467/467 
f 467/467/467 466/466/466 468/468/468 
f 469/469/469 470/470/470 471/471/471 
f 471/471/471 470/470/470 472/472/472 
f 473/473/473 474/474/474 475/475/475 
f 475/475/475 474/474/474 476/476/476 
f 477/477/477 478/478/478 479/479/479 
f 479/479/479 478/478/478 480/480/480 

g Part21

v -28.9445 26.1945 -43.6215 
v -29.0653 26.2009 -43.6215 
v -28.9383 26.3118 -43.6215 
v -29.0591 26.3181 -43.6215 
v -29.0653 26.2 -40.7857 
v -29.0653 26.2009 -43.6215 
v -28.9445 26.1936 -40.7857 
v -28.9445 26.1945 -43.6215 
v -29.0653 26.2009 -43.6215 
v -29.0653 26.2 -40.7857 
v -29.0591 26.3181 -43.6215 
v -29.0592 26.3173 -40.7857 
v -29.0653 26.2 -40.7857 
v -28.9445 26.1936 -40.7857 
v -29.0592 26.3173 -40.7857 
v -28.9384 26.3109 -40.7857 
v -28.9384 26.3109 -40.7857 
v -28.9383 26.3118 -43.6215 
v -29.0592 26.3173 -40.7857 
v -29.0591 26.3181 -43.6215 
v -28.9445 26.1936 -40.7857 
v -28.9445 26.1945 -43.6215 
v -28.9384 26.3109 -40.7857 
v -28.9383 26.3118 -43.6215 

vn 0 0 -1 
vn 0 0 -1 
vn 0 0 -1 
vn 0 0 -1 
vn -0.0551181 -1 0 
vn -0.0551181 -1 0 
vn -0.0551181 -1 0 
vn -0.0551181 -1 0 
vn -1 0.0551181 0 
vn -1 0.0551181 0 
vn -1 0.0551181 0 
vn -1 0.0551181 0 
vn 0 0 1 
vn 0 0 1 
vn 0 0 1 
vn 0 0 1 
vn 0.0551181 1 0 
vn 0.0551181 1 0 
vn 0.0551181 1 0 
vn 0.0551181 1 0 
vn 1 -0.0551181 0 
vn 1 -0.0551181 0 
vn 1 -0.0551181 0 
vn 1 -0.0551181 0 

vt -0.0328969 0.871781 
vt -0.0480172 0.871781 
vt -0.0328969 0.857101 
vt -0.0480172 0.857101 
vt 0.306455 0.871781 
vt -0.0480172 0.871781 
vt 0.306455 0.856661 
vt -0.0480172 0.856661 
vt 0.306455 0.871781 
vt -0.0480172 0.871781 
vt 0.306455 0.857101 
vt -0.0480172 0.857101 
vt -0.0328969 0.871781 
vt -0.0480172 0.871781 
vt -0.0328969 0.857101 
vt -0.0480172 0.857101 
vt 0.306455 0.871781 
vt -0.0480172 0.871781 
vt 0.306455 0.856661 
vt -0.0480172 0.856661 
vt 0.306455 0.871781 
vt -0.0480172 0.871781 
vt 0.306455 0.857101 
vt -0.0480172 0.857101 

usemtl Part1Mtl

f 481/481/481 482/482/482 483/483/483 
f 483/483/483 482/482/482 484/484/484 
f 485/485/485 486/486/486 487/487/487 
f 487/487/487 486/486/486 488/488/488 
f 489/489/489 490/490/490 491/491/491 
f 491/491/491 490/490/490 492/492/492 
f 493/493/493 494/494/494 495/495/495 
f 495/495/495 494/494/494 496/496/496 
f 497/497/497 498/498/498 499/499/499 
f 499/499/499 498/498/498 500/500/500 
f 501/501/501 502/502/502 503/503/503 
f 503/503/503 502/502/502 504/504/504 

g Part22

v -29.4714 26.9885 -40.9104 
v -29.4714 26.9884 -40.7276 
v -29.3133 27.069 -40.9103 
v -29.3133 27.0689 -40.7276 
v -28.623 25.3218 -40.7281 
v -29.4714 26.9884 -40.7276 
v -28.623 25.3219 -40.9109 
v -29.4714 26.9885 -40.9104 
v -29.4714 26.9884 -40.7276 
v -28.623 25.3218 -40.7281 
v -29.3133 27.0689 -40.7276 
v -28.4649 25.4023 -40.7281 
v -28.623 25.3218 -40.7281 
v -28.623 25.3219 -40.9109 
v -28.4649 25.4023 -40.7281 
v -28.4648 25.4024 -40.9108 
v -28.4648 25.4024 -40.9108 
v -29.3133 27.069 -40.9103 
v -28.4649 25.4023 -40.7281 
v -29.3133 27.0689 -40.7276 
v -28.623 25.3219 -40.9109 
v -29.4714 26.9885 -40.9104 
v -28.4648 25.4024 -40.9108 
v -29.3133 27.069 -40.9103 

vn -0.456693 0.889764 0 
vn -0.456693 0.889764 0 
vn -0.456693 0.889764 0 
vn -0.456693 0.889764 0 
vn -0.889764 -0.456693 0 
vn -0.889764 -0.456693 0 
vn -0.889764 -0.456693 0 
vn -0.889764 -0.456693 0 
vn 0 0 1 
vn 0 0 1 
vn 0 0 1 
vn 0 0 1 
vn 0.456693 -0.889764 0 
vn 0.456693 -0.889764 0 
vn 0.456693 -0.889764 0 
vn 0.456693 -0.889764 0 
vn 0.889764 0.456693 0 
vn 0.889764 0.456693 0 
vn 0.889764 0.456693 0 
vn 0.889764 0.456693 0 
vn 0 0 -1 
vn 0 0 -1 
vn 0 0 -1 
vn 0 0 -1 

vt -0.116025 1.04896 
vt -0.13887 1.04896 
vt -0.116025 1.02678 
vt -0.13887 1.02678 
vt 0.0948946 1.04896 
vt -0.13887 1.04896 
vt 0.0948946 1.02611 
vt -0.13887 1.02611 
vt 0.0948946 1.04896 
vt -0.13887 1.04896 
vt 0.0948946 1.02678 
vt -0.13887 1.02678 
vt -0.116025 1.04896 
vt -0.13887 1.04896 
vt -0.116025 1.02678 
vt -0.13887 1.02678 
vt 0.0948946 1.04896 
vt -0.13887 1.04896 
vt 0.0948946 1.02611 
vt -0.13887 1.02611 
vt 0.0948946 1.04896 
vt -0.13887 1.04896 
vt 0.0948946 1.02678 
vt -0.13887 1.02678 

usemtl Part1Mtl

f 505/505/505 506/506/506 507/507/507 
f 507/507/507 506/506/506 508/508/508 
f 509/509/509 510/510/510 511/511/511 
f 511/511/511 510/510/510 512/512/512 
f 513/513/513 514/514/514 515/515/515 
f 515/515/515 514/514/514 516/516/516 
f 517/517/517 518/518/518 519/519/519 
f 519/519/519 518/518/518 520/520/520 
f 521/521/521 522/522/522 523/523/523 
f 523/523/523 522/522/522 524/524/524 
f 525/525/525 526/526/526 527/527/527 
f 527/527/527 526/526/526 528/528/528 

g Part23

v -32.8199 25.4584 -43.704 
v -33.0024 25.468 -43.704 
v -32.8105 25.6356 -43.7039 
v -32.993 25.6452 -43.7039 
v -33.0024 25.4671 -40.7338 
v -33.0024 25.468 -43.704 
v -32.8199 25.4575 -40.7338 
v -32.8199 25.4584 -43.704 
v -33.0024 25.468 -43.704 
v -33.0024 25.4671 -40.7338 
v -32.993 25.6452 -43.7039 
v -32.9931 25.6443 -40.7338 
v -33.0024 25.4671 -40.7338 
v -32.8199 25.4575 -40.7338 
v -32.9931 25.6443 -40.7338 
v -32.8106 25.6347 -40.7338 
v -32.8106 25.6347 -40.7338 
v -32.8105 25.6356 -43.7039 
v -32.9931 25.6443 -40.7338 
v -32.993 25.6452 -43.7039 
v -32.8199 25.4575 -40.7338 
v -32.8199 25.4584 -43.704 
v -32.8106 25.6347 -40.7338 
v -32.8105 25.6356 -43.7039 

vn 0 0 -1 
vn 0 0 -1 
vn 0 0 -1 
vn 0 0 -1 
vn -0.0551181 -1 0 
vn -0.0551181 -1 0 
vn -0.0551181 -1 0 
vn -0.0551181 -1 0 
vn -1 0.0551181 0 
vn -1 0.0551181 0 
vn -1 0.0551181 0 
vn -1 0.0551181 0 
vn 0 0 1 
vn 0 0 1 
vn 0 0 1 
vn 0 0 1 
vn 0.0551181 1 0 
vn 0.0551181 1 0 
vn 0.0551181 1 0 
vn 0.0551181 1 0 
vn 1 -0.0551181 0 
vn 1 -0.0551181 0 
vn 1 -0.0551181 0 
vn 1 -0.0551181 0 

vt -0.050258 0.90235 
vt -0.0731034 0.90235 
vt -0.050258 0.88017 
vt -0.0731034 0.88017 
vt 0.298161 0.90235 
vt -0.0731034 0.90235 
vt 0.298161 0.879505 
vt -0.0731034 0.879505 
vt 0.298161 0.90235 
vt -0.0731034 0.90235 
vt 0.298161 0.88017 
vt -0.0731034 0.88017 
vt -0.050258 0.90235 
vt -0.0731034 0.90235 
vt -0.050258 0.88017 
vt -0.0731034 0.88017 
vt 0.298161 0.90235 
vt -0.0731034 0.90235 
vt 0.298161 0.879505 
vt -0.0731034 0.879505 
vt 0.298161 0.90235 
vt -0.0731034 0.90235 
vt 0.298161 0.88017 
vt -0.0731034 0.88017 

usemtl Part1Mtl

f 529/529/529 530/530/530 531/531/531 
f 531/531/531 530/530/530 532/532/532 
f 533/533/533 534/534/534 535/535/535 
f 535/535/535 534/534/534 536/536/536 
f 537/537/537 538/538/538 539/539/539 
f 539/539/539 538/538/538 540/540/540 
f 541/541/541 542/542/542 543/543/543 
f 543/543/543 542/542/542 544/544/544 
f 545/545/545 546/546/546 547/547/547 
f 547/547/547 546/546/546 548/548/548 
f 549/549/549 550/550/550 551/551/551 
f 551/551/551 550/550/550 552/552/552 

g Part24

v -32.5807 26.3863 -43.6215 
v -32.7015 26.3927 -43.6215 
v -32.5745 26.5036 -43.6215 
v -32.6953 26.5099 -43.6215 
v -32.7016 26.3918 -40.7857 
v -32.7015 26.3927 -43.6215 
v -32.5808 26.3854 -40.7857 
v -32.5807 26.3863 -43.6215 
v -32.7015 26.3927 -43.6215 
v -32.7016 26.3918 -40.7857 
v -32.6953 26.5099 -43.6215 
v -32.6954 26.5091 -40.7857 
v -32.7016 26.3918 -40.7857 
v -32.5808 26.3854 -40.7857 
v -32.6954 26.5091 -40.7857 
v -32.5746 26.5027 -40.7857 
v -32.5746 26.5027 -40.7857 
v -32.5745 26.5036 -43.6215 
v -32.6954 26.5091 -40.7857 
v -32.6953 26.5099 -43.6215 
v -32.5808 26.3854 -40.7857 
v -32.5807 26.3863 -43.6215 
v -32.5746 26.5027 -40.7857 
v -32.5745 26.5036 -43.6215 

vn 0 0 -1 
vn 0 0 -1 
vn 0 0 -1 
vn 0 0 -1 
vn -0.0551181 -1 0 
vn -0.0551181 -1 0 
vn -0.0551181 -1 0 
vn -0.0551181 -1 0 
vn -1 0.0551181 0 
vn -1 0.0551181 0 
vn -1 0.0551181 0 
vn -1 0.0551181 0 
vn 0 0 1 
vn 0 0 1 
vn 0 0 1 
vn 0 0 1 
vn 0.0551181 1 0 
vn 0.0551181 1 0 
vn 0.0551181 1 0 
vn 0.0551181 1 0 
vn 1 -0.0551181 0 
vn 1 -0.0551181 0 
vn 1 -0.0551181 0 
vn 1 -0.0551181 0 

vt 0.0723577 0.989823 
vt 0.0572374 0.989823 
vt 0.0723577 0.975143 
vt 0.0572374 0.975143 
vt 0.41171 0.989823 
vt 0.0572374 0.989823 
vt 0.41171 0.974702 
vt 0.0572374 0.974702 
vt 0.41171 0.989823 
vt 0.0572374 0.989823 
vt 0.41171 0.975143 
vt 0.0572374 0.975143 
vt 0.0723577 0.989823 
vt 0.0572374 0.989823 
vt 0.0723577 0.975143 
vt 0.0572374 0.975143 
vt 0.41171 0.989823 
vt 0.0572374 0.989823 
vt 0.41171 0.974702 
vt 0.0572374 0.974702 
vt 0.41171 0.989823 
vt 0.0572374 0.989823 
vt 0.41171 0.975143 
vt 0.0572374 0.975143 

usemtl Part1Mtl

f 553/553/553 554/554/554 555/555/555 
f 555/555/555 554/554/554 556/556/556 
f 557/557/557 558/558/558 559/559/559 
f 559/559/559 558/558/558 560/560/560 
f 561/561/561 562/562/562 563/563/563 
f 563/563/563 562/562/562 564/564/564 
f 565/565/565 566/566/566 567/567/567 
f 567/567/567 566/566/566 568/568/568 
f 569/569/569 570/570/570 571/571/571 
f 571/571/571 570/570/570 572/572/572 
f 573/573/573 574/574/574 575/575/575 
f 575/575/575 574/574/574 576/576/576 

g Part25

v -28.6527 25.2377 -40.7301 
v -28.4702 25.228 -40.7301 
v -28.6434 25.4149 -40.73 
v -28.4609 25.4052 -40.73 
v -28.4702 25.229 -43.7002 
v -28.4702 25.228 -40.7301 
v -28.6527 25.2386 -43.7002 
v -28.6527 25.2377 -40.7301 
v -28.4702 25.228 -40.7301 
v -28.4702 25.229 -43.7002 
v -28.4609 25.4052 -40.73 
v -28.4608 25.4061 -43.7001 
v -28.4702 25.229 -43.7002 
v -28.6527 25.2386 -43.7002 
v -28.4608 25.4061 -43.7001 
v -28.6433 25.4158 -43.7001 
v -28.6433 25.4158 -43.7001 
v -28.6434 25.4149 -40.73 
v -28.4608 25.4061 -43.7001 
v -28.4609 25.4052 -40.73 
v -28.6527 25.2386 -43.7002 
v -28.6527 25.2377 -40.7301 
v -28.6433 25.4158 -43.7001 
v -28.6434 25.4149 -40.73 

vn 0 0 1 
vn 0 0 1 
vn 0 0 1 
vn 0 0 1 
vn -0.0551181 -1 0 
vn -0.0551181 -1 0 
vn -0.0551181 -1 0 
vn -0.0551181 -1 0 
vn 1 -0.0551181 0 
vn 1 -0.0551181 0 
vn 1 -0.0551181 0 
vn 1 -0.0551181 0 
vn 0 0 -1 
vn 0 0 -1 
vn 0 0 -1 
vn 0 0 -1 
vn 0.0551181 1 0 
vn 0.0551181 1 0 
vn 0.0551181 1 0 
vn 0.0551181 1 0 
vn -1 0.0551181 0 
vn -1 0.0551181 0 
vn -1 0.0551181 0 
vn -1 0.0551181 0 

vt 0.195994 0.877204 
vt 0.173148 0.877204 
vt 0.195994 0.855025 
vt 0.173148 0.855025 
vt 0.544413 0.877204 
vt 0.173148 0.877204 
vt 0.544413 0.854359 
vt 0.173148 0.854359 
vt 0.544413 0.877204 
vt 0.173148 0.877204 
vt 0.544413 0.855025 
vt 0.173148 0.855025 
vt 0.195994 0.877204 
vt 0.173148 0.877204 
vt 0.195994 0.855025 
vt 0.173148 0.855025 
vt 0.544413 0.877204 
vt 0.173148 0.877204 
vt 0.544413 0.854359 
vt 0.173148 0.854359 
vt 0.544413 0.877204 
vt 0.173148 0.877204 
vt 0.544413 0.855025 
vt 0.173148 0.855025 

usemtl Part1Mtl

f 577/577/577 578/578/578 579/579/579 
f 579/579/579 578/578/578 580/580/580 
f 581/581/581 582/582/582 583/583/583 
f 583/583/583 582/582/582 584/584/584 
f 585/585/585 586/586/586 587/587/587 
f 587/587/587 586/586/586 588/588/588 
f 589/589/589 590/590/590 591/591/591 
f 591/591/591 590/590/590 592/592/592 
f 593/593/593 594/594/594 595/595/595 
f 595/595/595 594/594/594 596/596/596 
f 597/597/597 598/598/598 599/599/599 
f 599/599/599 598/598/598 600/600/600 

g Part26

v -32.3179 27.1419 -43.5226 
v -32.3179 27.1419 -43.7054 
v -32.4867 27.1968 -43.5226 
v -32.4867 27.1968 -43.7054 
v -32.8222 25.5918 -43.7059 
v -32.3179 27.1419 -43.7054 
v -32.8222 25.5917 -43.5231 
v -32.3179 27.1419 -43.5226 
v -32.3179 27.1419 -43.7054 
v -32.8222 25.5918 -43.7059 
v -32.4867 27.1968 -43.7054 
v -32.9909 25.6467 -43.7059 
v -32.8222 25.5918 -43.7059 
v -32.8222 25.5917 -43.5231 
v -32.9909 25.6467 -43.7059 
v -32.9909 25.6466 -43.5231 
v -32.9909 25.6466 -43.5231 
v -32.4867 27.1968 -43.5226 
v -32.9909 25.6467 -43.7059 
v -32.4867 27.1968 -43.7054 
v -32.8222 25.5917 -43.5231 
v -32.3179 27.1419 -43.5226 
v -32.9909 25.6466 -43.5231 
v -32.4867 27.1968 -43.5226 

vn 0.307087 0.952756 0 
vn 0.307087 0.952756 0 
vn 0.307087 0.952756 0 
vn 0.307087 0.952756 0 
vn 0.952756 -0.307087 0 
vn 0.952756 -0.307087 0 
vn 0.952756 -0.307087 0 
vn 0.952756 -0.307087 0 
vn 0 0 -1 
vn 0 0 -1 
vn 0 0 -1 
vn 0 0 -1 
vn -0.307087 -0.952756 0 
vn -0.307087 -0.952756 0 
vn -0.307087 -0.952756 0 
vn -0.307087 -0.952756 0 
vn -0.952756 0.307087 0 
vn -0.952756 0.307087 0 
vn -0.952756 0.307087 0 
vn -0.952756 0.307087 0 
vn 0 0 1 
vn 0 0 1 
vn 0 0 1 
vn 0 0 1 

vt -0.0454659 0.89652 
vt -0.0683113 0.89652 
vt -0.0454659 0.874341 
vt -0.0683113 0.874341 
vt 0.135454 0.89652 
vt -0.0683113 0.89652 
vt 0.135454 0.873675 
vt -0.0683113 0.873675 
vt 0.135454 0.89652 
vt -0.0683113 0.89652 
vt 0.135454 0.874341 
vt -0.0683113 0.874341 
vt -0.0454659 0.89652 
vt -0.0683113 0.89652 
vt -0.0454659 0.874341 
vt -0.0683113 0.874341 
vt 0.135454 0.89652 
vt -0.0683113 0.89652 
vt 0.135454 0.873675 
vt -0.0683113 0.873675 
vt 0.135454 0.89652 
vt -0.0683113 0.89652 
vt 0.135454 0.874341 
vt -0.0683113 0.874341 

usemtl Part1Mtl

f 601/601/601 602/602/602 603/603/603 
f 603/603/603 602/602/602 604/604/604 
f 605/605/605 606/606/606 607/607/607 
f 607/607/607 606/606/606 608/608/608 
f 609/609/609 610/610/610 611/611/611 
f 611/611/611 610/610/610 612/612/612 
f 613/613/613 614/614/614 615/615/615 
f 615/615/615 614/614/614 616/616/616 
f 617/617/617 618/618/618 619/619/619 
f 619/619/619 618/618/618 620/620/620 
f 621/621/621 622/622/622 623/623/623 
f 623/623/623 622/622/622 624/624/624 

g Part27

v -29.4668 26.9804 -43.7054 
v -29.4668 26.9803 -43.5226 
v -29.3087 27.0609 -43.7054 
v -29.3087 27.0608 -43.5226 
v -28.6229 25.3226 -43.5231 
v -29.4668 26.9803 -43.5226 
v -28.6229 25.3227 -43.7059 
v -29.4668 26.9804 -43.7054 
v -29.4668 26.9803 -43.5226 
v -28.6229 25.3226 -43.5231 
v -29.3087 27.0608 -43.5226 
v -28.4648 25.4031 -43.5231 
v -28.6229 25.3226 -43.5231 
v -28.6229 25.3227 -43.7059 
v -28.4648 25.4031 -43.5231 
v -28.4648 25.4032 -43.7059 
v -28.4648 25.4032 -43.7059 
v -29.3087 27.0609 -43.7054 
v -28.4648 25.4031 -43.5231 
v -29.3087 27.0608 -43.5226 
v -28.6229 25.3227 -43.7059 
v -29.4668 26.9804 -43.7054 
v -28.4648 25.4032 -43.7059 
v -29.3087 27.0609 -43.7054 

vn -0.456693 0.889764 0 
vn -0.456693 0.889764 0 
vn -0.456693 0.889764 0 
vn -0.456693 0.889764 0 
vn -0.889764 -0.456693 0 
vn -0.889764 -0.456693 0 
vn -0.889764 -0.456693 0 
vn -0.889764 -0.456693 0 
vn 0 0 1 
vn 0 0 1 
vn 0 0 1 
vn 0 0 1 
vn 0.456693 -0.889764 0 
vn 0.456693 -0.889764 0 
vn 0.456693 -0.889764 0 
vn 0.456693 -0.889764 0 
vn 0.889764 0.456693 0 
vn 0.889764 0.456693 0 
vn 0.889764 0.456693 0 
vn 0.889764 0.456693 0 
vn 0 0 -1 
vn 0 0 -1 
vn 0 0 -1 
vn 0 0 -1 

vt 0.104024 0.909338 
vt 0.0811788 0.909338 
vt 0.104024 0.887158 
vt 0.0811788 0.887158 
vt 0.313694 0.909338 
vt 0.0811788 0.909338 
vt 0.313694 0.886492 
vt 0.0811788 0.886492 
vt 0.313694 0.909338 
vt 0.0811788 0.909338 
vt 0.313694 0.887158 
vt 0.0811788 0.887158 
vt 0.104024 0.909338 
vt 0.0811788 0.909338 
vt 0.104024 0.887158 
vt 0.0811788 0.887158 
vt 0.313694 0.909338 
vt 0.0811788 0.909338 
vt 0.313694 0.886492 
vt 0.0811788 0.886492 
vt 0.313694 0.909338 
vt 0.0811788 0.909338 
vt 0.313694 0.887158 
vt 0.0811788 0.887158 

usemtl Part1Mtl

f 625/625/625 626/626/626 627/627/627 
f 627/627/627 626/626/626 628/628/628 
f 629/629/629 630/630/630 631/631/631 
f 631/631/631 630/630/630 632/632/632 
f 633/633/633 634/634/634 635/635/635 
f 635/635/635 634/634/634 636/636/636 
f 637/637/637 638/638/638 639/639/639 
f 639/639/639 638/638/638 640/640/640 
f 641/641/641 642/642/642 643/643/643 
f 643/643/643 642/642/642 644/644/644 
f 645/645/645 646/646/646 647/647/647 
f 647/647/647 646/646/646 648/648/648 

g Part28

v -36.4327 29.5143 -55.793 
v -36.6052 29.6752 -55.7929 
v -36.589 29.3469 -55.793 
v -36.7614 29.5078 -55.793 
v -36.6051 29.676 -58.3531 
v -36.6052 29.6752 -55.7929 
v -36.4327 29.5151 -58.3531 
v -36.4327 29.5143 -55.793 
v -36.6052 29.6752 -55.7929 
v -36.6051 29.676 -58.3531 
v -36.7614 29.5078 -55.793 
v -36.7614 29.5086 -58.3531 
v -36.6051 29.676 -58.3531 
v -36.4327 29.5151 -58.3531 
v -36.7614 29.5086 -58.3531 
v -36.5889 29.3477 -58.3532 
v -36.5889 29.3477 -58.3532 
v -36.589 29.3469 -55.793 
v -36.7614 29.5086 -58.3531 
v -36.7614 29.5078 -55.793 
v -36.4327 29.5151 -58.3531 
v -36.4327 29.5143 -55.793 
v -36.5889 29.3477 -58.3532 
v -36.589 29.3469 -55.793 

vn 0 0 1 
vn 0 0 1 
vn 0 0 1 
vn 0 0 1 
vn 0.685039 0.732283 0 
vn 0.685039 0.732283 0 
vn 0.685039 0.732283 0 
vn 0.685039 0.732283 0 
vn -0.732283 0.685039 0 
vn -0.732283 0.685039 0 
vn -0.732283 0.685039 0 
vn -0.732283 0.685039 0 
vn 0 0 -1 
vn 0 0 -1 
vn 0 0 -1 
vn 0 0 -1 
vn -0.685039 -0.732283 0 
vn -0.685039 -0.732283 0 
vn -0.685039 -0.732283 0 
vn -0.685039 -0.732283 0 
vn 0.732283 -0.685039 0 
vn 0.732283 -0.685039 0 
vn 0.732283 -0.685039 0 
vn 0.732283 -0.685039 0 

vt -0.0173383 0.868744 
vt -0.0468193 0.868744 
vt -0.0173383 0.840122 
vt -0.0468193 0.840122 
vt 0.273196 0.868744 
vt -0.0468193 0.868744 
vt 0.273196 0.839262 
vt -0.0468193 0.839262 
vt 0.273196 0.868744 
vt -0.0468193 0.868744 
vt 0.273196 0.840122 
vt -0.0468193 0.840122 
vt -0.0173383 0.868744 
vt -0.0468193 0.868744 
vt -0.0173383 0.840122 
vt -0.0468193 0.840122 
vt 0.273196 0.868744 
vt -0.0468193 0.868744 
vt 0.273196 0.839262 
vt -0.0468193 0.839262 
vt 0.273196 0.868744 
vt -0.0468193 0.868744 
vt 0.273196 0.840122 
vt -0.0468193 0.840122 

usemtl Part1Mtl

f 649/649/649 650/650/650 651/651/651 
f 651/651/651 650/650/650 652/652/652 
f 653/653/653 654/654/654 655/655/655 
f 655/655/655 654/654/654 656/656/656 
f 657/657/657 658/658/658 659/659/659 
f 659/659/659 658/658/658 660/660/660 
f 661/661/661 662/662/662 663/663/663 
f 663/663/663 662/662/662 664/664/664 
f 665/665/665 666/666/666 667/667/667 
f 667/667/667 666/666/666 668/668/668 
f 669/669/669 670/670/670 671/671/671 
f 671/671/671 670/670/670 672/672/672 

g Part29

v -34.3065 27.39 -57.6217 
v -34.3065 27.3901 -57.9875 
v -34.3123 27.2812 -57.6217 
v -34.3123 27.2813 -57.9876 
v -29.9924 27.1626 -57.9875 
v -34.3065 27.3901 -57.9875 
v -29.9924 27.1625 -57.6217 
v -34.3065 27.39 -57.6217 
v -34.3065 27.3901 -57.9875 
v -29.9924 27.1626 -57.9875 
v -34.3123 27.2813 -57.9876 
v -29.9981 27.0538 -57.9876 
v -29.9924 27.1626 -57.9875 
v -29.9924 27.1625 -57.6217 
v -29.9981 27.0538 -57.9876 
v -29.9981 27.0536 -57.6217 
v -29.9981 27.0536 -57.6217 
v -34.3123 27.2812 -57.6217 
v -29.9981 27.0538 -57.9876 
v -34.3123 27.2813 -57.9876 
v -29.9924 27.1625 -57.6217 
v -34.3065 27.39 -57.6217 
v -29.9981 27.0536 -57.6217 
v -34.3123 27.2812 -57.6217 

vn -1 0.0551181 0 
vn -1 0.0551181 0 
vn -1 0.0551181 0 
vn -1 0.0551181 0 
vn 0.0551181 1 0 
vn 0.0551181 1 0 
vn 0.0551181 1 0 
vn 0.0551181 1 0 
vn 0 0 -1 
vn 0 0 -1 
vn 0 0 -1 
vn 0 0 -1 
vn 1 -0.0551181 0 
vn 1 -0.0551181 0 
vn 1 -0.0551181 0 
vn 1 -0.0551181 0 
vn -0.0551181 -1 0 
vn -0.0551181 -1 0 
vn -0.0551181 -1 0 
vn -0.0551181 -1 0 
vn 0 0 1 
vn 0 0 1 
vn 0 0 1 
vn 0 0 1 

vt 2.29573 -4.5 
vt 2.25 -4.5 
vt 2.29573 -4.51362 
vt 2.25 -4.51362 
vt 2.79001 -4.5 
vt 2.25 -4.5 
vt 2.79001 -4.54573 
vt 2.25 -4.54573 
vt 2.79001 -4.5 
vt 2.25 -4.5 
vt 2.79001 -4.51362 
vt 2.25 -4.51362 
vt 2.29573 -4.5 
vt 2.25 -4.5 
vt 2.29573 -4.51362 
vt 2.25 -4.51362 
vt 2.79001 -4.5 
vt 2.25 -4.5 
vt 2.79001 -4.54573 
vt 2.25 -4.54573 
vt 2.79001 -4.5 
vt 2.25 -4.5 
vt 2.79001 -4.51362 
vt 2.25 -4.51362 

usemtl Part2Mtl

f 673/673/673 674/674/674 675/675/675 
f 675/675/675 674/674/674 676/676/676 
f 677/677/677 678/678/678 679/679/679 
f 679/679/679 678/678/678 680/680/680 
f 681/681/681 682/682/682 683/683/683 
f 683/683/683 682/682/682 684/684/684 
f 685/685/685 686/686/686 687/687/687 
f 687/687/687 686/686/686 688/688/688 
f 689/689/689 690/690/690 691/691/691 
f 691/691/691 690/690/690 692/692/692 
f 693/693/693 694/694/694 695/695/695 
f 695/695/695 694/694/694 696/696/696 

g Part30

v -34.3065 27.3896 -56.1609 
v -34.3065 27.3897 -56.5267 
v -34.3123 27.2808 -56.1609 
v -34.3123 27.2809 -56.5268 
v -29.9924 27.1621 -56.5267 
v -34.3065 27.3897 -56.5267 
v -29.9924 27.162 -56.1609 
v -34.3065 27.3896 -56.1609 
v -34.3065 27.3897 -56.5267 
v -29.9924 27.1621 -56.5267 
v -34.3123 27.2809 -56.5268 
v -29.9981 27.0533 -56.5268 
v -29.9924 27.1621 -56.5267 
v -29.9924 27.162 -56.1609 
v -29.9981 27.0533 -56.5268 
v -29.9981 27.0532 -56.1609 
v -29.9981 27.0532 -56.1609 
v -34.3123 27.2808 -56.1609 
v -29.9981 27.0533 -56.5268 
v -34.3123 27.2809 -56.5268 
v -29.9924 27.162 -56.1609 
v -34.3065 27.3896 -56.1609 
v -29.9981 27.0532 -56.1609 
v -34.3123 27.2808 -56.1609 

vn -1 0.0551181 0 
vn -1 0.0551181 0 
vn -1 0.0551181 0 
vn -1 0.0551181 0 
vn 0.0551181 1 0 
vn 0.0551181 1 0 
vn 0.0551181 1 0 
vn 0.0551181 1 0 
vn 0 0 -1 
vn 0 0 -1 
vn 0 0 -1 
vn 0 0 -1 
vn 1 -0.0551181 0 
vn 1 -0.0551181 0 
vn 1 -0.0551181 0 
vn 1 -0.0551181 0 
vn -0.0551181 -1 0 
vn -0.0551181 -1 0 
vn -0.0551181 -1 0 
vn -0.0551181 -1 0 
vn 0 0 1 
vn 0 0 1 
vn 0 0 1 
vn 0 0 1 

vt 4.04573 -5.75 
vt 4 -5.75 
vt 4.04573 -5.76362 
vt 4 -5.76362 
vt 4.54001 -5.75 
vt 4 -5.75 
vt 4.54001 -5.79573 
vt 4 -5.79573 
vt 4.54001 -5.75 
vt 4 -5.75 
vt 4.54001 -5.76362 
vt 4 -5.76362 
vt 4.04573 -5.75 
vt 4 -5.75 
vt 4.04573 -5.76362 
vt 4 -5.76362 
vt 4.54001 -5.75 
vt 4 -5.75 
vt 4.54001 -5.79573 
vt 4 -5.79573 
vt 4.54001 -5.75 
vt 4 -5.75 
vt 4.54001 -5.76362 
vt 4 -5.76362 

usemtl Part2Mtl

f 697/697/697 698/698/698 699/699/699 
f 699/699/699 698/698/698 700/700/700 
f 701/701/701 702/702/702 703/703/703 
f 703/703/703 702/702/702 704/704/704 
f 705/705/705 706/706/706 707/707/707 
f 707/707/707 706/706/706 708/708/708 
f 709/709/709 710/710/710 711/711/711 
f 711/711/711 710/710/710 712/712/712 
f 713/713/713 714/714/714 715/715/715 
f 715/715/715 714/714/714 716/716/716 
f 717/717/717 718/718/718 719/719/719 
f 719/719/719 718/718/718 720/720/720 

g Part31

v -34.3065 27.3901 -57.9868 
v -34.3065 27.3903 -58.3526 
v -34.3123 27.2813 -57.9868 
v -34.3123 27.2814 -58.3527 
v -29.9924 27.1627 -58.3526 
v -34.3065 27.3903 -58.3526 
v -29.9924 27.1626 -57.9868 
v -34.3065 27.3901 -57.9868 
v -34.3065 27.3903 -58.3526 
v -29.9924 27.1627 -58.3526 
v -34.3123 27.2814 -58.3527 
v -29.9981 27.0539 -58.3527 
v -29.9924 27.1627 -58.3526 
v -29.9924 27.1626 -57.9868 
v -29.9981 27.0539 -58.3527 
v -29.9981 27.0537 -57.9868 
v -29.9981 27.0537 -57.9868 
v -34.3123 27.2813 -57.9868 
v -29.9981 27.0539 -58.3527 
v -34.3123 27.2814 -58.3527 
v -29.9924 27.1626 -57.9868 
v -34.3065 27.3901 -57.9868 
v -29.9981 27.0537 -57.9868 
v -34.3123 27.2813 -57.9868 

vn -1 0.0551181 0 
vn -1 0.0551181 0 
vn -1 0.0551181 0 
vn -1 0.0551181 0 
vn 0.0551181 1 0 
vn 0.0551181 1 0 
vn 0.0551181 1 0 
vn 0.0551181 1 0 
vn 0 0 -1 
vn 0 0 -1 
vn 0 0 -1 
vn 0 0 -1 
vn 1 -0.0551181 0 
vn 1 -0.0551181 0 
vn 1 -0.0551181 0 
vn 1 -0.0551181 0 
vn -0.0551181 -1 0 
vn -0.0551181 -1 0 
vn -0.0551181 -1 0 
vn -0.0551181 -1 0 
vn 0 0 1 
vn 0 0 1 
vn 0 0 1 
vn 0 0 1 

vt 6.79573 -3.25 
vt 6.75 -3.25 
vt 6.79573 -3.26362 
vt 6.75 -3.26362 
vt 7.29001 -3.25 
vt 6.75 -3.25 
vt 7.29001 -3.29573 
vt 6.75 -3.29573 
vt 7.29001 -3.25 
vt 6.75 -3.25 
vt 7.29001 -3.26362 
vt 6.75 -3.26362 
vt 6.79573 -3.25 
vt 6.75 -3.25 
vt 6.79573 -3.26362 
vt 6.75 -3.26362 
vt 7.29001 -3.25 
vt 6.75 -3.25 
vt 7.29001 -3.29573 
vt 6.75 -3.29573 
vt 7.29001 -3.25 
vt 6.75 -3.25 
vt 7.29001 -3.26362 
vt 6.75 -3.26362 

usemtl Part31Mtl

f 721/721/721 722/722/722 723/723/723 
f 723/723/723 722/722/722 724/724/724 
f 725/725/725 726/726/726 727/727/727 
f 727/727/727 726/726/726 728/728/728 
f 729/729/729 730/730/730 731/731/731 
f 731/731/731 730/730/730 732/732/732 
f 733/733/733 734/734/734 735/735/735 
f 735/735/735 734/734/734 736/736/736 
f 737/737/737 738/738/738 739/739/739 
f 739/739/739 738/738/738 740/740/740 
f 741/741/741 742/742/742 743/743/743 
f 743/743/743 742/742/742 744/744/744 

g Part32

v -36.5183 29.4836 -57.2563 
v -36.5183 29.4837 -57.6221 
v -36.5926 29.4039 -57.2563 
v -36.5926 29.404 -57.6221 
v -34.2418 27.3595 -57.6227 
v -36.5183 29.4837 -57.6221 
v -34.2419 27.3593 -57.2569 
v -36.5183 29.4836 -57.2563 
v -36.5183 29.4837 -57.6221 
v -34.2418 27.3595 -57.6227 
v -36.5926 29.404 -57.6221 
v -34.3162 27.2798 -57.6228 
v -34.2418 27.3595 -57.6227 
v -34.2419 27.3593 -57.2569 
v -34.3162 27.2798 -57.6228 
v -34.3162 27.2797 -57.2569 
v -34.3162 27.2797 -57.2569 
v -36.5926 29.4039 -57.2563 
v -34.3162 27.2798 -57.6228 
v -36.5926 29.404 -57.6221 
v -34.2419 27.3593 -57.2569 
v -36.5183 29.4836 -57.2563 
v -34.3162 27.2797 -57.2569 
v -36.5926 29.4039 -57.2563 

vn -0.732283 0.685039 0 
vn -0.732283 0.685039 0 
vn -0.732283 0.685039 0 
vn -0.732283 0.685039 0 
vn 0.685039 0.732283 0 
vn 0.685039 0.732283 0 
vn 0.685039 0.732283 0 
vn 0.685039 0.732283 0 
vn 0 0 -1 
vn 0 0 -1 
vn 0 0 -1 
vn 0 0 -1 
vn 0.732283 -0.685039 0 
vn 0.732283 -0.685039 0 
vn 0.732283 -0.685039 0 
vn 0.732283 -0.685039 0 
vn -0.685039 -0.732283 0 
vn -0.685039 -0.732283 0 
vn -0.685039 -0.732283 0 
vn -0.685039 -0.732283 0 
vn 0 0 1 
vn 0 0 1 
vn 0 0 1 
vn 0 0 1 

vt 3.29573 -6 
vt 3.25 -6 
vt 3.29573 -6.01362 
vt 3.25 -6.01362 
vt 3.6392 -6 
vt 3.25 -6 
vt 3.6392 -6.04573 
vt 3.25 -6.04573 
vt 3.6392 -6 
vt 3.25 -6 
vt 3.6392 -6.01362 
vt 3.25 -6.01362 
vt 3.29573 -6 
vt 3.25 -6 
vt 3.29573 -6.01362 
vt 3.25 -6.01362 
vt 3.6392 -6 
vt 3.25 -6 
vt 3.6392 -6.04573 
vt 3.25 -6.04573 
vt 3.6392 -6 
vt 3.25 -6 
vt 3.6392 -6.01362 
vt 3.25 -6.01362 

usemtl Part31Mtl

f 745/745/745 746/746/746 747/747/747 
f 747/747/747 746/746/746 748/748/748 
f 749/749/749 750/750/750 751/751/751 
f 751/751/751 750/750/750 752/752/752 
f 753/753/753 754/754/754 755/755/755 
f 755/755/755 754/754/754 756/756/756 
f 757/757/757 758/758/758 759/759/759 
f 759/759/759 758/758/758 760/760/760 
f 761/761/761 762/762/762 763/763/763 
f 763/763/763 762/762/762 764/764/764 
f 765/765/765 766/766/766 767/767/767 
f 767/767/767 766/766/766 768/768/768 

g Part33

v -34.3065 27.3897 -56.526 
v -34.3065 27.3898 -56.8918 
v -34.3123 27.2809 -56.526 
v -34.3123 27.281 -56.8919 
v -29.9924 27.1622 -56.8918 
v -34.3065 27.3898 -56.8918 
v -29.9924 27.1621 -56.526 
v -34.3065 27.3897 -56.526 
v -34.3065 27.3898 -56.8918 
v -29.9924 27.1622 -56.8918 
v -34.3123 27.281 -56.8919 
v -29.9981 27.0534 -56.8919 
v -29.9924 27.1622 -56.8918 
v -29.9924 27.1621 -56.526 
v -29.9981 27.0534 -56.8919 
v -29.9981 27.0533 -56.526 
v -29.9981 27.0533 -56.526 
v -34.3123 27.2809 -56.526 
v -29.9981 27.0534 -56.8919 
v -34.3123 27.281 -56.8919 
v -29.9924 27.1621 -56.526 
v -34.3065 27.3897 -56.526 
v -29.9981 27.0533 -56.526 
v -34.3123 27.2809 -56.526 

vn -1 0.0551181 0 
vn -1 0.0551181 0 
vn -1 0.0551181 0 
vn -1 0.0551181 0 
vn 0.0551181 1 0 
vn 0.0551181 1 0 
vn 0.0551181 1 0 
vn 0.0551181 1 0 
vn 0 0 -1 
vn 0 0 -1 
vn 0 0 -1 
vn 0 0 -1 
vn 1 -0.0551181 0 
vn 1 -0.0551181 0 
vn 1 -0.0551181 0 
vn 1 -0.0551181 0 
vn -0.0551181 -1 0 
vn -0.0551181 -1 0 
vn -0.0551181 -1 0 
vn -0.0551181 -1 0 
vn 0 0 1 
vn 0 0 1 
vn 0 0 1 
vn 0 0 1 

vt 6.04573 -4.25 
vt 6 -4.25 
vt 6.04573 -4.26362 
vt 6 -4.26362 
vt 6.54001 -4.25 
vt 6 -4.25 
vt 6.54001 -4.29573 
vt 6 -4.29573 
vt 6.54001 -4.25 
vt 6 -4.25 
vt 6.54001 -4.26362 
vt 6 -4.26362 
vt 6.04573 -4.25 
vt 6 -4.25 
vt 6.04573 -4.26362 
vt 6 -4.26362 
vt 6.54001 -4.25 
vt 6 -4.25 
vt 6.54001 -4.29573 
vt 6 -4.29573 
vt 6.54001 -4.25 
vt 6 -4.25 
vt 6.54001 -4.26362 
vt 6 -4.26362 

usemtl Part31Mtl

f 769/769/769 770/770/770 771/771/771 
f 771/771/771 770/770/770 772/772/772 
f 773/773/773 774/774/774 775/775/775 
f 775/775/775 774/774/774 776/776/776 
f 777/777/777 778/778/778 779/779/779 
f 779/779/779 778/778/778 780/780/780 
f 781/781/781 782/782/782 783/783/783 
f 783/783/783 782/782/782 784/784/784 
f 785/785/785 786/786/786 787/787/787 
f 787/787/787 786/786/786 788/788/788 
f 789/789/789 790/790/790 791/791/791 
f 791/791/791 790/790/790 792/792/792 

g Part34

v -34.3036 27.4457 -55.5584 
v -34.3036 27.4458 -55.7942 
v -34.3156 27.2171 -55.5584 
v -34.3156 27.2171 -55.7943 
v -29.9295 27.2151 -55.7942 
v -34.3036 27.4458 -55.7942 
v -29.9295 27.215 -55.5584 
v -34.3036 27.4457 -55.5584 
v -34.3036 27.4458 -55.7942 
v -29.9295 27.2151 -55.7942 
v -34.3156 27.2171 -55.7943 
v -29.9416 26.9864 -55.7943 
v -29.9295 27.2151 -55.7942 
v -29.9295 27.215 -55.5584 
v -29.9416 26.9864 -55.7943 
v -29.9416 26.9863 -55.5584 
v -29.9416 26.9863 -55.5584 
v -34.3156 27.2171 -55.5584 
v -29.9416 26.9864 -55.7943 
v -34.3156 27.2171 -55.7943 
v -29.9295 27.215 -55.5584 
v -34.3036 27.4457 -55.5584 
v -29.9416 26.9863 -55.5584 
v -34.3156 27.2171 -55.5584 

vn -1 0.0551181 0 
vn -1 0.0551181 0 
vn -1 0.0551181 0 
vn -1 0.0551181 0 
vn 0.0551181 1 0 
vn 0.0551181 1 0 
vn 0.0551181 1 0 
vn 0.0551181 1 0 
vn 0 0 -1 
vn 0 0 -1 
vn 0 0 -1 
vn 0 0 -1 
vn 1 -0.0551181 0 
vn 1 -0.0551181 0 
vn 1 -0.0551181 0 
vn 1 -0.0551181 0 
vn -0.0551181 -1 0 
vn -0.0551181 -1 0 
vn -0.0551181 -1 0 
vn -0.0551181 -1 0 
vn 0 0 1 
vn 0 0 1 
vn 0 0 1 
vn 0 0 1 

vt 0.231556 1.04362 
vt 0.202075 1.04362 
vt 0.231556 1.01499 
vt 0.202075 1.01499 
vt 0.74959 1.04362 
vt 0.202075 1.04362 
vt 0.74959 1.01413 
vt 0.202075 1.01413 
vt 0.74959 1.04362 
vt 0.202075 1.04362 
vt 0.74959 1.01499 
vt 0.202075 1.01499 
vt 0.231556 1.04362 
vt 0.202075 1.04362 
vt 0.231556 1.01499 
vt 0.202075 1.01499 
vt 0.74959 1.04362 
vt 0.202075 1.04362 
vt 0.74959 1.01413 
vt 0.202075 1.01413 
vt 0.74959 1.04362 
vt 0.202075 1.04362 
vt 0.74959 1.01499 
vt 0.202075 1.01499 

usemtl Part1Mtl

f 793/793/793 794/794/794 795/795/795 
f 795/795/795 794/794/794 796/796/796 
f 797/797/797 798/798/798 799/799/799 
f 799/799/799 798/798/798 800/800/800 
f 801/801/801 802/802/802 803/803/803 
f 803/803/803 802/802/802 804/804/804 
f 805/805/805 806/806/806 807/807/807 
f 807/807/807 806/806/806 808/808/808 
f 809/809/809 810/810/810 811/811/811 
f 811/811/811 810/810/810 812/812/812 
f 813/813/813 814/814/814 815/815/815 
f 815/815/815 814/814/814 816/816/816 

g Part35

v -36.6064 29.6763 -55.5577 
v -36.6064 29.6763 -55.7935 
v -36.7626 29.5089 -55.5577 
v -36.7626 29.5089 -55.7936 
v -34.1571 27.3907 -55.7942 
v -36.6064 29.6763 -55.7935 
v -34.1571 27.3906 -55.5583 
v -36.6064 29.6763 -55.5577 
v -36.6064 29.6763 -55.7935 
v -34.1571 27.3907 -55.7942 
v -36.7626 29.5089 -55.7936 
v -34.3133 27.2233 -55.7942 
v -34.1571 27.3907 -55.7942 
v -34.1571 27.3906 -55.5583 
v -34.3133 27.2233 -55.7942 
v -34.3133 27.2232 -55.5584 
v -34.3133 27.2232 -55.5584 
v -36.7626 29.5089 -55.5577 
v -34.3133 27.2233 -55.7942 
v -36.7626 29.5089 -55.7936 
v -34.1571 27.3906 -55.5583 
v -36.6064 29.6763 -55.5577 
v -34.3133 27.2232 -55.5584 
v -36.7626 29.5089 -55.5577 

vn -0.732283 0.685039 0 
vn -0.732283 0.685039 0 
vn -0.732283 0.685039 0 
vn -0.732283 0.685039 0 
vn 0.685039 0.732283 0 
vn 0.685039 0.732283 0 
vn 0.685039 0.732283 0 
vn 0.685039 0.732283 0 
vn 0 0 -1 
vn 0 0 -1 
vn 0 0 -1 
vn 0 0 -1 
vn 0.732283 -0.685039 0 
vn 0.732283 -0.685039 0 
vn 0.732283 -0.685039 0 
vn 0.732283 -0.685039 0 
vn -0.685039 -0.732283 0 
vn -0.685039 -0.732283 0 
vn -0.685039 -0.732283 0 
vn -0.685039 -0.732283 0 
vn 0 0 1 
vn 0 0 1 
vn 0 0 1 
vn 0 0 1 

vt 0.124769 0.98737 
vt 0.0952877 0.98737 
vt 0.124769 0.958748 
vt 0.0952877 0.958748 
vt 0.514053 0.98737 
vt 0.0952877 0.98737 
vt 0.514053 0.957889 
vt 0.0952877 0.957889 
vt 0.514053 0.98737 
vt 0.0952877 0.98737 
vt 0.514053 0.958748 
vt 0.0952877 0.958748 
vt 0.124769 0.98737 
vt 0.0952877 0.98737 
vt 0.124769 0.958748 
vt 0.0952877 0.958748 
vt 0.514053 0.98737 
vt 0.0952877 0.98737 
vt 0.514053 0.957889 
vt 0.0952877 0.957889 
vt 0.514053 0.98737 
vt 0.0952877 0.98737 
vt 0.514053 0.958748 
vt 0.0952877 0.958748 

usemtl Part1Mtl

f 817/817/817 818/818/818 819/819/819 
f 819/819/819 818/818/818 820/820/820 
f 821/821/821 822/822/822 823/823/823 
f 823/823/823 822/822/822 824/824/824 
f 825/825/825 826/826/826 827/827/827 
f 827/827/827 826/826/826 828/828/828 
f 829/829/829 830/830/830 831/831/831 
f 831/831/831 830/830/830 832/832/832 
f 833/833/833 834/834/834 835/835/835 
f 835/835/835 834/834/834 836/836/836 
f 837/837/837 838/838/838 839/839/839 
f 839/839/839 838/838/838 840/840/840 

g Part36

v -36.5183 29.4835 -56.8909 
v -36.5183 29.4836 -57.2568 
v -36.5926 29.4038 -56.8909 
v -36.5926 29.4039 -57.2568 
v -34.2418 27.3593 -57.2574 
v -36.5183 29.4836 -57.2568 
v -34.2419 27.3592 -56.8915 
v -36.5183 29.4835 -56.8909 
v -36.5183 29.4836 -57.2568 
v -34.2418 27.3593 -57.2574 
v -36.5926 29.4039 -57.2568 
v -34.3162 27.2797 -57.2574 
v -34.2418 27.3593 -57.2574 
v -34.2419 27.3592 -56.8915 
v -34.3162 27.2797 -57.2574 
v -34.3162 27.2796 -56.8916 
v -34.3162 27.2796 -56.8916 
v -36.5926 29.4038 -56.8909 
v -34.3162 27.2797 -57.2574 
v -36.5926 29.4039 -57.2568 
v -34.2419 27.3592 -56.8915 
v -36.5183 29.4835 -56.8909 
v -34.3162 27.2796 -56.8916 
v -36.5926 29.4038 -56.8909 

vn -0.732283 0.685039 0 
vn -0.732283 0.685039 0 
vn -0.732283 0.685039 0 
vn -0.732283 0.685039 0 
vn 0.685039 0.732283 0 
vn 0.685039 0.732283 0 
vn 0.685039 0.732283 0 
vn 0.685039 0.732283 0 
vn 0 0 -1 
vn 0 0 -1 
vn 0 0 -1 
vn 0 0 -1 
vn 0.732283 -0.685039 0 
vn 0.732283 -0.685039 0 
vn 0.732283 -0.685039 0 
vn 0.732283 -0.685039 0 
vn -0.685039 -0.732283 0 
vn -0.685039 -0.732283 0 
vn -0.685039 -0.732283 0 
vn -0.685039 -0.732283 0 
vn 0 0 1 
vn 0 0 1 
vn 0 0 1 
vn 0 0 1 

vt 0.295731 -1.25 
vt 0.25 -1.25 
vt 0.295731 -1.26362 
vt 0.25 -1.26362 
vt 0.6392 -1.25 
vt 0.25 -1.25 
vt 0.6392 -1.29573 
vt 0.25 -1.29573 
vt 0.6392 -1.25 
vt 0.25 -1.25 
vt 0.6392 -1.26362 
vt 0.25 -1.26362 
vt 0.295731 -1.25 
vt 0.25 -1.25 
vt 0.295731 -1.26362 
vt 0.25 -1.26362 
vt 0.6392 -1.25 
vt 0.25 -1.25 
vt 0.6392 -1.29573 
vt 0.25 -1.29573 
vt 0.6392 -1.25 
vt 0.25 -1.25 
vt 0.6392 -1.26362 
vt 0.25 -1.26362 

usemtl Part2Mtl

f 841/841/841 842/842/842 843/843/843 
f 843/843/843 842/842/842 844/844/844 
f 845/845/845 846/846/846 847/847/847 
f 847/847/847 846/846/846 848/848/848 
f 849/849/849 850/850/850 851/851/851 
f 851/851/851 850/850/850 852/852/852 
f 853/853/853 854/854/854 855/855/855 
f 855/855/855 854/854/854 856/856/856 
f 857/857/857 858/858/858 859/859/859 
f 859/859/859 858/858/858 860/860/860 
f 861/861/861 862/862/862 863/863/863 
f 863/863/863 862/862/862 864/864/864 

g Part37

v -36.5183 29.4834 -56.5256 
v -36.5183 29.4835 -56.8914 
v -36.5926 29.4037 -56.5256 
v -36.5926 29.4038 -56.8914 
v -34.2418 27.3592 -56.892 
v -36.5183 29.4835 -56.8914 
v -34.2419 27.3591 -56.5262 
v -36.5183 29.4834 -56.5256 
v -36.5183 29.4835 -56.8914 
v -34.2418 27.3592 -56.892 
v -36.5926 29.4038 -56.8914 
v -34.3162 27.2796 -56.892 
v -34.2418 27.3592 -56.892 
v -34.2419 27.3591 -56.5262 
v -34.3162 27.2796 -56.892 
v -34.3162 27.2794 -56.5262 
v -34.3162 27.2794 -56.5262 
v -36.5926 29.4037 -56.5256 
v -34.3162 27.2796 -56.892 
v -36.5926 29.4038 -56.8914 
v -34.2419 27.3591 -56.5262 
v -36.5183 29.4834 -56.5256 
v -34.3162 27.2794 -56.5262 
v -36.5926 29.4037 -56.5256 

vn -0.732283 0.685039 0 
vn -0.732283 0.685039 0 
vn -0.732283 0.685039 0 
vn -0.732283 0.685039 0 
vn 0.685039 0.732283 0 
vn 0.685039 0.732283 0 
vn 0.685039 0.732283 0 
vn 0.685039 0.732283 0 
vn 0 0 -1 
vn 0 0 -1 
vn 0 0 -1 
vn 0 0 -1 
vn 0.732283 -0.685039 0 
vn 0.732283 -0.685039 0 
vn 0.732283 -0.685039 0 
vn 0.732283 -0.685039 0 
vn -0.685039 -0.732283 0 
vn -0.685039 -0.732283 0 
vn -0.685039 -0.732283 0 
vn -0.685039 -0.732283 0 
vn 0 0 1 
vn 0 0 1 
vn 0 0 1 
vn 0 0 1 

vt 1.79573 -0.25 
vt 1.75 -0.25 
vt 1.79573 -0.263622 
vt 1.75 -0.263622 
vt 2.1392 -0.25 
vt 1.75 -0.25 
vt 2.1392 -0.295731 
vt 1.75 -0.295731 
vt 2.1392 -0.25 
vt 1.75 -0.25 
vt 2.1392 -0.263622 
vt 1.75 -0.263622 
vt 1.79573 -0.25 
vt 1.75 -0.25 
vt 1.79573 -0.263622 
vt 1.75 -0.263622 
vt 2.1392 -0.25 
vt 1.75 -0.25 
vt 2.1392 -0.295731 
vt 1.75 -0.295731 
vt 2.1392 -0.25 
vt 1.75 -0.25 
vt 2.1392 -0.263622 
vt 1.75 -0.263622 

usemtl Part31Mtl

f 865/865/865 866/866/866 867/867/867 
f 867/867/867 866/866/866 868/868/868 
f 869/869/869 870/870/870 871/871/871 
f 871/871/871 870/870/870 872/872/872 
f 873/873/873 874/874/874 875/875/875 
f 875/875/875 874/874/874 876/876/876 
f 877/877/877 878/878/878 879/879/879 
f 879/879/879 878/878/878 880/880/880 
f 881/881/881 882/882/882 883/883/883 
f 883/883/883 882/882/882 884/884/884 
f 885/885/885 886/886/886 887/887/887 
f 887/887/887 886/886/886 888/888/888 

g Part38

v -36.5183 29.4837 -57.6216 
v -36.5183 29.4838 -57.9875 
v -36.5926 29.404 -57.6217 
v -36.5926 29.4042 -57.9875 
v -34.2418 27.3596 -57.9881 
v -36.5183 29.4838 -57.9875 
v -34.2419 27.3595 -57.6222 
v -36.5183 29.4837 -57.6216 
v -36.5183 29.4838 -57.9875 
v -34.2418 27.3596 -57.9881 
v -36.5926 29.4042 -57.9875 
v -34.3162 27.2799 -57.9881 
v -34.2418 27.3596 -57.9881 
v -34.2419 27.3595 -57.6222 
v -34.3162 27.2799 -57.9881 
v -34.3162 27.2798 -57.6223 
v -34.3162 27.2798 -57.6223 
v -36.5926 29.404 -57.6217 
v -34.3162 27.2799 -57.9881 
v -36.5926 29.4042 -57.9875 
v -34.2419 27.3595 -57.6222 
v -36.5183 29.4837 -57.6216 
v -34.3162 27.2798 -57.6223 
v -36.5926 29.404 -57.6217 

vn -0.732283 0.685039 0 
vn -0.732283 0.685039 0 
vn -0.732283 0.685039 0 
vn -0.732283 0.685039 0 
vn 0.685039 0.732283 0 
vn 0.685039 0.732283 0 
vn 0.685039 0.732283 0 
vn 0.685039 0.732283 0 
vn 0 0 -1 
vn 0 0 -1 
vn 0 0 -1 
vn 0 0 -1 
vn 0.732283 -0.685039 0 
vn 0.732283 -0.685039 0 
vn 0.732283 -0.685039 0 
vn 0.732283 -0.685039 0 
vn -0.685039 -0.732283 0 
vn -0.685039 -0.732283 0 
vn -0.685039 -0.732283 0 
vn -0.685039 -0.732283 0 
vn 0 0 1 
vn 0 0 1 
vn 0 0 1 
vn 0 0 1 

vt 3.54573 -5.75 
vt 3.5 -5.75 
vt 3.54573 -5.76362 
vt 3.5 -5.76362 
vt 3.8892 -5.75 
vt 3.5 -5.75 
vt 3.8892 -5.79573 
vt 3.5 -5.79573 
vt 3.8892 -5.75 
vt 3.5 -5.75 
vt 3.8892 -5.76362 
vt 3.5 -5.76362 
vt 3.54573 -5.75 
vt 3.5 -5.75 
vt 3.54573 -5.76362 
vt 3.5 -5.76362 
vt 3.8892 -5.75 
vt 3.5 -5.75 
vt 3.8892 -5.79573 
vt 3.5 -5.79573 
vt 3.8892 -5.75 
vt 3.5 -5.75 
vt 3.8892 -5.76362 
vt 3.5 -5.76362 

usemtl Part2Mtl

f 889/889/889 890/890/890 891/891/891 
f 891/891/891 890/890/890 892/892/892 
f 893/893/893 894/894/894 895/895/895 
f 895/895/895 894/894/894 896/896/896 
f 897/897/897 898/898/898 899/899/899 
f 899/899/899 898/898/898 900/900/900 
f 901/901/901 902/902/902 903/903/903 
f 903/903/903 902/902/902 904/904/904 
f 905/905/905 906/906/906 907/907/907 
f 907/907/907 906/906/906 908/908/908 
f 909/909/909 910/910/910 911/911/911 
f 911/911/911 910/910/910 912/912/912 

g Part39

v -34.3036 27.4466 -58.3528 
v -34.3036 27.4466 -58.5887 
v -34.3156 27.2179 -58.3529 
v -34.3156 27.218 -58.5887 
v -29.9295 27.2159 -58.5887 
v -34.3036 27.4466 -58.5887 
v -29.9295 27.2158 -58.3528 
v -34.3036 27.4466 -58.3528 
v -34.3036 27.4466 -58.5887 
v -29.9295 27.2159 -58.5887 
v -34.3156 27.218 -58.5887 
v -29.9416 26.9873 -58.5887 
v -29.9295 27.2159 -58.5887 
v -29.9295 27.2158 -58.3528 
v -29.9416 26.9873 -58.5887 
v -29.9416 26.9872 -58.3529 
v -29.9416 26.9872 -58.3529 
v -34.3156 27.2179 -58.3529 
v -29.9416 26.9873 -58.5887 
v -34.3156 27.218 -58.5887 
v -29.9295 27.2158 -58.3528 
v -34.3036 27.4466 -58.3528 
v -29.9416 26.9872 -58.3529 
v -34.3156 27.2179 -58.3529 

vn -1 0.0551181 0 
vn -1 0.0551181 0 
vn -1 0.0551181 0 
vn -1 0.0551181 0 
vn 0.0551181 1 0 
vn 0.0551181 1 0 
vn 0.0551181 1 0 
vn 0.0551181 1 0 
vn 0 0 -1 
vn 0 0 -1 
vn 0 0 -1 
vn 0 0 -1 
vn 1 -0.0551181 0 
vn 1 -0.0551181 0 
vn 1 -0.0551181 0 
vn 1 -0.0551181 0 
vn -0.0551181 -1 0 
vn -0.0551181 -1 0 
vn -0.0551181 -1 0 
vn -0.0551181 -1 0 
vn 0 0 1 
vn 0 0 1 
vn 0 0 1 
vn 0 0 1 

vt 0.0203162 1.10808 
vt -0.00916481 1.10808 
vt 0.0203162 1.07946 
vt -0.00916481 1.07946 
vt 0.53835 1.10808 
vt -0.00916481 1.10808 
vt 0.53835 1.0786 
vt -0.00916481 1.0786 
vt 0.53835 1.10808 
vt -0.00916481 1.10808 
vt 0.53835 1.07946 
vt -0.00916481 1.07946 
vt 0.0203162 1.10808 
vt -0.00916481 1.10808 
vt 0.0203162 1.07946 
vt -0.00916481 1.07946 
vt 0.53835 1.10808 
vt -0.00916481 1.10808 
vt 0.53835 1.0786 
vt -0.00916481 1.0786 
vt 0.53835 1.10808 
vt -0.00916481 1.10808 
vt 0.53835 1.07946 
vt -0.00916481 1.07946 

usemtl Part1Mtl

f 913/913/913 914/914/914 915/915/915 
f 915/915/915 914/914/914 916/916/916 
f 917/917/917 918/918/918 919/919/919 
f 919/919/919 918/918/918 920/920/920 
f 921/921/921 922/922/922 923/923/923 
f 923/923/923 922/922/922 924/924/924 
f 925/925/925 926/926/926 927/927/927 
f 927/927/927 926/926/926 928/928/928 
f 929/929/929 930/930/930 931/931/931 
f 931/931/931 930/930/930 932/932/932 
f 933/933/933 934/934/934 935/935/935 
f 935/935/935 934/934/934 936/936/936 

g Part40

v -34.3065 27.3895 -55.7956 
v -34.3065 27.3896 -56.1615 
v -34.3123 27.2806 -55.7957 
v -34.3123 27.2808 -56.1615 
v -29.9924 27.162 -56.1615 
v -34.3065 27.3896 -56.1615 
v -29.9924 27.1619 -55.7956 
v -34.3065 27.3895 -55.7956 
v -34.3065 27.3896 -56.1615 
v -29.9924 27.162 -56.1615 
v -34.3123 27.2808 -56.1615 
v -29.9981 27.0532 -56.1615 
v -29.9924 27.162 -56.1615 
v -29.9924 27.1619 -55.7956 
v -29.9981 27.0532 -56.1615 
v -29.9981 27.0531 -55.7957 
v -29.9981 27.0531 -55.7957 
v -34.3123 27.2806 -55.7957 
v -29.9981 27.0532 -56.1615 
v -34.3123 27.2808 -56.1615 
v -29.9924 27.1619 -55.7956 
v -34.3065 27.3895 -55.7956 
v -29.9981 27.0531 -55.7957 
v -34.3123 27.2806 -55.7957 

vn -1 0.0551181 0 
vn -1 0.0551181 0 
vn -1 0.0551181 0 
vn -1 0.0551181 0 
vn 0.0551181 1 0 
vn 0.0551181 1 0 
vn 0.0551181 1 0 
vn 0.0551181 1 0 
vn 0 0 -1 
vn 0 0 -1 
vn 0 0 -1 
vn 0 0 -1 
vn 1 -0.0551181 0 
vn 1 -0.0551181 0 
vn 1 -0.0551181 0 
vn 1 -0.0551181 0 
vn -0.0551181 -1 0 
vn -0.0551181 -1 0 
vn -0.0551181 -1 0 
vn -0.0551181 -1 0 
vn 0 0 1 
vn 0 0 1 
vn 0 0 1 
vn 0 0 1 

vt 3.54573 -5.25 
vt 3.5 -5.25 
vt 3.54573 -5.26362 
vt 3.5 -5.26362 
vt 4.04001 -5.25 
vt 3.5 -5.25 
vt 4.04001 -5.29573 
vt 3.5 -5.29573 
vt 4.04001 -5.25 
vt 3.5 -5.25 
vt 4.04001 -5.26362 
vt 3.5 -5.26362 
vt 3.54573 -5.25 
vt 3.5 -5.25 
vt 3.54573 -5.26362 
vt 3.5 -5.26362 
vt 4.04001 -5.25 
vt 3.5 -5.25 
vt 4.04001 -5.29573 
vt 3.5 -5.29573 
vt 4.04001 -5.25 
vt 3.5 -5.25 
vt 4.04001 -5.26362 
vt 3.5 -5.26362 

usemtl Part31Mtl

f 937/937/937 938/938/938 939/939/939 
f 939/939/939 938/938/938 940/940/940 
f 941/941/941 942/942/942 943/943/943 
f 943/943/943 942/942/942 944/944/944 
f 945/945/945 946/946/946 947/947/947 
f 947/947/947 946/946/946 948/948/948 
f 949/949/949 950/950/950 951/951/951 
f 951/951/951 950/950/950 952/952/952 
f 953/953/953 954/954/954 955/955/955 
f 955/955/955 954/954/954 956/956/956 
f 957/957/957 958/958/958 959/959/959 
f 959/959/959 958/958/958 960/960/960 

g Part41

v -36.6064 29.6771 -58.3521 
v -36.6064 29.6772 -58.588 
v -36.7626 29.5097 -58.3522 
v -36.7626 29.5098 -58.588 
v -34.1571 27.3916 -58.5886 
v -36.6064 29.6772 -58.588 
v -34.1571 27.3915 -58.3528 
v -36.6064 29.6771 -58.3521 
v -36.6064 29.6772 -58.588 
v -34.1571 27.3916 -58.5886 
v -36.7626 29.5098 -58.588 
v -34.3133 27.2242 -58.5887 
v -34.1571 27.3916 -58.5886 
v -34.1571 27.3915 -58.3528 
v -34.3133 27.2242 -58.5887 
v -34.3133 27.2241 -58.3528 
v -34.3133 27.2241 -58.3528 
v -36.7626 29.5097 -58.3522 
v -34.3133 27.2242 -58.5887 
v -36.7626 29.5098 -58.588 
v -34.1571 27.3915 -58.3528 
v -36.6064 29.6771 -58.3521 
v -34.3133 27.2241 -58.3528 
v -36.7626 29.5097 -58.3522 

vn -0.732283 0.685039 0 
vn -0.732283 0.685039 0 
vn -0.732283 0.685039 0 
vn -0.732283 0.685039 0 
vn 0.685039 0.732283 0 
vn 0.685039 0.732283 0 
vn 0.685039 0.732283 0 
vn 0.685039 0.732283 0 
vn 0 0 -1 
vn 0 0 -1 
vn 0 0 -1 
vn 0 0 -1 
vn 0.732283 -0.685039 0 
vn 0.732283 -0.685039 0 
vn 0.732283 -0.685039 0 
vn 0.732283 -0.685039 0 
vn -0.685039 -0.732283 0 
vn -0.685039 -0.732283 0 
vn -0.685039 -0.732283 0 
vn -0.685039 -0.732283 0 
vn 0 0 1 
vn 0 0 1 
vn 0 0 1 
vn 0 0 1 

vt -0.0221361 0.928971 
vt -0.0516171 0.928971 
vt -0.0221361 0.900349 
vt -0.0516171 0.900349 
vt 0.367148 0.928971 
vt -0.0516171 0.928971 
vt 0.367148 0.89949 
vt -0.0516171 0.89949 
vt 0.367148 0.928971 
vt -0.0516171 0.928971 
vt 0.367148 0.900349 
vt -0.0516171 0.900349 
vt -0.0221361 0.928971 
vt -0.0516171 0.928971 
vt -0.0221361 0.900349 
vt -0.0516171 0.900349 
vt 0.367148 0.928971 
vt -0.0516171 0.928971 
vt 0.367148 0.89949 
vt -0.0516171 0.89949 
vt 0.367148 0.928971 
vt -0.0516171 0.928971 
vt 0.367148 0.900349 
vt -0.0516171 0.900349 

usemtl Part1Mtl

f 961/961/961 962/962/962 963/963/963 
f 963/963/963 962/962/962 964/964/964 
f 965/965/965 966/966/966 967/967/967 
f 967/967/967 966/966/966 968/968/968 
f 969/969/969 970/970/970 971/971/971 
f 971/971/971 970/970/970 972/972/972 
f 973/973/973 974/974/974 975/975/975 
f 975/975/975 974/974/974 976/976/976 
f 977/977/977 978/978/978 979/979/979 
f 979/979/979 978/978/978 980/980/980 
f 981/981/981 982/982/982 983/983/983 
f 983/983/983 982/982/982 984/984/984 

g Part42

v -36.5183 29.4838 -57.987 
v -36.5183 29.4839 -58.3528 
v -36.5926 29.4041 -57.987 
v -36.5926 29.4043 -58.3529 
v -34.2418 27.3597 -58.3534 
v -36.5183 29.4839 -58.3528 
v -34.2419 27.3596 -57.9876 
v -36.5183 29.4838 -57.987 
v -36.5183 29.4839 -58.3528 
v -34.2418 27.3597 -58.3534 
v -36.5926 29.4043 -58.3529 
v -34.3162 27.28 -58.3535 
v -34.2418 27.3597 -58.3534 
v -34.2419 27.3596 -57.9876 
v -34.3162 27.28 -58.3535 
v -34.3162 27.2799 -57.9876 
v -34.3162 27.2799 -57.9876 
v -36.5926 29.4041 -57.987 
v -34.3162 27.28 -58.3535 
v -36.5926 29.4043 -58.3529 
v -34.2419 27.3596 -57.9876 
v -36.5183 29.4838 -57.987 
v -34.3162 27.2799 -57.9876 
v -36.5926 29.4041 -57.987 

vn -0.732283 0.685039 0 
vn -0.732283 0.685039 0 
vn -0.732283 0.685039 0 
vn -0.732283 0.685039 0 
vn 0.685039 0.732283 0 
vn 0.685039 0.732283 0 
vn 0.685039 0.732283 0 
vn 0.685039 0.732283 0 
vn 0 0 -1 
vn 0 0 -1 
vn 0 0 -1 
vn 0 0 -1 
vn 0.732283 -0.685039 0 
vn 0.732283 -0.685039 0 
vn 0.732283 -0.685039 0 
vn 0.732283 -0.685039 0 
vn -0.685039 -0.732283 0 
vn -0.685039 -0.732283 0 
vn -0.685039 -0.732283 0 
vn -0.685039 -0.732283 0 
vn 0 0 1 
vn 0 0 1 
vn 0 0 1 
vn 0 0 1 

vt 0.545731 -4 
vt 0.5 -4 
vt 0.545731 -4.01362 
vt 0.5 -4.01362 
vt 0.8892 -4 
vt 0.5 -4 
vt 0.8892 -4.04573 
vt 0.5 -4.04573 
vt 0.8892 -4 
vt 0.5 -4 
vt 0.8892 -4.01362 
vt 0.5 -4.01362 
vt 0.545731 -4 
vt 0.5 -4 
vt 0.545731 -4.01362 
vt 0.5 -4.01362 
vt 0.8892 -4 
vt 0.5 -4 
vt 0.8892 -4.04573 
vt 0.5 -4.04573 
vt 0.8892 -4 
vt 0.5 -4 
vt 0.8892 -4.01362 
vt 0.5 -4.01362 

usemtl Part31Mtl

f 985/985/985 986/986/986 987/987/987 
f 987/987/987 986/986/986 988/988/988 
f 989/989/989 990/990/990 991/991/991 
f 991/991/991 990/990/990 992/992/992 
f 993/993/993 994/994/994 995/995/995 
f 995/995/995 994/994/994 996/996/996 
f 997/997/997 998/998/998 999/999/999 
f 999/999/999 998/998/998 1000/1000/1000 
f 1001/1001/1001 1002/1002/1002 1003/1003/1003 
f 1003/1003/1003 1002/1002/1002 1004/1004/1004 
f 1005/1005/1005 1006/1006/1006 1007/1007/1007 
f 1007/1007/1007 1006/1006/1006 1008/1008/1008 

g Part43

v -34.3065 27.3899 -57.2565 
v -34.3065 27.39 -57.6223 
v -34.3123 27.2811 -57.2565 
v -34.3123 27.2812 -57.6223 
v -29.9924 27.1625 -57.6223 
v -34.3065 27.39 -57.6223 
v -29.9924 27.1623 -57.2565 
v -34.3065 27.3899 -57.2565 
v -34.3065 27.39 -57.6223 
v -29.9924 27.1625 -57.6223 
v -34.3123 27.2812 -57.6223 
v -29.9981 27.0536 -57.6223 
v -29.9924 27.1625 -57.6223 
v -29.9924 27.1623 -57.2565 
v -29.9981 27.0536 -57.6223 
v -29.9981 27.0535 -57.2565 
v -29.9981 27.0535 -57.2565 
v -34.3123 27.2811 -57.2565 
v -29.9981 27.0536 -57.6223 
v -34.3123 27.2812 -57.6223 
v -29.9924 27.1623 -57.2565 
v -34.3065 27.3899 -57.2565 
v -29.9981 27.0535 -57.2565 
v -34.3123 27.2811 -57.2565 

vn -1 0.0551181 0 
vn -1 0.0551181 0 
vn -1 0.0551181 0 
vn -1 0.0551181 0 
vn 0.0551181 1 0 
vn 0.0551181 1 0 
vn 0.0551181 1 0 
vn 0.0551181 1 0 
vn 0 0 -1 
vn 0 0 -1 
vn 0 0 -1 
vn 0 0 -1 
vn 1 -0.0551181 0 
vn 1 -0.0551181 0 
vn 1 -0.0551181 0 
vn 1 -0.0551181 0 
vn -0.0551181 -1 0 
vn -0.0551181 -1 0 
vn -0.0551181 -1 0 
vn -0.0551181 -1 0 
vn 0 0 1 
vn 0 0 1 
vn 0 0 1 
vn 0 0 1 

vt 0.795731 -2.5 
vt 0.75 -2.5 
vt 0.795731 -2.51362 
vt 0.75 -2.51362 
vt 1.29001 -2.5 
vt 0.75 -2.5 
vt 1.29001 -2.54573 
vt 0.75 -2.54573 
vt 1.29001 -2.5 
vt 0.75 -2.5 
vt 1.29001 -2.51362 
vt 0.75 -2.51362 
vt 0.795731 -2.5 
vt 0.75 -2.5 
vt 0.795731 -2.51362 
vt 0.75 -2.51362 
vt 1.29001 -2.5 
vt 0.75 -2.5 
vt 1.29001 -2.54573 
vt 0.75 -2.54573 
vt 1.29001 -2.5 
vt 0.75 -2.5 
vt 1.29001 -2.51362 
vt 0.75 -2.51362 

usemtl Part31Mtl

f 1009/1009/1009 1010/1010/1010 1011/1011/1011 
f 1011/1011/1011 1010/1010/1010 1012/1012/1012 
f 1013/1013/1013 1014/1014/1014 1015/1015/1015 
f 1015/1015/1015 1014/1014/1014 1016/1016/1016 
f 1017/1017/1017 1018/1018/1018 1019/1019/1019 
f 1019/1019/1019 1018/1018/1018 1020/1020/1020 
f 1021/1021/1021 1022/1022/1022 1023/1023/1023 
f 1023/1023/1023 1022/1022/1022 1024/1024/1024 
f 1025/1025/1025 1026/1026/1026 1027/1027/1027 
f 1027/1027/1027 1026/1026/1026 1028/1028/1028 
f 1029/1029/1029 1030/1030/1030 1031/1031/1031 
f 1031/1031/1031 1030/1030/1030 1032/1032/1032 

g Part44

v -34.3065 27.3898 -56.8912 
v -34.3065 27.3899 -57.2571 
v -34.3123 27.281 -56.8913 
v -34.3123 27.2811 -57.2571 
v -29.9924 27.1623 -57.2571 
v -34.3065 27.3899 -57.2571 
v -29.9924 27.1622 -56.8912 
v -34.3065 27.3898 -56.8912 
v -34.3065 27.3899 -57.2571 
v -29.9924 27.1623 -57.2571 
v -34.3123 27.2811 -57.2571 
v -29.9981 27.0535 -57.2571 
v -29.9924 27.1623 -57.2571 
v -29.9924 27.1622 -56.8912 
v -29.9981 27.0535 -57.2571 
v -29.9981 27.0534 -56.8913 
v -29.9981 27.0534 -56.8913 
v -34.3123 27.281 -56.8913 
v -29.9981 27.0535 -57.2571 
v -34.3123 27.2811 -57.2571 
v -29.9924 27.1622 -56.8912 
v -34.3065 27.3898 -56.8912 
v -29.9981 27.0534 -56.8913 
v -34.3123 27.281 -56.8913 

vn -1 0.0551181 0 
vn -1 0.0551181 0 
vn -1 0.0551181 0 
vn -1 0.0551181 0 
vn 0.0551181 1 0 
vn 0.0551181 1 0 
vn 0.0551181 1 0 
vn 0.0551181 1 0 
vn 0 0 -1 
vn 0 0 -1 
vn 0 0 -1 
vn 0 0 -1 
vn 1 -0.0551181 0 
vn 1 -0.0551181 0 
vn 1 -0.0551181 0 
vn 1 -0.0551181 0 
vn -0.0551181 -1 0 
vn -0.0551181 -1 0 
vn -0.0551181 -1 0 
vn -0.0551181 -1 0 
vn 0 0 1 
vn 0 0 1 
vn 0 0 1 
vn 0 0 1 

vt 5.04573 -0.25 
vt 5 -0.25 
vt 5.04573 -0.263622 
vt 5 -0.263622 
vt 5.54001 -0.25 
vt 5 -0.25 
vt 5.54001 -0.295731 
vt 5 -0.295731 
vt 5.54001 -0.25 
vt 5 -0.25 
vt 5.54001 -0.263622 
vt 5 -0.263622 
vt 5.04573 -0.25 
vt 5 -0.25 
vt 5.04573 -0.263622 
vt 5 -0.263622 
vt 5.54001 -0.25 
vt 5 -0.25 
vt 5.54001 -0.295731 
vt 5 -0.295731 
vt 5.54001 -0.25 
vt 5 -0.25 
vt 5.54001 -0.263622 
vt 5 -0.263622 

usemtl Part2Mtl

f 1033/1033/1033 1034/1034/1034 1035/1035/1035 
f 1035/1035/1035 1034/1034/1034 1036/1036/1036 
f 1037/1037/1037 1038/1038/1038 1039/1039/1039 
f 1039/1039/1039 1038/1038/1038 1040/1040/1040 
f 1041/1041/1041 1042/1042/1042 1043/1043/1043 
f 1043/1043/1043 1042/1042/1042 1044/1044/1044 
f 1045/1045/1045 1046/1046/1046 1047/1047/1047 
f 1047/1047/1047 1046/1046/1046 1048/1048/1048 
f 1049/1049/1049 1050/1050/1050 1051/1051/1051 
f 1051/1051/1051 1050/1050/1050 1052/1052/1052 
f 1053/1053/1053 1054/1054/1054 1055/1055/1055 
f 1055/1055/1055 1054/1054/1054 1056/1056/1056 

g Part45

v -36.5183 29.4833 -56.1604 
v -36.5183 29.4834 -56.5263 
v -36.5926 29.4036 -56.1605 
v -36.5926 29.4037 -56.5263 
v -34.2418 27.3591 -56.5269 
v -36.5183 29.4834 -56.5263 
v -34.2419 27.359 -56.1611 
v -36.5183 29.4833 -56.1604 
v -36.5183 29.4834 -56.5263 
v -34.2418 27.3591 -56.5269 
v -36.5926 29.4037 -56.5263 
v -34.3162 27.2794 -56.5269 
v -34.2418 27.3591 -56.5269 
v -34.2419 27.359 -56.1611 
v -34.3162 27.2794 -56.5269 
v -34.3162 27.2793 -56.1611 
v -34.3162 27.2793 -56.1611 
v -36.5926 29.4036 -56.1605 
v -34.3162 27.2794 -56.5269 
v -36.5926 29.4037 -56.5263 
v -34.2419 27.359 -56.1611 
v -36.5183 29.4833 -56.1604 
v -34.3162 27.2793 -56.1611 
v -36.5926 29.4036 -56.1605 

vn -0.732283 0.685039 0 
vn -0.732283 0.685039 0 
vn -0.732283 0.685039 0 
vn -0.732283 0.685039 0 
vn 0.685039 0.732283 0 
vn 0.685039 0.732283 0 
vn 0.685039 0.732283 0 
vn 0.685039 0.732283 0 
vn 0 0 -1 
vn 0 0 -1 
vn 0 0 -1 
vn 0 0 -1 
vn 0.732283 -0.685039 0 
vn 0.732283 -0.685039 0 
vn 0.732283 -0.685039 0 
vn 0.732283 -0.685039 0 
vn -0.685039 -0.732283 0 
vn -0.685039 -0.732283 0 
vn -0.685039 -0.732283 0 
vn -0.685039 -0.732283 0 
vn 0 0 1 
vn 0 0 1 
vn 0 0 1 
vn 0 0 1 

vt 1.04573 -3 
vt 1 -3 
vt 1.04573 -3.01362 
vt 1 -3.01362 
vt 1.3892 -3 
vt 1 -3 
vt 1.3892 -3.04573 
vt 1 -3.04573 
vt 1.3892 -3 
vt 1 -3 
vt 1.3892 -3.01362 
vt 1 -3.01362 
vt 1.04573 -3 
vt 1 -3 
vt 1.04573 -3.01362 
vt 1 -3.01362 
vt 1.3892 -3 
vt 1 -3 
vt 1.3892 -3.04573 
vt 1 -3.04573 
vt 1.3892 -3 
vt 1 -3 
vt 1.3892 -3.01362 
vt 1 -3.01362 

usemtl Part2Mtl

f 1057/1057/1057 1058/1058/1058 1059/1059/1059 
f 1059/1059/1059 1058/1058/1058 1060/1060/1060 
f 1061/1061/1061 1062/1062/1062 1063/1063/1063 
f 1063/1063/1063 1062/1062/1062 1064/1064/1064 
f 1065/1065/1065 1066/1066/1066 1067/1067/1067 
f 1067/1067/1067 1066/1066/1066 1068/1068/1068 
f 1069/1069/1069 1070/1070/1070 1071/1071/1071 
f 1071/1071/1071 1070/1070/1070 1072/1072/1072 
f 1073/1073/1073 1074/1074/1074 1075/1075/1075 
f 1075/1075/1075 1074/1074/1074 1076/1076/1076 
f 1077/1077/1077 1078/1078/1078 1079/1079/1079 
f 1079/1079/1079 1078/1078/1078 1080/1080/1080 

g Part46

v -36.5184 29.4831 -55.795 
v -36.5184 29.4833 -56.1608 
v -36.5927 29.4035 -55.795 
v -36.5927 29.4036 -56.1608 
v -34.242 27.359 -56.1614 
v -36.5184 29.4833 -56.1608 
v -34.242 27.3589 -55.7956 
v -36.5184 29.4831 -55.795 
v -36.5184 29.4833 -56.1608 
v -34.242 27.359 -56.1614 
v -36.5927 29.4036 -56.1608 
v -34.3163 27.2793 -56.1615 
v -34.242 27.359 -56.1614 
v -34.242 27.3589 -55.7956 
v -34.3163 27.2793 -56.1615 
v -34.3163 27.2792 -55.7956 
v -34.3163 27.2792 -55.7956 
v -36.5927 29.4035 -55.795 
v -34.3163 27.2793 -56.1615 
v -36.5927 29.4036 -56.1608 
v -34.242 27.3589 -55.7956 
v -36.5184 29.4831 -55.795 
v -34.3163 27.2792 -55.7956 
v -36.5927 29.4035 -55.795 

vn -0.732283 0.685039 0 
vn -0.732283 0.685039 0 
vn -0.732283 0.685039 0 
vn -0.732283 0.685039 0 
vn 0.685039 0.732283 0 
vn 0.685039 0.732283 0 
vn 0.685039 0.732283 0 
vn 0.685039 0.732283 0 
vn 0 0 -1 
vn 0 0 -1 
vn 0 0 -1 
vn 0 0 -1 
vn 0.732283 -0.685039 0 
vn 0.732283 -0.685039 0 
vn 0.732283 -0.685039 0 
vn 0.732283 -0.685039 0 
vn -0.685039 -0.732283 0 
vn -0.685039 -0.732283 0 
vn -0.685039 -0.732283 0 
vn -0.685039 -0.732283 0 
vn 0 0 1 
vn 0 0 1 
vn 0 0 1 
vn 0 0 1 

vt 2.29573 1 
vt 2.25 1 
vt 2.29573 0.986378 
vt 2.25 0.986378 
vt 2.6392 1 
vt 2.25 1 
vt 2.6392 0.954269 
vt 2.25 0.954269 
vt 2.6392 1 
vt 2.25 1 
vt 2.6392 0.986378 
vt 2.25 0.986378 
vt 2.29573 1 
vt 2.25 1 
vt 2.29573 0.986378 
vt 2.25 0.986378 
vt 2.6392 1 
vt 2.25 1 
vt 2.6392 0.954269 
vt 2.25 0.954269 
vt 2.6392 1 
vt 2.25 1 
vt 2.6392 0.986378 
vt 2.25 0.986378 

usemtl Part31Mtl

f 1081/1081/1081 1082/1082/1082 1083/1083/1083 
f 1083/1083/1083 1082/1082/1082 1084/1084/1084 
f 1085/1085/1085 1086/1086/1086 1087/1087/1087 
f 1087/1087/1087 1086/1086/1086 1088/1088/1088 
f 1089/1089/1089 1090/1090/1090 1091/1091/1091 
f 1091/1091/1091 1090/1090/1090 1092/1092/1092 
f 1093/1093/1093 1094/1094/1094 1095/1095/1095 
f 1095/1095/1095 1094/1094/1094 1096/1096/1096 
f 1097/1097/1097 1098/1098/1098 1099/1099/1099 
f 1099/1099/1099 1098/1098/1098 1100/1100/1100 
f 1101/1101/1101 1102/1102/1102 1103/1103/1103 
f 1103/1103/1103 1102/1102/1102 1104/1104/1104 

g Part47

v -33.9469 27.2269 -55.5844 
v -33.9469 27.227 -55.7671 
v -34.1157 27.2818 -55.5843 
v -34.1157 27.2819 -55.7671 
v -34.4512 25.6768 -55.7676 
v -33.9469 27.227 -55.7671 
v -34.4512 25.6768 -55.5848 
v -33.9469 27.2269 -55.5844 
v -33.9469 27.227 -55.7671 
v -34.4512 25.6768 -55.7676 
v -34.1157 27.2819 -55.7671 
v -34.6199 25.7317 -55.7676 
v -34.4512 25.6768 -55.7676 
v -34.4512 25.6768 -55.5848 
v -34.6199 25.7317 -55.7676 
v -34.6199 25.7317 -55.5848 
v -34.6199 25.7317 -55.5848 
v -34.1157 27.2818 -55.5843 
v -34.6199 25.7317 -55.7676 
v -34.1157 27.2819 -55.7671 
v -34.4512 25.6768 -55.5848 
v -33.9469 27.2269 -55.5844 
v -34.6199 25.7317 -55.5848 
v -34.1157 27.2818 -55.5843 

vn 0.307087 0.952756 0 
vn 0.307087 0.952756 0 
vn 0.307087 0.952756 0 
vn 0.307087 0.952756 0 
vn 0.952756 -0.307087 0 
vn 0.952756 -0.307087 0 
vn 0.952756 -0.307087 0 
vn 0.952756 -0.307087 0 
vn 0 0 -1 
vn 0 0 -1 
vn 0 0 -1 
vn 0 0 -1 
vn -0.307087 -0.952756 0 
vn -0.307087 -0.952756 0 
vn -0.307087 -0.952756 0 
vn -0.307087 -0.952756 0 
vn -0.952756 0.307087 0 
vn -0.952756 0.307087 0 
vn -0.952756 0.307087 0 
vn -0.952756 0.307087 0 
vn 0 0 1 
vn 0 0 1 
vn 0 0 1 
vn 0 0 1 

vt 0.032081 1.0112 
vt 0.00923559 1.0112 
vt 0.032081 0.989024 
vt 0.00923559 0.989024 
vt 0.213001 1.0112 
vt 0.00923559 1.0112 
vt 0.213001 0.988358 
vt 0.00923559 0.988358 
vt 0.213001 1.0112 
vt 0.00923559 1.0112 
vt 0.213001 0.989024 
vt 0.00923559 0.989024 
vt 0.032081 1.0112 
vt 0.00923559 1.0112 
vt 0.032081 0.989024 
vt 0.00923559 0.989024 
vt 0.213001 1.0112 
vt 0.00923559 1.0112 
vt 0.213001 0.988358 
vt 0.00923559 0.988358 
vt 0.213001 1.0112 
vt 0.00923559 1.0112 
vt 0.213001 0.989024 
vt 0.00923559 0.989024 

usemtl Part1Mtl

f 1105/1105/1105 1106/1106/1106 1107/1107/1107 
f 1107/1107/1107 1106/1106/1106 1108/1108/1108 
f 1109/1109/1109 1110/1110/1110 1111/1111/1111 
f 1111/1111/1111 1110/1110/1110 1112/1112/1112 
f 1113/1113/1113 1114/1114/1114 1115/1115/1115 
f 1115/1115/1115 1114/1114/1114 1116/1116/1116 
f 1117/1117/1117 1118/1118/1118 1119/1119/1119 
f 1119/1119/1119 1118/1118/1118 1120/1120/1120 
f 1121/1121/1121 1122/1122/1122 1123/1123/1123 
f 1123/1123/1123 1122/1122/1122 1124/1124/1124 
f 1125/1125/1125 1126/1126/1126 1127/1127/1127 
f 1127/1127/1127 1126/1126/1126 1128/1128/1128 

g Part48

v -30.5735 26.2804 -58.4783 
v -30.6943 26.2868 -58.4783 
v -30.5673 26.3977 -58.4782 
v -30.6881 26.4041 -58.4782 
v -30.6944 26.2859 -55.6425 
v -30.6943 26.2868 -58.4783 
v -30.5736 26.2795 -55.6425 
v -30.5735 26.2804 -58.4783 
v -30.6943 26.2868 -58.4783 
v -30.6944 26.2859 -55.6425 
v -30.6881 26.4041 -58.4782 
v -30.6882 26.4032 -55.6425 
v -30.6944 26.2859 -55.6425 
v -30.5736 26.2795 -55.6425 
v -30.6882 26.4032 -55.6425 
v -30.5674 26.3968 -55.6425 
v -30.5674 26.3968 -55.6425 
v -30.5673 26.3977 -58.4782 
v -30.6882 26.4032 -55.6425 
v -30.6881 26.4041 -58.4782 
v -30.5736 26.2795 -55.6425 
v -30.5735 26.2804 -58.4783 
v -30.5674 26.3968 -55.6425 
v -30.5673 26.3977 -58.4782 

vn 0 0 -1 
vn 0 0 -1 
vn 0 0 -1 
vn 0 0 -1 
vn -0.0551181 -1 0 
vn -0.0551181 -1 0 
vn -0.0551181 -1 0 
vn -0.0551181 -1 0 
vn -1 0.0551181 0 
vn -1 0.0551181 0 
vn -1 0.0551181 0 
vn -1 0.0551181 0 
vn 0 0 1 
vn 0 0 1 
vn 0 0 1 
vn 0 0 1 
vn 0.0551181 1 0 
vn 0.0551181 1 0 
vn 0.0551181 1 0 
vn 0.0551181 1 0 
vn 1 -0.0551181 0 
vn 1 -0.0551181 0 
vn 1 -0.0551181 0 
vn 1 -0.0551181 0 

vt 0.0889725 0.863692 
vt 0.0738522 0.863692 
vt 0.0889725 0.849013 
vt 0.0738522 0.849013 
vt 0.428325 0.863692 
vt 0.0738522 0.863692 
vt 0.428325 0.848572 
vt 0.0738522 0.848572 
vt 0.428325 0.863692 
vt 0.0738522 0.863692 
vt 0.428325 0.849013 
vt 0.0738522 0.849013 
vt 0.0889725 0.863692 
vt 0.0738522 0.863692 
vt 0.0889725 0.849013 
vt 0.0738522 0.849013 
vt 0.428325 0.863692 
vt 0.0738522 0.863692 
vt 0.428325 0.848572 
vt 0.0738522 0.848572 
vt 0.428325 0.863692 
vt 0.0738522 0.863692 
vt 0.428325 0.849013 
vt 0.0738522 0.849013 

usemtl Part1Mtl

f 1129/1129/1129 1130/1130/1130 1131/1131/1131 
f 1131/1131/1131 1130/1130/1130 1132/1132/1132 
f 1133/1133/1133 1134/1134/1134 1135/1135/1135 
f 1135/1135/1135 1134/1134/1134 1136/1136/1136 
f 1137/1137/1137 1138/1138/1138 1139/1139/1139 
f 1139/1139/1139 1138/1138/1138 1140/1140/1140 
f 1141/1141/1141 1142/1142/1142 1143/1143/1143 
f 1143/1143/1143 1142/1142/1142 1144/1144/1144 
f 1145/1145/1145 1146/1146/1146 1147/1147/1147 
f 1147/1147/1147 1146/1146/1146 1148/1148/1148 
f 1149/1149/1149 1150/1150/1150 1151/1151/1151 
f 1151/1151/1151 1150/1150/1150 1152/1152/1152 

g Part49

v -31.1005 27.0744 -55.7671 
v -31.1005 27.0743 -55.5843 
v -30.9423 27.1549 -55.7671 
v -30.9423 27.1548 -55.5843 
v -30.252 25.4077 -55.5848 
v -31.1005 27.0743 -55.5843 
v -30.252 25.4078 -55.7676 
v -31.1005 27.0744 -55.7671 
v -31.1005 27.0743 -55.5843 
v -30.252 25.4077 -55.5848 
v -30.9423 27.1548 -55.5843 
v -30.0939 25.4882 -55.5848 
v -30.252 25.4077 -55.5848 
v -30.252 25.4078 -55.7676 
v -30.0939 25.4882 -55.5848 
v -30.0939 25.4883 -55.7676 
v -30.0939 25.4883 -55.7676 
v -30.9423 27.1549 -55.7671 
v -30.0939 25.4882 -55.5848 
v -30.9423 27.1548 -55.5843 
v -30.252 25.4078 -55.7676 
v -31.1005 27.0744 -55.7671 
v -30.0939 25.4883 -55.7676 
v -30.9423 27.1549 -55.7671 

vn -0.456693 0.889764 0 
vn -0.456693 0.889764 0 
vn -0.456693 0.889764 0 
vn -0.456693 0.889764 0 
vn -0.889764 -0.456693 0 
vn -0.889764 -0.456693 0 
vn -0.889764 -0.456693 0 
vn -0.889764 -0.456693 0 
vn 0 0 1 
vn 0 0 1 
vn 0 0 1 
vn 0 0 1 
vn 0.456693 -0.889764 0 
vn 0.456693 -0.889764 0 
vn 0.456693 -0.889764 0 
vn 0.456693 -0.889764 0 
vn 0.889764 0.456693 0 
vn 0.889764 0.456693 0 
vn 0.889764 0.456693 0 
vn 0.889764 0.456693 0 
vn 0 0 -1 
vn 0 0 -1 
vn 0 0 -1 
vn 0 0 -1 

vt -0.0382339 1.08152 
vt -0.0610793 1.08152 
vt -0.0382339 1.05934 
vt -0.0610793 1.05934 
vt 0.172686 1.08152 
vt -0.0610793 1.08152 
vt 0.172686 1.05867 
vt -0.0610793 1.05867 
vt 0.172686 1.08152 
vt -0.0610793 1.08152 
vt 0.172686 1.05934 
vt -0.0610793 1.05934 
vt -0.0382339 1.08152 
vt -0.0610793 1.08152 
vt -0.0382339 1.05934 
vt -0.0610793 1.05934 
vt 0.172686 1.08152 
vt -0.0610793 1.08152 
vt 0.172686 1.05867 
vt -0.0610793 1.05867 
vt 0.172686 1.08152 
vt -0.0610793 1.08152 
vt 0.172686 1.05934 
vt -0.0610793 1.05934 

usemtl Part1Mtl

f 1153/1153/1153 1154/1154/1154 1155/1155/1155 
f 1155/1155/1155 1154/1154/1154 1156/1156/1156 
f 1157/1157/1157 1158/1158/1158 1159/1159/1159 
f 1159/1159/1159 1158/1158/1158 1160/1160/1160 
f 1161/1161/1161 1162/1162/1162 1163/1163/1163 
f 1163/1163/1163 1162/1162/1162 1164/1164/1164 
f 1165/1165/1165 1166/1166/1166 1167/1167/1167 
f 1167/1167/1167 1166/1166/1166 1168/1168/1168 
f 1169/1169/1169 1170/1170/1170 1171/1171/1171 
f 1171/1171/1171 1170/1170/1170 1172/1172/1172 
f 1173/1173/1173 1174/1174/1174 1175/1175/1175 
f 1175/1175/1175 1174/1174/1174 1176/1176/1176 

g Part50

v -34.4489 25.5443 -58.5607 
v -34.6314 25.554 -58.5607 
v -34.4396 25.7215 -58.5607 
v -34.6221 25.7311 -58.5607 
v -34.6315 25.553 -55.5906 
v -34.6314 25.554 -58.5607 
v -34.449 25.5434 -55.5906 
v -34.4489 25.5443 -58.5607 
v -34.6314 25.554 -58.5607 
v -34.6315 25.553 -55.5906 
v -34.6221 25.7311 -58.5607 
v -34.6221 25.7302 -55.5905 
v -34.6315 25.553 -55.5906 
v -34.449 25.5434 -55.5906 
v -34.6221 25.7302 -55.5905 
v -34.4396 25.7206 -55.5905 
v -34.4396 25.7206 -55.5905 
v -34.4396 25.7215 -58.5607 
v -34.6221 25.7302 -55.5905 
v -34.6221 25.7311 -58.5607 
v -34.449 25.5434 -55.5906 
v -34.4489 25.5443 -58.5607 
v -34.4396 25.7206 -55.5905 
v -34.4396 25.7215 -58.5607 

vn 0 0 -1 
vn 0 0 -1 
vn 0 0 -1 
vn 0 0 -1 
vn -0.0551181 -1 0 
vn -0.0551181 -1 0 
vn -0.0551181 -1 0 
vn -0.0551181 -1 0 
vn -1 0.0551181 0 
vn -1 0.0551181 0 
vn -1 0.0551181 0 
vn -1 0.0551181 0 
vn 0 0 1 
vn 0 0 1 
vn 0 0 1 
vn 0 0 1 
vn 0.0551181 1 0 
vn 0.0551181 1 0 
vn 0.0551181 1 0 
vn 0.0551181 1 0 
vn 1 -0.0551181 0 
vn 1 -0.0551181 0 
vn 1 -0.0551181 0 
vn 1 -0.0551181 0 

vt 0.123033 0.984546 
vt 0.100188 0.984546 
vt 0.123033 0.962367 
vt 0.100188 0.962367 
vt 0.471453 0.984546 
vt 0.100188 0.984546 
vt 0.471453 0.961701 
vt 0.100188 0.961701 
vt 0.471453 0.984546 
vt 0.100188 0.984546 
vt 0.471453 0.962367 
vt 0.100188 0.962367 
vt 0.123033 0.984546 
vt 0.100188 0.984546 
vt 0.123033 0.962367 
vt 0.100188 0.962367 
vt 0.471453 0.984546 
vt 0.100188 0.984546 
vt 0.471453 0.961701 
vt 0.100188 0.961701 
vt 0.471453 0.984546 
vt 0.100188 0.984546 
vt 0.471453 0.962367 
vt 0.100188 0.962367 

usemtl Part1Mtl

f 1177/1177/1177 1178/1178/1178 1179/1179/1179 
f 1179/1179/1179 1178/1178/1178 1180/1180/1180 
f 1181/1181/1181 1182/1182/1182 1183/1183/1183 
f 1183/1183/1183 1182/1182/1182 1184/1184/1184 
f 1185/1185/1185 1186/1186/1186 1187/1187/1187 
f 1187/1187/1187 1186/1186/1186 1188/1188/1188 
f 1189/1189/1189 1190/1190/1190 1191/1191/1191 
f 1191/1191/1191 1190/1190/1190 1192/1192/1192 
f 1193/1193/1193 1194/1194/1194 1195/1195/1195 
f 1195/1195/1195 1194/1194/1194 1196/1196/1196 
f 1197/1197/1197 1198/1198/1198 1199/1199/1199 
f 1199/1199/1199 1198/1198/1198 1200/1200/1200 

g Part51

v -34.2098 26.4722 -58.4783 
v -34.3306 26.4786 -58.4783 
v -34.2036 26.5895 -58.4782 
v -34.3244 26.5959 -58.4782 
v -34.3306 26.4777 -55.6425 
v -34.3306 26.4786 -58.4783 
v -34.2098 26.4714 -55.6425 
v -34.2098 26.4722 -58.4783 
v -34.3306 26.4786 -58.4783 
v -34.3306 26.4777 -55.6425 
v -34.3244 26.5959 -58.4782 
v -34.3244 26.595 -55.6425 
v -34.3306 26.4777 -55.6425 
v -34.2098 26.4714 -55.6425 
v -34.3244 26.595 -55.6425 
v -34.2036 26.5886 -55.6425 
v -34.2036 26.5886 -55.6425 
v -34.2036 26.5895 -58.4782 
v -34.3244 26.595 -55.6425 
v -34.3244 26.5959 -58.4782 
v -34.2098 26.4714 -55.6425 
v -34.2098 26.4722 -58.4783 
v -34.2036 26.5886 -55.6425 
v -34.2036 26.5895 -58.4782 

vn 0 0 -1 
vn 0 0 -1 
vn 0 0 -1 
vn 0 0 -1 
vn -0.0551181 -1 0 
vn -0.0551181 -1 0 
vn -0.0551181 -1 0 
vn -0.0551181 -1 0 
vn -1 0.0551181 0 
vn -1 0.0551181 0 
vn -1 0.0551181 0 
vn -1 0.0551181 0 
vn 0 0 1 
vn 0 0 1 
vn 0 0 1 
vn 0 0 1 
vn 0.0551181 1 0 
vn 0.0551181 1 0 
vn 0.0551181 1 0 
vn 0.0551181 1 0 
vn 1 -0.0551181 0 
vn 1 -0.0551181 0 
vn 1 -0.0551181 0 
vn 1 -0.0551181 0 

vt -0.0582181 0.808986 
vt -0.0733384 0.808986 
vt -0.0582181 0.794306 
vt -0.0733384 0.794306 
vt 0.281134 0.808986 
vt -0.0733384 0.808986 
vt 0.281134 0.793865 
vt -0.0733384 0.793865 
vt 0.281134 0.808986 
vt -0.0733384 0.808986 
vt 0.281134 0.794306 
vt -0.0733384 0.794306 
vt -0.0582181 0.808986 
vt -0.0733384 0.808986 
vt -0.0582181 0.794306 
vt -0.0733384 0.794306 
vt 0.281134 0.808986 
vt -0.0733384 0.808986 
vt 0.281134 0.793865 
vt -0.0733384 0.793865 
vt 0.281134 0.808986 
vt -0.0733384 0.808986 
vt 0.281134 0.794306 
vt -0.0733384 0.794306 

usemtl Part1Mtl

f 1201/1201/1201 1202/1202/1202 1203/1203/1203 
f 1203/1203/1203 1202/1202/1202 1204/1204/1204 
f 1205/1205/1205 1206/1206/1206 1207/1207/1207 
f 1207/1207/1207 1206/1206/1206 1208/1208/1208 
f 1209/1209/1209 1210/1210/1210 1211/1211/1211 
f 1211/1211/1211 1210/1210/1210 1212/1212/1212 
f 1213/1213/1213 1214/1214/1214 1215/1215/1215 
f 1215/1215/1215 1214/1214/1214 1216/1216/1216 
f 1217/1217/1217 1218/1218/1218 1219/1219/1219 
f 1219/1219/1219 1218/1218/1218 1220/1220/1220 
f 1221/1221/1221 1222/1222/1222 1223/1223/1223 
f 1223/1223/1223 1222/1222/1222 1224/1224/1224 

g Part52

v -30.2817 25.3236 -55.5868 
v -30.0992 25.314 -55.5868 
v -30.2724 25.5008 -55.5868 
v -30.0899 25.4912 -55.5868 
v -30.0992 25.3149 -58.5569 
v -30.0992 25.314 -55.5868 
v -30.2817 25.3245 -58.5569 
v -30.2817 25.3236 -55.5868 
v -30.0992 25.314 -55.5868 
v -30.0992 25.3149 -58.5569 
v -30.0899 25.4912 -55.5868 
v -30.0898 25.4921 -58.5569 
v -30.0992 25.3149 -58.5569 
v -30.2817 25.3245 -58.5569 
v -30.0898 25.4921 -58.5569 
v -30.2723 25.5017 -58.5569 
v -30.2723 25.5017 -58.5569 
v -30.2724 25.5008 -55.5868 
v -30.0898 25.4921 -58.5569 
v -30.0899 25.4912 -55.5868 
v -30.2817 25.3245 -58.5569 
v -30.2817 25.3236 -55.5868 
v -30.2723 25.5017 -58.5569 
v -30.2724 25.5008 -55.5868 

vn 0 0 1 
vn 0 0 1 
vn 0 0 1 
vn 0 0 1 
vn -0.0551181 -1 0 
vn -0.0551181 -1 0 
vn -0.0551181 -1 0 
vn -0.0551181 -1 0 
vn 1 -0.0551181 0 
vn 1 -0.0551181 0 
vn 1 -0.0551181 0 
vn 1 -0.0551181 0 
vn 0 0 -1 
vn 0 0 -1 
vn 0 0 -1 
vn 0 0 -1 
vn 0.0551181 1 0 
vn 0.0551181 1 0 
vn 0.0551181 1 0 
vn 0.0551181 1 0 
vn -1 0.0551181 0 
vn -1 0.0551181 0 
vn -1 0.0551181 0 
vn -1 0.0551181 0 

vt 0.0766821 1.05515 
vt 0.0538367 1.05515 
vt 0.0766821 1.03297 
vt 0.0538367 1.03297 
vt 0.425101 1.05515 
vt 0.0538367 1.05515 
vt 0.425101 1.0323 
vt 0.0538367 1.0323 
vt 0.425101 1.05515 
vt 0.0538367 1.05515 
vt 0.425101 1.03297 
vt 0.0538367 1.03297 
vt 0.0766821 1.05515 
vt 0.0538367 1.05515 
vt 0.0766821 1.03297 
vt 0.0538367 1.03297 
vt 0.425101 1.05515 
vt 0.0538367 1.05515 
vt 0.425101 1.0323 
vt 0.0538367 1.0323 
vt 0.425101 1.05515 
vt 0.0538367 1.05515 
vt 0.425101 1.03297 
vt 0.0538367 1.03297 

usemtl Part1Mtl

f 1225/1225/1225 1226/1226/1226 1227/1227/1227 
f 1227/1227/1227 1226/1226/1226 1228/1228/1228 
f 1229/1229/1229 1230/1230/1230 1231/1231/1231 
f 1231/1231/1231 1230/1230/1230 1232/1232/1232 
f 1233/1233/1233 1234/1234/1234 1235/1235/1235 
f 1235/1235/1235 1234/1234/1234 1236/1236/1236 
f 1237/1237/1237 1238/1238/1238 1239/1239/1239 
f 1239/1239/1239 1238/1238/1238 1240/1240/1240 
f 1241/1241/1241 1242/1242/1242 1243/1243/1243 
f 1243/1243/1243 1242/1242/1242 1244/1244/1244 
f 1245/1245/1245 1246/1246/1246 1247/1247/1247 
f 1247/1247/1247 1246/1246/1246 1248/1248/1248 

g Part53

v -33.9469 27.2278 -58.3794 
v -33.9469 27.2279 -58.5622 
v -34.1157 27.2827 -58.3794 
v -34.1157 27.2827 -58.5621 
v -34.4512 25.6777 -58.5626 
v -33.9469 27.2279 -58.5622 
v -34.4512 25.6776 -58.3799 
v -33.9469 27.2278 -58.3794 
v -33.9469 27.2279 -58.5622 
v -34.4512 25.6777 -58.5626 
v -34.1157 27.2827 -58.5621 
v -34.6199 25.7326 -58.5626 
v -34.4512 25.6777 -58.5626 
v -34.4512 25.6776 -58.3799 
v -34.6199 25.7326 -58.5626 
v -34.6199 25.7325 -58.3799 
v -34.6199 25.7325 -58.3799 
v -34.1157 27.2827 -58.3794 
v -34.6199 25.7326 -58.5626 
v -34.1157 27.2827 -58.5621 
v -34.4512 25.6776 -58.3799 
v -33.9469 27.2278 -58.3794 
v -34.6199 25.7325 -58.3799 
v -34.1157 27.2827 -58.3794 

vn 0.307087 0.952756 0 
vn 0.307087 0.952756 0 
vn 0.307087 0.952756 0 
vn 0.307087 0.952756 0 
vn 0.952756 -0.307087 0 
vn 0.952756 -0.307087 0 
vn 0.952756 -0.307087 0 
vn 0.952756 -0.307087 0 
vn 0 0 -1 
vn 0 0 -1 
vn 0 0 -1 
vn 0 0 -1 
vn -0.307087 -0.952756 0 
vn -0.307087 -0.952756 0 
vn -0.307087 -0.952756 0 
vn -0.307087 -0.952756 0 
vn -0.952756 0.307087 0 
vn -0.952756 0.307087 0 
vn -0.952756 0.307087 0 
vn -0.952756 0.307087 0 
vn 0 0 1 
vn 0 0 1 
vn 0 0 1 
vn 0 0 1 

vt 0.142795 0.941641 
vt 0.119949 0.941641 
vt 0.142795 0.919461 
vt 0.119949 0.919461 
vt 0.323714 0.941641 
vt 0.119949 0.941641 
vt 0.323714 0.918795 
vt 0.119949 0.918795 
vt 0.323714 0.941641 
vt 0.119949 0.941641 
vt 0.323714 0.919461 
vt 0.119949 0.919461 
vt 0.142795 0.941641 
vt 0.119949 0.941641 
vt 0.142795 0.919461 
vt 0.119949 0.919461 
vt 0.323714 0.941641 
vt 0.119949 0.941641 
vt 0.323714 0.918795 
vt 0.119949 0.918795 
vt 0.323714 0.941641 
vt 0.119949 0.941641 
vt 0.323714 0.919461 
vt 0.119949 0.919461 

usemtl Part1Mtl

f 1249/1249/1249 1250/1250/1250 1251/1251/1251 
f 1251/1251/1251 1250/1250/1250 1252/1252/1252 
f 1253/1253/1253 1254/1254/1254 1255/1255/1255 
f 1255/1255/1255 1254/1254/1254 1256/1256/1256 
f 1257/1257/1257 1258/1258/1258 1259/1259/1259 
f 1259/1259/1259 1258/1258/1258 1260/1260/1260 
f 1261/1261/1261 1262/1262/1262 1263/1263/1263 
f 1263/1263/1263 1262/1262/1262 1264/1264/1264 
f 1265/1265/1265 1266/1266/1266 1267/1267/1267 
f 1267/1267/1267 1266/1266/1266 1268/1268/1268 
f 1269/1269/1269 1270/1270/1270 1271/1271/1271 
f 1271/1271/1271 1270/1270/1270 1272/1272/1272 

g Part54

v -31.0959 27.0663 -58.5622 
v -31.0959 27.0662 -58.3794 
v -30.9377 27.1468 -58.5621 
v -30.9377 27.1467 -58.3794 
v -30.252 25.4086 -58.3799 
v -31.0959 27.0662 -58.3794 
v -30.252 25.4086 -58.5626 
v -31.0959 27.0663 -58.5622 
v -31.0959 27.0662 -58.3794 
v -30.252 25.4086 -58.3799 
v -30.9377 27.1467 -58.3794 
v -30.0938 25.4891 -58.3799 
v -30.252 25.4086 -58.3799 
v -30.252 25.4086 -58.5626 
v -30.0938 25.4891 -58.3799 
v -30.0938 25.4891 -58.5626 
v -30.0938 25.4891 -58.5626 
v -30.9377 27.1468 -58.5621 
v -30.0938 25.4891 -58.3799 
v -30.9377 27.1467 -58.3794 
v -30.252 25.4086 -58.5626 
v -31.0959 27.0663 -58.5622 
v -30.0938 25.4891 -58.5626 
v -30.9377 27.1468 -58.5621 

vn -0.456693 0.889764 0 
vn -0.456693 0.889764 0 
vn -0.456693 0.889764 0 
vn -0.456693 0.889764 0 
vn -0.889764 -0.456693 0 
vn -0.889764 -0.456693 0 
vn -0.889764 -0.456693 0 
vn -0.889764 -0.456693 0 
vn 0 0 1 
vn 0 0 1 
vn 0 0 1 
vn 0 0 1 
vn 0.456693 -0.889764 0 
vn 0.456693 -0.889764 0 
vn 0.456693 -0.889764 0 
vn 0.456693 -0.889764 0 
vn 0.889764 0.456693 0 
vn 0.889764 0.456693 0 
vn 0.889764 0.456693 0 
vn 0.889764 0.456693 0 
vn 0 0 -1 
vn 0 0 -1 
vn 0 0 -1 
vn 0 0 -1 

vt 0.158177 0.942876 
vt 0.135332 0.942876 
vt 0.158177 0.920697 
vt 0.135332 0.920697 
vt 0.367846 0.942876 
vt 0.135332 0.942876 
vt 0.367846 0.920031 
vt 0.135332 0.920031 
vt 0.367846 0.942876 
vt 0.135332 0.942876 
vt 0.367846 0.920697 
vt 0.135332 0.920697 
vt 0.158177 0.942876 
vt 0.135332 0.942876 
vt 0.158177 0.920697 
vt 0.135332 0.920697 
vt 0.367846 0.942876 
vt 0.135332 0.942876 
vt 0.367846 0.920031 
vt 0.135332 0.920031 
vt 0.367846 0.942876 
vt 0.135332 0.942876 
vt 0.367846 0.920697 
vt 0.135332 0.920697 

usemtl Part1Mtl

f 1273/1273/1273 1274/1274/1274 1275/1275/1275 
f 1275/1275/1275 1274/1274/1274 1276/1276/1276 
f 1277/1277/1277 1278/1278/1278 1279/1279/1279 
f 1279/1279/1279 1278/1278/1278 1280/1280/1280 
f 1281/1281/1281 1282/1282/1282 1283/1283/1283 
f 1283/1283/1283 1282/1282/1282 1284/1284/1284 
f 1285/1285/1285 1286/1286/1286 1287/1287/1287 
f 1287/1287/1287 1286/1286/1286 1288/1288/1288 
f 1289/1289/1289 1290/1290/1290 1291/1291/1291 
f 1291/1291/1291 1290/1290/1290 1292/1292/1292 
f 1293/1293/1293 1294/1294/1294 1295/1295/1295 
f 1295/1295/1295 1294/1294/1294 1296/1296/1296 

g Part55

v -35.7026 29.4758 -26.9356 
v -35.8751 29.6367 -26.9356 
v -35.8589 29.3084 -26.9357 
v -36.0313 29.4693 -26.9356 
v -35.875 29.6375 -29.4957 
v -35.8751 29.6367 -26.9356 
v -35.7026 29.4765 -29.4957 
v -35.7026 29.4758 -26.9356 
v -35.8751 29.6367 -26.9356 
v -35.875 29.6375 -29.4957 
v -36.0313 29.4693 -26.9356 
v -36.0312 29.47 -29.4957 
v -35.875 29.6375 -29.4957 
v -35.7026 29.4765 -29.4957 
v -36.0312 29.47 -29.4957 
v -35.8588 29.3091 -29.4958 
v -35.8588 29.3091 -29.4958 
v -35.8589 29.3084 -26.9357 
v -36.0312 29.47 -29.4957 
v -36.0313 29.4693 -26.9356 
v -35.7026 29.4765 -29.4957 
v -35.7026 29.4758 -26.9356 
v -35.8588 29.3091 -29.4958 
v -35.8589 29.3084 -26.9357 

vn 0 0 1 
vn 0 0 1 
vn 0 0 1 
vn 0 0 1 
vn 0.685039 0.732283 0 
vn 0.685039 0.732283 0 
vn 0.685039 0.732283 0 
vn 0.685039 0.732283 0 
vn -0.732283 0.685039 0 
vn -0.732283 0.685039 0 
vn -0.732283 0.685039 0 
vn -0.732283 0.685039 0 
vn 0 0 -1 
vn 0 0 -1 
vn 0 0 -1 
vn 0 0 -1 
vn -0.685039 -0.732283 0 
vn -0.685039 -0.732283 0 
vn -0.685039 -0.732283 0 
vn -0.685039 -0.732283 0 
vn 0.732283 -0.685039 0 
vn 0.732283 -0.685039 0 
vn 0.732283 -0.685039 0 
vn 0.732283 -0.685039 0 

vt 0.186752 0.82564 
vt 0.157271 0.82564 
vt 0.186752 0.797018 
vt 0.157271 0.797018 
vt 0.477286 0.82564 
vt 0.157271 0.82564 
vt 0.477286 0.796159 
vt 0.157271 0.796159 
vt 0.477286 0.82564 
vt 0.157271 0.82564 
vt 0.477286 0.797018 
vt 0.157271 0.797018 
vt 0.186752 0.82564 
vt 0.157271 0.82564 
vt 0.186752 0.797018 
vt 0.157271 0.797018 
vt 0.477286 0.82564 
vt 0.157271 0.82564 
vt 0.477286 0.796159 
vt 0.157271 0.796159 
vt 0.477286 0.82564 
vt 0.157271 0.82564 
vt 0.477286 0.797018 
vt 0.157271 0.797018 

usemtl Part1Mtl

f 1297/1297/1297 1298/1298/1298 1299/1299/1299 
f 1299/1299/1299 1298/1298/1298 1300/1300/1300 
f 1301/1301/1301 1302/1302/1302 1303/1303/1303 
f 1303/1303/1303 1302/1302/1302 1304/1304/1304 
f 1305/1305/1305 1306/1306/1306 1307/1307/1307 
f 1307/1307/1307 1306/1306/1306 1308/1308/1308 
f 1309/1309/1309 1310/1310/1310 1311/1311/1311 
f 1311/1311/1311 1310/1310/1310 1312/1312/1312 
f 1313/1313/1313 1314/1314/1314 1315/1315/1315 
f 1315/1315/1315 1314/1314/1314 1316/1316/1316 
f 1317/1317/1317 1318/1318/1318 1319/1319/1319 
f 1319/1319/1319 1318/1318/1318 1320/1320/1320 

g Part56

v -33.5764 27.3515 -28.7643 
v -33.5764 27.3516 -29.1301 
v -33.5822 27.2427 -28.7643 
v -33.5822 27.2428 -29.1302 
v -29.2623 27.1241 -29.1301 
v -33.5764 27.3516 -29.1301 
v -29.2623 27.1239 -28.7643 
v -33.5764 27.3515 -28.7643 
v -33.5764 27.3516 -29.1301 
v -29.2623 27.1241 -29.1301 
v -33.5822 27.2428 -29.1302 
v -29.268 27.0152 -29.1302 
v -29.2623 27.1241 -29.1301 
v -29.2623 27.1239 -28.7643 
v -29.268 27.0152 -29.1302 
v -29.268 27.0151 -28.7643 
v -29.268 27.0151 -28.7643 
v -33.5822 27.2427 -28.7643 
v -29.268 27.0152 -29.1302 
v -33.5822 27.2428 -29.1302 
v -29.2623 27.1239 -28.7643 
v -33.5764 27.3515 -28.7643 
v -29.268 27.0151 -28.7643 
v -33.5822 27.2427 -28.7643 

vn -1 0.0551181 0 
vn -1 0.0551181 0 
vn -1 0.0551181 0 
vn -1 0.0551181 0 
vn 0.0551181 1 0 
vn 0.0551181 1 0 
vn 0.0551181 1 0 
vn 0.0551181 1 0 
vn 0 0 -1 
vn 0 0 -1 
vn 0 0 -1 
vn 0 0 -1 
vn 1 -0.0551181 0 
vn 1 -0.0551181 0 
vn 1 -0.0551181 0 
vn 1 -0.0551181 0 
vn -0.0551181 -1 0 
vn -0.0551181 -1 0 
vn -0.0551181 -1 0 
vn -0.0551181 -1 0 
vn 0 0 1 
vn 0 0 1 
vn 0 0 1 
vn 0 0 1 

vt 0.545731 -5 
vt 0.5 -5 
vt 0.545731 -5.01362 
vt 0.5 -5.01362 
vt 1.04001 -5 
vt 0.5 -5 
vt 1.04001 -5.04573 
vt 0.5 -5.04573 
vt 1.04001 -5 
vt 0.5 -5 
vt 1.04001 -5.01362 
vt 0.5 -5.01362 
vt 0.545731 -5 
vt 0.5 -5 
vt 0.545731 -5.01362 
vt 0.5 -5.01362 
vt 1.04001 -5 
vt 0.5 -5 
vt 1.04001 -5.04573 
vt 0.5 -5.04573 
vt 1.04001 -5 
vt 0.5 -5 
vt 1.04001 -5.01362 
vt 0.5 -5.01362 

usemtl Part2Mtl

f 1321/1321/1321 1322/1322/1322 1323/1323/1323 
f 1323/1323/1323 1322/1322/1322 1324/1324/1324 
f 1325/1325/1325 1326/1326/1326 1327/1327/1327 
f 1327/1327/1327 1326/1326/1326 1328/1328/1328 
f 1329/1329/1329 1330/1330/1330 1331/1331/1331 
f 1331/1331/1331 1330/1330/1330 1332/1332/1332 
f 1333/1333/1333 1334/1334/1334 1335/1335/1335 
f 1335/1335/1335 1334/1334/1334 1336/1336/1336 
f 1337/1337/1337 1338/1338/1338 1339/1339/1339 
f 1339/1339/1339 1338/1338/1338 1340/1340/1340 
f 1341/1341/1341 1342/1342/1342 1343/1343/1343 
f 1343/1343/1343 1342/1342/1342 1344/1344/1344 

g Part57

v -33.5764 27.351 -27.3035 
v -33.5764 27.3512 -27.6693 
v -33.5822 27.2422 -27.3035 
v -33.5822 27.2423 -27.6694 
v -29.2623 27.1236 -27.6693 
v -33.5764 27.3512 -27.6693 
v -29.2623 27.1235 -27.3035 
v -33.5764 27.351 -27.3035 
v -33.5764 27.3512 -27.6693 
v -29.2623 27.1236 -27.6693 
v -33.5822 27.2423 -27.6694 
v -29.268 27.0148 -27.6694 
v -29.2623 27.1236 -27.6693 
v -29.2623 27.1235 -27.3035 
v -29.268 27.0148 -27.6694 
v -29.268 27.0147 -27.3035 
v -29.268 27.0147 -27.3035 
v -33.5822 27.2422 -27.3035 
v -29.268 27.0148 -27.6694 
v -33.5822 27.2423 -27.6694 
v -29.2623 27.1235 -27.3035 
v -33.5764 27.351 -27.3035 
v -29.268 27.0147 -27.3035 
v -33.5822 27.2422 -27.3035 

vn -1 0.0551181 0 
vn -1 0.0551181 0 
vn -1 0.0551181 0 
vn -1 0.0551181 0 
vn 0.0551181 1 0 
vn 0.0551181 1 0 
vn 0.0551181 1 0 
vn 0.0551181 1 0 
vn 0 0 -1 
vn 0 0 -1 
vn 0 0 -1 
vn 0 0 -1 
vn 1 -0.0551181 0 
vn 1 -0.0551181 0 
vn 1 -0.0551181 0 
vn 1 -0.0551181 0 
vn -0.0551181 -1 0 
vn -0.0551181 -1 0 
vn -0.0551181 -1 0 
vn -0.0551181 -1 0 
vn 0 0 1 
vn 0 0 1 
vn 0 0 1 
vn 0 0 1 

vt 2.04573 -6.75 
vt 2 -6.75 
vt 2.04573 -6.76362 
vt 2 -6.76362 
vt 2.54001 -6.75 
vt 2 -6.75 
vt 2.54001 -6.79573 
vt 2 -6.79573 
vt 2.54001 -6.75 
vt 2 -6.75 
vt 2.54001 -6.76362 
vt 2 -6.76362 
vt 2.04573 -6.75 
vt 2 -6.75 
vt 2.04573 -6.76362 
vt 2 -6.76362 
vt 2.54001 -6.75 
vt 2 -6.75 
vt 2.54001 -6.79573 
vt 2 -6.79573 
vt 2.54001 -6.75 
vt 2 -6.75 
vt 2.54001 -6.76362 
vt 2 -6.76362 

usemtl Part2Mtl

f 1345/1345/1345 1346/1346/1346 1347/1347/1347 
f 1347/1347/1347 1346/1346/1346 1348/1348/1348 
f 1349/1349/1349 1350/1350/1350 1351/1351/1351 
f 1351/1351/1351 1350/1350/1350 1352/1352/1352 
f 1353/1353/1353 1354/1354/1354 1355/1355/1355 
f 1355/1355/1355 1354/1354/1354 1356/1356/1356 
f 1357/1357/1357 1358/1358/1358 1359/1359/1359 
f 1359/1359/1359 1358/1358/1358 1360/1360/1360 
f 1361/1361/1361 1362/1362/1362 1363/1363/1363 
f 1363/1363/1363 1362/1362/1362 1364/1364/1364 
f 1365/1365/1365 1366/1366/1366 1367/1367/1367 
f 1367/1367/1367 1366/1366/1366 1368/1368/1368 

g Part58

v -33.5764 27.3516 -29.1294 
v -33.5764 27.3517 -29.4953 
v -33.5822 27.2428 -29.1294 
v -33.5822 27.2429 -29.4953 
v -29.2623 27.1242 -29.4953 
v -33.5764 27.3517 -29.4953 
v -29.2623 27.124 -29.1294 
v -33.5764 27.3516 -29.1294 
v -33.5764 27.3517 -29.4953 
v -29.2623 27.1242 -29.4953 
v -33.5822 27.2429 -29.4953 
v -29.268 27.0153 -29.4953 
v -29.2623 27.1242 -29.4953 
v -29.2623 27.124 -29.1294 
v -29.268 27.0153 -29.4953 
v -29.268 27.0152 -29.1294 
v -29.268 27.0152 -29.1294 
v -33.5822 27.2428 -29.1294 
v -29.268 27.0153 -29.4953 
v -33.5822 27.2429 -29.4953 
v -29.2623 27.124 -29.1294 
v -33.5764 27.3516 -29.1294 
v -29.268 27.0152 -29.1294 
v -33.5822 27.2428 -29.1294 

vn -1 0.0551181 0 
vn -1 0.0551181 0 
vn -1 0.0551181 0 
vn -1 0.0551181 0 
vn 0.0551181 1 0 
vn 0.0551181 1 0 
vn 0.0551181 1 0 
vn 0.0551181 1 0 
vn 0 0 -1 
vn 0 0 -1 
vn 0 0 -1 
vn 0 0 -1 
vn 1 -0.0551181 0 
vn 1 -0.0551181 0 
vn 1 -0.0551181 0 
vn 1 -0.0551181 0 
vn -0.0551181 -1 0 
vn -0.0551181 -1 0 
vn -0.0551181 -1 0 
vn -0.0551181 -1 0 
vn 0 0 1 
vn 0 0 1 
vn 0 0 1 
vn 0 0 1 

vt 0.045731 -2.25 
vt 0 -2.25 
vt 0.045731 -2.26362 
vt 0 -2.26362 
vt 0.540015 -2.25 
vt 0 -2.25 
vt 0.540015 -2.29573 
vt 0 -2.29573 
vt 0.540015 -2.25 
vt 0 -2.25 
vt 0.540015 -2.26362 
vt 0 -2.26362 
vt 0.045731 -2.25 
vt 0 -2.25 
vt 0.045731 -2.26362 
vt 0 -2.26362 
vt 0.540015 -2.25 
vt 0 -2.25 
vt 0.540015 -2.29573 
vt 0 -2.29573 
vt 0.540015 -2.25 
vt 0 -2.25 
vt 0.540015 -2.26362 
vt 0 -2.26362 

usemtl Part58Mtl

f 1369/1369/1369 1370/1370/1370 1371/1371/1371 
f 1371/1371/1371 1370/1370/1370 1372/1372/1372 
f 1373/1373/1373 1374/1374/1374 1375/1375/1375 
f 1375/1375/1375 1374/1374/1374 1376/1376/1376 
f 1377/1377/1377 1378/1378/1378 1379/1379/1379 
f 1379/1379/1379 1378/1378/1378 1380/1380/1380 
f 1381/1381/1381 1382/1382/1382 1383/1383/1383 
f 1383/1383/1383 1382/1382/1382 1384/1384/1384 
f 1385/1385/1385 1386/1386/1386 1387/1387/1387 
f 1387/1387/1387 1386/1386/1386 1388/1388/1388 
f 1389/1389/1389 1390/1390/1390 1391/1391/1391 
f 1391/1391/1391 1390/1390/1390 1392/1392/1392 

g Part59

v -35.7882 29.4451 -28.3989 
v -35.7882 29.4452 -28.7647 
v -35.8625 29.3654 -28.3989 
v -35.8625 29.3655 -28.7648 
v -33.5117 27.3209 -28.7653 
v -35.7882 29.4452 -28.7647 
v -33.5117 27.3208 -28.3995 
v -35.7882 29.4451 -28.3989 
v -35.7882 29.4452 -28.7647 
v -33.5117 27.3209 -28.7653 
v -35.8625 29.3655 -28.7648 
v -33.5861 27.2412 -28.7654 
v -33.5117 27.3209 -28.7653 
v -33.5117 27.3208 -28.3995 
v -33.5861 27.2412 -28.7654 
v -33.5861 27.2411 -28.3995 
v -33.5861 27.2411 -28.3995 
v -35.8625 29.3654 -28.3989 
v -33.5861 27.2412 -28.7654 
v -35.8625 29.3655 -28.7648 
v -33.5117 27.3208 -28.3995 
v -35.7882 29.4451 -28.3989 
v -33.5861 27.2411 -28.3995 
v -35.8625 29.3654 -28.3989 

vn -0.732283 0.685039 0 
vn -0.732283 0.685039 0 
vn -0.732283 0.685039 0 
vn -0.732283 0.685039 0 
vn 0.685039 0.732283 0 
vn 0.685039 0.732283 0 
vn 0.685039 0.732283 0 
vn 0.685039 0.732283 0 
vn 0 0 -1 
vn 0 0 -1 
vn 0 0 -1 
vn 0 0 -1 
vn 0.732283 -0.685039 0 
vn 0.732283 -0.685039 0 
vn 0.732283 -0.685039 0 
vn 0.732283 -0.685039 0 
vn -0.685039 -0.732283 0 
vn -0.685039 -0.732283 0 
vn -0.685039 -0.732283 0 
vn -0.685039 -0.732283 0 
vn 0 0 1 
vn 0 0 1 
vn 0 0 1 
vn 0 0 1 

vt 1.54573 -0.75 
vt 1.5 -0.75 
vt 1.54573 -0.763622 
vt 1.5 -0.763622 
vt 1.8892 -0.75 
vt 1.5 -0.75 
vt 1.8892 -0.795731 
vt 1.5 -0.795731 
vt 1.8892 -0.75 
vt 1.5 -0.75 
vt 1.8892 -0.763622 
vt 1.5 -0.763622 
vt 1.54573 -0.75 
vt 1.5 -0.75 
vt 1.54573 -0.763622 
vt 1.5 -0.763622 
vt 1.8892 -0.75 
vt 1.5 -0.75 
vt 1.8892 -0.795731 
vt 1.5 -0.795731 
vt 1.8892 -0.75 
vt 1.5 -0.75 
vt 1.8892 -0.763622 
vt 1.5 -0.763622 

usemtl Part58Mtl

f 1393/1393/1393 1394/1394/1394 1395/1395/1395 
f 1395/1395/1395 1394/1394/1394 1396/1396/1396 
f 1397/1397/1397 1398/1398/1398 1399/1399/1399 
f 1399/1399/1399 1398/1398/1398 1400/1400/1400 
f 1401/1401/1401 1402/1402/1402 1403/1403/1403 
f 1403/1403/1403 1402/1402/1402 1404/1404/1404 
f 1405/1405/1405 1406/1406/1406 1407/1407/1407 
f 1407/1407/1407 1406/1406/1406 1408/1408/1408 
f 1409/1409/1409 1410/1410/1410 1411/1411/1411 
f 1411/1411/1411 1410/1410/1410 1412/1412/1412 
f 1413/1413/1413 1414/1414/1414 1415/1415/1415 
f 1415/1415/1415 1414/1414/1414 1416/1416/1416 

g Part60

v -33.5764 27.3512 -27.6686 
v -33.5764 27.3513 -28.0344 
v -33.5822 27.2423 -27.6686 
v -33.5822 27.2425 -28.0345 
v -29.2623 27.1237 -28.0344 
v -33.5764 27.3513 -28.0344 
v -29.2623 27.1236 -27.6686 
v -33.5764 27.3512 -27.6686 
v -33.5764 27.3513 -28.0344 
v -29.2623 27.1237 -28.0344 
v -33.5822 27.2425 -28.0345 
v -29.268 27.0149 -28.0345 
v -29.2623 27.1237 -28.0344 
v -29.2623 27.1236 -27.6686 
v -29.268 27.0149 -28.0345 
v -29.268 27.0148 -27.6686 
v -29.268 27.0148 -27.6686 
v -33.5822 27.2423 -27.6686 
v -29.268 27.0149 -28.0345 
v -33.5822 27.2425 -28.0345 
v -29.2623 27.1236 -27.6686 
v -33.5764 27.3512 -27.6686 
v -29.268 27.0148 -27.6686 
v -33.5822 27.2423 -27.6686 

vn -1 0.0551181 0 
vn -1 0.0551181 0 
vn -1 0.0551181 0 
vn -1 0.0551181 0 
vn 0.0551181 1 0 
vn 0.0551181 1 0 
vn 0.0551181 1 0 
vn 0.0551181 1 0 
vn 0 0 -1 
vn 0 0 -1 
vn 0 0 -1 
vn 0 0 -1 
vn 1 -0.0551181 0 
vn 1 -0.0551181 0 
vn 1 -0.0551181 0 
vn 1 -0.0551181 0 
vn -0.0551181 -1 0 
vn -0.0551181 -1 0 
vn -0.0551181 -1 0 
vn -0.0551181 -1 0 
vn 0 0 1 
vn 0 0 1 
vn 0 0 1 
vn 0 0 1 

vt 5.54573 -4.5 
vt 5.5 -4.5 
vt 5.54573 -4.51362 
vt 5.5 -4.51362 
vt 6.04001 -4.5 
vt 5.5 -4.5 
vt 6.04001 -4.54573 
vt 5.5 -4.54573 
vt 6.04001 -4.5 
vt 5.5 -4.5 
vt 6.04001 -4.51362 
vt 5.5 -4.51362 
vt 5.54573 -4.5 
vt 5.5 -4.5 
vt 5.54573 -4.51362 
vt 5.5 -4.51362 
vt 6.04001 -4.5 
vt 5.5 -4.5 
vt 6.04001 -4.54573 
vt 5.5 -4.54573 
vt 6.04001 -4.5 
vt 5.5 -4.5 
vt 6.04001 -4.51362 
vt 5.5 -4.51362 

usemtl Part58Mtl

f 1417/1417/1417 1418/1418/1418 1419/1419/1419 
f 1419/1419/1419 1418/1418/1418 1420/1420/1420 
f 1421/1421/1421 1422/1422/1422 1423/1423/1423 
f 1423/1423/1423 1422/1422/1422 1424/1424/1424 
f 1425/1425/1425 1426/1426/1426 1427/1427/1427 
f 1427/1427/1427 1426/1426/1426 1428/1428/1428 
f 1429/1429/1429 1430/1430/1430 1431/1431/1431 
f 1431/1431/1431 1430/1430/1430 1432/1432/1432 
f 1433/1433/1433 1434/1434/1434 1435/1435/1435 
f 1435/1435/1435 1434/1434/1434 1436/1436/1436 
f 1437/1437/1437 1438/1438/1438 1439/1439/1439 
f 1439/1439/1439 1438/1438/1438 1440/1440/1440 

g Part61

v -33.5735 27.4072 -26.701 
v -33.5735 27.4073 -26.9368 
v -33.5855 27.1785 -26.701 
v -33.5855 27.1786 -26.9369 
v -29.1994 27.1765 -26.9368 
v -33.5735 27.4073 -26.9368 
v -29.1994 27.1765 -26.701 
v -33.5735 27.4072 -26.701 
v -33.5735 27.4073 -26.9368 
v -29.1994 27.1765 -26.9368 
v -33.5855 27.1786 -26.9369 
v -29.2115 26.9479 -26.9369 
v -29.1994 27.1765 -26.9368 
v -29.1994 27.1765 -26.701 
v -29.2115 26.9479 -26.9369 
v -29.2115 26.9478 -26.701 
v -29.2115 26.9478 -26.701 
v -33.5855 27.1785 -26.701 
v -29.2115 26.9479 -26.9369 
v -33.5855 27.1786 -26.9369 
v -29.1994 27.1765 -26.701 
v -33.5735 27.4072 -26.701 
v -29.2115 26.9478 -26.701 
v -33.5855 27.1785 -26.701 

vn -1 0.0551181 0 
vn -1 0.0551181 0 
vn -1 0.0551181 0 
vn -1 0.0551181 0 
vn 0.0551181 1 0 
vn 0.0551181 1 0 
vn 0.0551181 1 0 
vn 0.0551181 1 0 
vn 0 0 -1 
vn 0 0 -1 
vn 0 0 -1 
vn 0 0 -1 
vn 1 -0.0551181 0 
vn 1 -0.0551181 0 
vn 1 -0.0551181 0 
vn 1 -0.0551181 0 
vn -0.0551181 -1 0 
vn -0.0551181 -1 0 
vn -0.0551181 -1 0 
vn -0.0551181 -1 0 
vn 0 0 1 
vn 0 0 1 
vn 0 0 1 
vn 0 0 1 

vt -0.0785964 0.704694 
vt -0.108077 0.704694 
vt -0.0785964 0.676072 
vt -0.108077 0.676072 
vt 0.439438 0.704694 
vt -0.108077 0.704694 
vt 0.439438 0.675213 
vt -0.108077 0.675213 
vt 0.439438 0.704694 
vt -0.108077 0.704694 
vt 0.439438 0.676072 
vt -0.108077 0.676072 
vt -0.0785964 0.704694 
vt -0.108077 0.704694 
vt -0.0785964 0.676072 
vt -0.108077 0.676072 
vt 0.439438 0.704694 
vt -0.108077 0.704694 
vt 0.439438 0.675213 
vt -0.108077 0.675213 
vt 0.439438 0.704694 
vt -0.108077 0.704694 
vt 0.439438 0.676072 
vt -0.108077 0.676072 

usemtl Part1Mtl

f 1441/1441/1441 1442/1442/1442 1443/1443/1443 
f 1443/1443/1443 1442/1442/1442 1444/1444/1444 
f 1445/1445/1445 1446/1446/1446 1447/1447/1447 
f 1447/1447/1447 1446/1446/1446 1448/1448/1448 
f 1449/1449/1449 1450/1450/1450 1451/1451/1451 
f 1451/1451/1451 1450/1450/1450 1452/1452/1452 
f 1453/1453/1453 1454/1454/1454 1455/1455/1455 
f 1455/1455/1455 1454/1454/1454 1456/1456/1456 
f 1457/1457/1457 1458/1458/1458 1459/1459/1459 
f 1459/1459/1459 1458/1458/1458 1460/1460/1460 
f 1461/1461/1461 1462/1462/1462 1463/1463/1463 
f 1463/1463/1463 1462/1462/1462 1464/1464/1464 

g Part62

v -35.8763 29.6377 -26.7003 
v -35.8763 29.6378 -26.9361 
v -36.0325 29.4703 -26.7003 
v -36.0325 29.4704 -26.9362 
v -33.4269 27.3522 -26.9368 
v -35.8763 29.6378 -26.9361 
v -33.427 27.3521 -26.701 
v -35.8763 29.6377 -26.7003 
v -35.8763 29.6378 -26.9361 
v -33.4269 27.3522 -26.9368 
v -36.0325 29.4704 -26.9362 
v -33.5832 27.1848 -26.9369 
v -33.4269 27.3522 -26.9368 
v -33.427 27.3521 -26.701 
v -33.5832 27.1848 -26.9369 
v -33.5832 27.1847 -26.701 
v -33.5832 27.1847 -26.701 
v -36.0325 29.4703 -26.7003 
v -33.5832 27.1848 -26.9369 
v -36.0325 29.4704 -26.9362 
v -33.427 27.3521 -26.701 
v -35.8763 29.6377 -26.7003 
v -33.5832 27.1847 -26.701 
v -36.0325 29.4703 -26.7003 

vn -0.732283 0.685039 0 
vn -0.732283 0.685039 0 
vn -0.732283 0.685039 0 
vn -0.732283 0.685039 0 
vn 0.685039 0.732283 0 
vn 0.685039 0.732283 0 
vn 0.685039 0.732283 0 
vn 0.685039 0.732283 0 
vn 0 0 -1 
vn 0 0 -1 
vn 0 0 -1 
vn 0 0 -1 
vn 0.732283 -0.685039 0 
vn 0.732283 -0.685039 0 
vn 0.732283 -0.685039 0 
vn 0.732283 -0.685039 0 
vn -0.685039 -0.732283 0 
vn -0.685039 -0.732283 0 
vn -0.685039 -0.732283 0 
vn -0.685039 -0.732283 0 
vn 0 0 1 
vn 0 0 1 
vn 0 0 1 
vn 0 0 1 

vt -0.0615292 0.904712 
vt -0.0910102 0.904712 
vt -0.0615292 0.87609 
vt -0.0910102 0.87609 
vt 0.327755 0.904712 
vt -0.0910102 0.904712 
vt 0.327755 0.875231 
vt -0.0910102 0.875231 
vt 0.327755 0.904712 
vt -0.0910102 0.904712 
vt 0.327755 0.87609 
vt -0.0910102 0.87609 
vt -0.0615292 0.904712 
vt -0.0910102 0.904712 
vt -0.0615292 0.87609 
vt -0.0910102 0.87609 
vt 0.327755 0.904712 
vt -0.0910102 0.904712 
vt 0.327755 0.875231 
vt -0.0910102 0.875231 
vt 0.327755 0.904712 
vt -0.0910102 0.904712 
vt 0.327755 0.87609 
vt -0.0910102 0.87609 

usemtl Part1Mtl

f 1465/1465/1465 1466/1466/1466 1467/1467/1467 
f 1467/1467/1467 1466/1466/1466 1468/1468/1468 
f 1469/1469/1469 1470/1470/1470 1471/1471/1471 
f 1471/1471/1471 1470/1470/1470 1472/1472/1472 
f 1473/1473/1473 1474/1474/1474 1475/1475/1475 
f 1475/1475/1475 1474/1474/1474 1476/1476/1476 
f 1477/1477/1477 1478/1478/1478 1479/1479/1479 
f 1479/1479/1479 1478/1478/1478 1480/1480/1480 
f 1481/1481/1481 1482/1482/1482 1483/1483/1483 
f 1483/1483/1483 1482/1482/1482 1484/1484/1484 
f 1485/1485/1485 1486/1486/1486 1487/1487/1487 
f 1487/1487/1487 1486/1486/1486 1488/1488/1488 

g Part63

v -35.7882 29.445 -28.0335 
v -35.7882 29.4451 -28.3994 
v -35.8625 29.3653 -28.0335 
v -35.8625 29.3654 -28.3994 
v -33.5117 27.3208 -28.4 
v -35.7882 29.4451 -28.3994 
v -33.5117 27.3207 -28.0341 
v -35.7882 29.445 -28.0335 
v -35.7882 29.4451 -28.3994 
v -33.5117 27.3208 -28.4 
v -35.8625 29.3654 -28.3994 
v -33.5861 27.2411 -28.4 
v -33.5117 27.3208 -28.4 
v -33.5117 27.3207 -28.0341 
v -33.5861 27.2411 -28.4 
v -33.5861 27.241 -28.0342 
v -33.5861 27.241 -28.0342 
v -35.8625 29.3653 -28.0335 
v -33.5861 27.2411 -28.4 
v -35.8625 29.3654 -28.3994 
v -33.5117 27.3207 -28.0341 
v -35.7882 29.445 -28.0335 
v -33.5861 27.241 -28.0342 
v -35.8625 29.3653 -28.0335 

vn -0.732283 0.685039 0 
vn -0.732283 0.685039 0 
vn -0.732283 0.685039 0 
vn -0.732283 0.685039 0 
vn 0.685039 0.732283 0 
vn 0.685039 0.732283 0 
vn 0.685039 0.732283 0 
vn 0.685039 0.732283 0 
vn 0 0 -1 
vn 0 0 -1 
vn 0 0 -1 
vn 0 0 -1 
vn 0.732283 -0.685039 0 
vn 0.732283 -0.685039 0 
vn 0.732283 -0.685039 0 
vn 0.732283 -0.685039 0 
vn -0.685039 -0.732283 0 
vn -0.685039 -0.732283 0 
vn -0.685039 -0.732283 0 
vn -0.685039 -0.732283 0 
vn 0 0 1 
vn 0 0 1 
vn 0 0 1 
vn 0 0 1 

vt 1.04573 0.75 
vt 1 0.75 
vt 1.04573 0.736378 
vt 1 0.736378 
vt 1.3892 0.75 
vt 1 0.75 
vt 1.3892 0.704269 
vt 1 0.704269 
vt 1.3892 0.75 
vt 1 0.75 
vt 1.3892 0.736378 
vt 1 0.736378 
vt 1.04573 0.75 
vt 1 0.75 
vt 1.04573 0.736378 
vt 1 0.736378 
vt 1.3892 0.75 
vt 1 0.75 
vt 1.3892 0.704269 
vt 1 0.704269 
vt 1.3892 0.75 
vt 1 0.75 
vt 1.3892 0.736378 
vt 1 0.736378 

usemtl Part2Mtl

f 1489/1489/1489 1490/1490/1490 1491/1491/1491 
f 1491/1491/1491 1490/1490/1490 1492/1492/1492 
f 1493/1493/1493 1494/1494/1494 1495/1495/1495 
f 1495/1495/1495 1494/1494/1494 1496/1496/1496 
f 1497/1497/1497 1498/1498/1498 1499/1499/1499 
f 1499/1499/1499 1498/1498/1498 1500/1500/1500 
f 1501/1501/1501 1502/1502/1502 1503/1503/1503 
f 1503/1503/1503 1502/1502/1502 1504/1504/1504 
f 1505/1505/1505 1506/1506/1506 1507/1507/1507 
f 1507/1507/1507 1506/1506/1506 1508/1508/1508 
f 1509/1509/1509 1510/1510/1510 1511/1511/1511 
f 1511/1511/1511 1510/1510/1510 1512/1512/1512 

g Part64

v -35.7882 29.4449 -27.6682 
v -35.7882 29.445 -28.034 
v -35.8625 29.3652 -27.6682 
v -35.8625 29.3653 -28.034 
v -33.5117 27.3207 -28.0346 
v -35.7882 29.445 -28.034 
v -33.5117 27.3206 -27.6688 
v -35.7882 29.4449 -27.6682 
v -35.7882 29.445 -28.034 
v -33.5117 27.3207 -28.0346 
v -35.8625 29.3653 -28.034 
v -33.5861 27.241 -28.0347 
v -33.5117 27.3207 -28.0346 
v -33.5117 27.3206 -27.6688 
v -33.5861 27.241 -28.0347 
v -33.5861 27.2409 -27.6688 
v -33.5861 27.2409 -27.6688 
v -35.8625 29.3652 -27.6682 
v -33.5861 27.241 -28.0347 
v -35.8625 29.3653 -28.034 
v -33.5117 27.3206 -27.6688 
v -35.7882 29.4449 -27.6682 
v -33.5861 27.2409 -27.6688 
v -35.8625 29.3652 -27.6682 

vn -0.732283 0.685039 0 
vn -0.732283 0.685039 0 
vn -0.732283 0.685039 0 
vn -0.732283 0.685039 0 
vn 0.685039 0.732283 0 
vn 0.685039 0.732283 0 
vn 0.685039 0.732283 0 
vn 0.685039 0.732283 0 
vn 0 0 -1 
vn 0 0 -1 
vn 0 0 -1 
vn 0 0 -1 
vn 0.732283 -0.685039 0 
vn 0.732283 -0.685039 0 
vn 0.732283 -0.685039 0 
vn 0.732283 -0.685039 0 
vn -0.685039 -0.732283 0 
vn -0.685039 -0.732283 0 
vn -0.685039 -0.732283 0 
vn -0.685039 -0.732283 0 
vn 0 0 1 
vn 0 0 1 
vn 0 0 1 
vn 0 0 1 

vt 0.795731 0.75 
vt 0.75 0.75 
vt 0.795731 0.736378 
vt 0.75 0.736378 
vt 1.1392 0.75 
vt 0.75 0.75 
vt 1.1392 0.704269 
vt 0.75 0.704269 
vt 1.1392 0.75 
vt 0.75 0.75 
vt 1.1392 0.736378 
vt 0.75 0.736378 
vt 0.795731 0.75 
vt 0.75 0.75 
vt 0.795731 0.736378 
vt 0.75 0.736378 
vt 1.1392 0.75 
vt 0.75 0.75 
vt 1.1392 0.704269 
vt 0.75 0.704269 
vt 1.1392 0.75 
vt 0.75 0.75 
vt 1.1392 0.736378 
vt 0.75 0.736378 

usemtl Part58Mtl

f 1513/1513/1513 1514/1514/1514 1515/1515/1515 
f 1515/1515/1515 1514/1514/1514 1516/1516/1516 
f 1517/1517/1517 1518/1518/1518 1519/1519/1519 
f 1519/1519/1519 1518/1518/1518 1520/1520/1520 
f 1521/1521/1521 1522/1522/1522 1523/1523/1523 
f 1523/1523/1523 1522/1522/1522 1524/1524/1524 
f 1525/1525/1525 1526/1526/1526 1527/1527/1527 
f 1527/1527/1527 1526/1526/1526 1528/1528/1528 
f 1529/1529/1529 1530/1530/1530 1531/1531/1531 
f 1531/1531/1531 1530/1530/1530 1532/1532/1532 
f 1533/1533/1533 1534/1534/1534 1535/1535/1535 
f 1535/1535/1535 1534/1534/1534 1536/1536/1536 

g Part65

v -35.7882 29.4452 -28.7642 
v -35.7882 29.4453 -29.1301 
v -35.8625 29.3655 -28.7643 
v -35.8625 29.3656 -29.1301 
v -33.5117 27.321 -29.1307 
v -35.7882 29.4453 -29.1301 
v -33.5117 27.3209 -28.7648 
v -35.7882 29.4452 -28.7642 
v -35.7882 29.4453 -29.1301 
v -33.5117 27.321 -29.1307 
v -35.8625 29.3656 -29.1301 
v -33.5861 27.2414 -29.1307 
v -33.5117 27.321 -29.1307 
v -33.5117 27.3209 -28.7648 
v -33.5861 27.2414 -29.1307 
v -33.5861 27.2413 -28.7649 
v -33.5861 27.2413 -28.7649 
v -35.8625 29.3655 -28.7643 
v -33.5861 27.2414 -29.1307 
v -35.8625 29.3656 -29.1301 
v -33.5117 27.3209 -28.7648 
v -35.7882 29.4452 -28.7642 
v -33.5861 27.2413 -28.7649 
v -35.8625 29.3655 -28.7643 

vn -0.732283 0.685039 0 
vn -0.732283 0.685039 0 
vn -0.732283 0.685039 0 
vn -0.732283 0.685039 0 
vn 0.685039 0.732283 0 
vn 0.685039 0.732283 0 
vn 0.685039 0.732283 0 
vn 0.685039 0.732283 0 
vn 0 0 -1 
vn 0 0 -1 
vn 0 0 -1 
vn 0 0 -1 
vn 0.732283 -0.685039 0 
vn 0.732283 -0.685039 0 
vn 0.732283 -0.685039 0 
vn 0.732283 -0.685039 0 
vn -0.685039 -0.732283 0 
vn -0.685039 -0.732283 0 
vn -0.685039 -0.732283 0 
vn -0.685039 -0.732283 0 
vn 0 0 1 
vn 0 0 1 
vn 0 0 1 
vn 0 0 1 

vt 7.29573 -4.75 
vt 7.25 -4.75 
vt 7.29573 -4.76362 
vt 7.25 -4.76362 
vt 7.6392 -4.75 
vt 7.25 -4.75 
vt 7.6392 -4.79573 
vt 7.25 -4.79573 
vt 7.6392 -4.75 
vt 7.25 -4.75 
vt 7.6392 -4.76362 
vt 7.25 -4.76362 
vt 7.29573 -4.75 
vt 7.25 -4.75 
vt 7.29573 -4.76362 
vt 7.25 -4.76362 
vt 7.6392 -4.75 
vt 7.25 -4.75 
vt 7.6392 -4.79573 
vt 7.25 -4.79573 
vt 7.6392 -4.75 
vt 7.25 -4.75 
vt 7.6392 -4.76362 
vt 7.25 -4.76362 

usemtl Part2Mtl

f 1537/1537/1537 1538/1538/1538 1539/1539/1539 
f 1539/1539/1539 1538/1538/1538 1540/1540/1540 
f 1541/1541/1541 1542/1542/1542 1543/1543/1543 
f 1543/1543/1543 1542/1542/1542 1544/1544/1544 
f 1545/1545/1545 1546/1546/1546 1547/1547/1547 
f 1547/1547/1547 1546/1546/1546 1548/1548/1548 
f 1549/1549/1549 1550/1550/1550 1551/1551/1551 
f 1551/1551/1551 1550/1550/1550 1552/1552/1552 
f 1553/1553/1553 1554/1554/1554 1555/1555/1555 
f 1555/1555/1555 1554/1554/1554 1556/1556/1556 
f 1557/1557/1557 1558/1558/1558 1559/1559/1559 
f 1559/1559/1559 1558/1558/1558 1560/1560/1560 

g Part66

v -33.5735 27.408 -29.4954 
v -33.5734 27.4081 -29.7313 
v -33.5855 27.1794 -29.4955 
v -33.5855 27.1795 -29.7313 
v -29.1994 27.1774 -29.7313 
v -33.5734 27.4081 -29.7313 
v -29.1994 27.1773 -29.4954 
v -33.5735 27.408 -29.4954 
v -33.5734 27.4081 -29.7313 
v -29.1994 27.1774 -29.7313 
v -33.5855 27.1795 -29.7313 
v -29.2115 26.9487 -29.7313 
v -29.1994 27.1774 -29.7313 
v -29.1994 27.1773 -29.4954 
v -29.2115 26.9487 -29.7313 
v -29.2115 26.9487 -29.4955 
v -29.2115 26.9487 -29.4955 
v -33.5855 27.1794 -29.4955 
v -29.2115 26.9487 -29.7313 
v -33.5855 27.1795 -29.7313 
v -29.1994 27.1773 -29.4954 
v -33.5735 27.408 -29.4954 
v -29.2115 26.9487 -29.4955 
v -33.5855 27.1794 -29.4955 

vn -1 0.0551181 0 
vn -1 0.0551181 0 
vn -1 0.0551181 0 
vn -1 0.0551181 0 
vn 0.0551181 1 0 
vn 0.0551181 1 0 
vn 0.0551181 1 0 
vn 0.0551181 1 0 
vn 0 0 -1 
vn 0 0 -1 
vn 0 0 -1 
vn 0 0 -1 
vn 1 -0.0551181 0 
vn 1 -0.0551181 0 
vn 1 -0.0551181 0 
vn 1 -0.0551181 0 
vn -0.0551181 -1 0 
vn -0.0551181 -1 0 
vn -0.0551181 -1 0 
vn -0.0551181 -1 0 
vn 0 0 1 
vn 0 0 1 
vn 0 0 1 
vn 0 0 1 

vt 0.23971 1.07568 
vt 0.210229 1.07568 
vt 0.23971 1.04705 
vt 0.210229 1.04705 
vt 0.757744 1.07568 
vt 0.210229 1.07568 
vt 0.757744 1.04619 
vt 0.210229 1.04619 
vt 0.757744 1.07568 
vt 0.210229 1.07568 
vt 0.757744 1.04705 
vt 0.210229 1.04705 
vt 0.23971 1.07568 
vt 0.210229 1.07568 
vt 0.23971 1.04705 
vt 0.210229 1.04705 
vt 0.757744 1.07568 
vt 0.210229 1.07568 
vt 0.757744 1.04619 
vt 0.210229 1.04619 
vt 0.757744 1.07568 
vt 0.210229 1.07568 
vt 0.757744 1.04705 
vt 0.210229 1.04705 

usemtl Part1Mtl

f 1561/1561/1561 1562/1562/1562 1563/1563/1563 
f 1563/1563/1563 1562/1562/1562 1564/1564/1564 
f 1565/1565/1565 1566/1566/1566 1567/1567/1567 
f 1567/1567/1567 1566/1566/1566 1568/1568/1568 
f 1569/1569/1569 1570/1570/1570 1571/1571/1571 
f 1571/1571/1571 1570/1570/1570 1572/1572/1572 
f 1573/1573/1573 1574/1574/1574 1575/1575/1575 
f 1575/1575/1575 1574/1574/1574 1576/1576/1576 
f 1577/1577/1577 1578/1578/1578 1579/1579/1579 
f 1579/1579/1579 1578/1578/1578 1580/1580/1580 
f 1581/1581/1581 1582/1582/1582 1583/1583/1583 
f 1583/1583/1583 1582/1582/1582 1584/1584/1584 

g Part67

v -33.5764 27.3509 -26.9382 
v -33.5764 27.3511 -27.3041 
v -33.5822 27.2421 -26.9383 
v -33.5822 27.2422 -27.3041 
v -29.2623 27.1235 -27.3041 
v -33.5764 27.3511 -27.3041 
v -29.2623 27.1234 -26.9382 
v -33.5764 27.3509 -26.9382 
v -33.5764 27.3511 -27.3041 
v -29.2623 27.1235 -27.3041 
v -33.5822 27.2422 -27.3041 
v -29.268 27.0147 -27.3041 
v -29.2623 27.1235 -27.3041 
v -29.2623 27.1234 -26.9382 
v -29.268 27.0147 -27.3041 
v -29.268 27.0145 -26.9383 
v -29.268 27.0145 -26.9383 
v -33.5822 27.2421 -26.9383 
v -29.268 27.0147 -27.3041 
v -33.5822 27.2422 -27.3041 
v -29.2623 27.1234 -26.9382 
v -33.5764 27.3509 -26.9382 
v -29.268 27.0145 -26.9383 
v -33.5822 27.2421 -26.9383 

vn -1 0.0551181 0 
vn -1 0.0551181 0 
vn -1 0.0551181 0 
vn -1 0.0551181 0 
vn 0.0551181 1 0 
vn 0.0551181 1 0 
vn 0.0551181 1 0 
vn 0.0551181 1 0 
vn 0 0 -1 
vn 0 0 -1 
vn 0 0 -1 
vn 0 0 -1 
vn 1 -0.0551181 0 
vn 1 -0.0551181 0 
vn 1 -0.0551181 0 
vn 1 -0.0551181 0 
vn -0.0551181 -1 0 
vn -0.0551181 -1 0 
vn -0.0551181 -1 0 
vn -0.0551181 -1 0 
vn 0 0 1 
vn 0 0 1 
vn 0 0 1 
vn 0 0 1 

vt 0.045731 0.5 
vt 0 0.5 
vt 0.045731 0.486378 
vt 0 0.486378 
vt 0.540015 0.5 
vt 0 0.5 
vt 0.540015 0.454269 
vt 0 0.454269 
vt 0.540015 0.5 
vt 0 0.5 
vt 0.540015 0.486378 
vt 0 0.486378 
vt 0.045731 0.5 
vt 0 0.5 
vt 0.045731 0.486378 
vt 0 0.486378 
vt 0.540015 0.5 
vt 0 0.5 
vt 0.540015 0.454269 
vt 0 0.454269 
vt 0.540015 0.5 
vt 0 0.5 
vt 0.540015 0.486378 
vt 0 0.486378 

usemtl Part58Mtl

f 1585/1585/1585 1586/1586/1586 1587/1587/1587 
f 1587/1587/1587 1586/1586/1586 1588/1588/1588 
f 1589/1589/1589 1590/1590/1590 1591/1591/1591 
f 1591/1591/1591 1590/1590/1590 1592/1592/1592 
f 1593/1593/1593 1594/1594/1594 1595/1595/1595 
f 1595/1595/1595 1594/1594/1594 1596/1596/1596 
f 1597/1597/1597 1598/1598/1598 1599/1599/1599 
f 1599/1599/1599 1598/1598/1598 1600/1600/1600 
f 1601/1601/1601 1602/1602/1602 1603/1603/1603 
f 1603/1603/1603 1602/1602/1602 1604/1604/1604 
f 1605/1605/1605 1606/1606/1606 1607/1607/1607 
f 1607/1607/1607 1606/1606/1606 1608/1608/1608 

g Part68

v -35.8763 29.6386 -29.4947 
v -35.8763 29.6387 -29.7306 
v -36.0325 29.4712 -29.4948 
v -36.0325 29.4713 -29.7306 
v -33.4269 27.353 -29.7312 
v -35.8763 29.6387 -29.7306 
v -33.427 27.353 -29.4954 
v -35.8763 29.6386 -29.4947 
v -35.8763 29.6387 -29.7306 
v -33.4269 27.353 -29.7312 
v -36.0325 29.4713 -29.7306 
v -33.5832 27.1856 -29.7313 
v -33.4269 27.353 -29.7312 
v -33.427 27.353 -29.4954 
v -33.5832 27.1856 -29.7313 
v -33.5832 27.1856 -29.4954 
v -33.5832 27.1856 -29.4954 
v -36.0325 29.4712 -29.4948 
v -33.5832 27.1856 -29.7313 
v -36.0325 29.4713 -29.7306 
v -33.427 27.353 -29.4954 
v -35.8763 29.6386 -29.4947 
v -33.5832 27.1856 -29.4954 
v -36.0325 29.4712 -29.4948 

vn -0.732283 0.685039 0 
vn -0.732283 0.685039 0 
vn -0.732283 0.685039 0 
vn -0.732283 0.685039 0 
vn 0.685039 0.732283 0 
vn 0.685039 0.732283 0 
vn 0.685039 0.732283 0 
vn 0.685039 0.732283 0 
vn 0 0 -1 
vn 0 0 -1 
vn 0 0 -1 
vn 0 0 -1 
vn 0.732283 -0.685039 0 
vn 0.732283 -0.685039 0 
vn 0.732283 -0.685039 0 
vn 0.732283 -0.685039 0 
vn -0.685039 -0.732283 0 
vn -0.685039 -0.732283 0 
vn -0.685039 -0.732283 0 
vn -0.685039 -0.732283 0 
vn 0 0 1 
vn 0 0 1 
vn 0 0 1 
vn 0 0 1 

vt -0.208055 0.801502 
vt -0.237536 0.801502 
vt -0.208055 0.77288 
vt -0.237536 0.77288 
vt 0.181228 0.801502 
vt -0.237536 0.801502 
vt 0.181228 0.772021 
vt -0.237536 0.772021 
vt 0.181228 0.801502 
vt -0.237536 0.801502 
vt 0.181228 0.77288 
vt -0.237536 0.77288 
vt -0.208055 0.801502 
vt -0.237536 0.801502 
vt -0.208055 0.77288 
vt -0.237536 0.77288 
vt 0.181228 0.801502 
vt -0.237536 0.801502 
vt 0.181228 0.772021 
vt -0.237536 0.772021 
vt 0.181228 0.801502 
vt -0.237536 0.801502 
vt 0.181228 0.77288 
vt -0.237536 0.77288 

usemtl Part1Mtl

f 1609/1609/1609 1610/1610/1610 1611/1611/1611 
f 1611/1611/1611 1610/1610/1610 1612/1612/1612 
f 1613/1613/1613 1614/1614/1614 1615/1615/1615 
f 1615/1615/1615 1614/1614/1614 1616/1616/1616 
f 1617/1617/1617 1618/1618/1618 1619/1619/1619 
f 1619/1619/1619 1618/1618/1618 1620/1620/1620 
f 1621/1621/1621 1622/1622/1622 1623/1623/1623 
f 1623/1623/1623 1622/1622/1622 1624/1624/1624 
f 1625/1625/1625 1626/1626/1626 1627/1627/1627 
f 1627/1627/1627 1626/1626/1626 1628/1628/1628 
f 1629/1629/1629 1630/1630/1630 1631/1631/1631 
f 1631/1631/1631 1630/1630/1630 1632/1632/1632 

g Part69

v -35.7882 29.4453 -29.1296 
v -35.7882 29.4454 -29.4954 
v -35.8625 29.3656 -29.1296 
v -35.8625 29.3657 -29.4955 
v -33.5117 27.3212 -29.4961 
v -35.7882 29.4454 -29.4954 
v -33.5117 27.321 -29.1302 
v -35.7882 29.4453 -29.1296 
v -35.7882 29.4454 -29.4954 
v -33.5117 27.3212 -29.4961 
v -35.8625 29.3657 -29.4955 
v -33.5861 27.2415 -29.4961 
v -33.5117 27.3212 -29.4961 
v -33.5117 27.321 -29.1302 
v -33.5861 27.2415 -29.4961 
v -33.5861 27.2414 -29.1302 
v -33.5861 27.2414 -29.1302 
v -35.8625 29.3656 -29.1296 
v -33.5861 27.2415 -29.4961 
v -35.8625 29.3657 -29.4955 
v -33.5117 27.321 -29.1302 
v -35.7882 29.4453 -29.1296 
v -33.5861 27.2414 -29.1302 
v -35.8625 29.3656 -29.1296 

vn -0.732283 0.685039 0 
vn -0.732283 0.685039 0 
vn -0.732283 0.685039 0 
vn -0.732283 0.685039 0 
vn 0.685039 0.732283 0 
vn 0.685039 0.732283 0 
vn 0.685039 0.732283 0 
vn 0.685039 0.732283 0 
vn 0 0 -1 
vn 0 0 -1 
vn 0 0 -1 
vn 0 0 -1 
vn 0.732283 -0.685039 0 
vn 0.732283 -0.685039 0 
vn 0.732283 -0.685039 0 
vn 0.732283 -0.685039 0 
vn -0.685039 -0.732283 0 
vn -0.685039 -0.732283 0 
vn -0.685039 -0.732283 0 
vn -0.685039 -0.732283 0 
vn 0 0 1 
vn 0 0 1 
vn 0 0 1 
vn 0 0 1 

vt 7.04573 -5.25 
vt 7 -5.25 
vt 7.04573 -5.26362 
vt 7 -5.26362 
vt 7.3892 -5.25 
vt 7 -5.25 
vt 7.3892 -5.29573 
vt 7 -5.29573 
vt 7.3892 -5.25 
vt 7 -5.25 
vt 7.3892 -5.26362 
vt 7 -5.26362 
vt 7.04573 -5.25 
vt 7 -5.25 
vt 7.04573 -5.26362 
vt 7 -5.26362 
vt 7.3892 -5.25 
vt 7 -5.25 
vt 7.3892 -5.29573 
vt 7 -5.29573 
vt 7.3892 -5.25 
vt 7 -5.25 
vt 7.3892 -5.26362 
vt 7 -5.26362 

usemtl Part58Mtl

f 1633/1633/1633 1634/1634/1634 1635/1635/1635 
f 1635/1635/1635 1634/1634/1634 1636/1636/1636 
f 1637/1637/1637 1638/1638/1638 1639/1639/1639 
f 1639/1639/1639 1638/1638/1638 1640/1640/1640 
f 1641/1641/1641 1642/1642/1642 1643/1643/1643 
f 1643/1643/1643 1642/1642/1642 1644/1644/1644 
f 1645/1645/1645 1646/1646/1646 1647/1647/1647 
f 1647/1647/1647 1646/1646/1646 1648/1648/1648 
f 1649/1649/1649 1650/1650/1650 1651/1651/1651 
f 1651/1651/1651 1650/1650/1650 1652/1652/1652 
f 1653/1653/1653 1654/1654/1654 1655/1655/1655 
f 1655/1655/1655 1654/1654/1654 1656/1656/1656 

g Part70

v -33.5764 27.3514 -28.3991 
v -33.5764 27.3515 -28.7649 
v -33.5822 27.2426 -28.3991 
v -33.5822 27.2427 -28.7649 
v -29.2623 27.1239 -28.7649 
v -33.5764 27.3515 -28.7649 
v -29.2623 27.1238 -28.3991 
v -33.5764 27.3514 -28.3991 
v -33.5764 27.3515 -28.7649 
v -29.2623 27.1239 -28.7649 
v -33.5822 27.2427 -28.7649 
v -29.268 27.0151 -28.7649 
v -29.2623 27.1239 -28.7649 
v -29.2623 27.1238 -28.3991 
v -29.268 27.0151 -28.7649 
v -29.268 27.015 -28.3991 
v -29.268 27.015 -28.3991 
v -33.5822 27.2426 -28.3991 
v -29.268 27.0151 -28.7649 
v -33.5822 27.2427 -28.7649 
v -29.2623 27.1238 -28.3991 
v -33.5764 27.3514 -28.3991 
v -29.268 27.015 -28.3991 
v -33.5822 27.2426 -28.3991 

vn -1 0.0551181 0 
vn -1 0.0551181 0 
vn -1 0.0551181 0 
vn -1 0.0551181 0 
vn 0.0551181 1 0 
vn 0.0551181 1 0 
vn 0.0551181 1 0 
vn 0.0551181 1 0 
vn 0 0 -1 
vn 0 0 -1 
vn 0 0 -1 
vn 0 0 -1 
vn 1 -0.0551181 0 
vn 1 -0.0551181 0 
vn 1 -0.0551181 0 
vn 1 -0.0551181 0 
vn -0.0551181 -1 0 
vn -0.0551181 -1 0 
vn -0.0551181 -1 0 
vn -0.0551181 -1 0 
vn 0 0 1 
vn 0 0 1 
vn 0 0 1 
vn 0 0 1 

vt 5.79573 -1 
vt 5.75 -1 
vt 5.79573 -1.01362 
vt 5.75 -1.01362 
vt 6.29001 -1 
vt 5.75 -1 
vt 6.29001 -1.04573 
vt 5.75 -1.04573 
vt 6.29001 -1 
vt 5.75 -1 
vt 6.29001 -1.01362 
vt 5.75 -1.01362 
vt 5.79573 -1 
vt 5.75 -1 
vt 5.79573 -1.01362 
vt 5.75 -1.01362 
vt 6.29001 -1 
vt 5.75 -1 
vt 6.29001 -1.04573 
vt 5.75 -1.04573 
vt 6.29001 -1 
vt 5.75 -1 
vt 6.29001 -1.01362 
vt 5.75 -1.01362 

usemtl Part58Mtl

f 1657/1657/1657 1658/1658/1658 1659/1659/1659 
f 1659/1659/1659 1658/1658/1658 1660/1660/1660 
f 1661/1661/1661 1662/1662/1662 1663/1663/1663 
f 1663/1663/1663 1662/1662/1662 1664/1664/1664 
f 1665/1665/1665 1666/1666/1666 1667/1667/1667 
f 1667/1667/1667 1666/1666/1666 1668/1668/1668 
f 1669/1669/1669 1670/1670/1670 1671/1671/1671 
f 1671/1671/1671 1670/1670/1670 1672/1672/1672 
f 1673/1673/1673 1674/1674/1674 1675/1675/1675 
f 1675/1675/1675 1674/1674/1674 1676/1676/1676 
f 1677/1677/1677 1678/1678/1678 1679/1679/1679 
f 1679/1679/1679 1678/1678/1678 1680/1680/1680 

g Part71

v -33.5764 27.3513 -28.0338 
v -33.5764 27.3514 -28.3997 
v -33.5822 27.2425 -28.0339 
v -33.5822 27.2426 -28.3997 
v -29.2623 27.1238 -28.3997 
v -33.5764 27.3514 -28.3997 
v -29.2623 27.1237 -28.0338 
v -33.5764 27.3513 -28.0338 
v -33.5764 27.3514 -28.3997 
v -29.2623 27.1238 -28.3997 
v -33.5822 27.2426 -28.3997 
v -29.268 27.015 -28.3997 
v -29.2623 27.1238 -28.3997 
v -29.2623 27.1237 -28.0338 
v -29.268 27.015 -28.3997 
v -29.268 27.0149 -28.0339 
v -29.268 27.0149 -28.0339 
v -33.5822 27.2425 -28.0339 
v -29.268 27.015 -28.3997 
v -33.5822 27.2426 -28.3997 
v -29.2623 27.1237 -28.0338 
v -33.5764 27.3513 -28.0338 
v -29.268 27.0149 -28.0339 
v -33.5822 27.2425 -28.0339 

vn -1 0.0551181 0 
vn -1 0.0551181 0 
vn -1 0.0551181 0 
vn -1 0.0551181 0 
vn 0.0551181 1 0 
vn 0.0551181 1 0 
vn 0.0551181 1 0 
vn 0.0551181 1 0 
vn 0 0 -1 
vn 0 0 -1 
vn 0 0 -1 
vn 0 0 -1 
vn 1 -0.0551181 0 
vn 1 -0.0551181 0 
vn 1 -0.0551181 0 
vn 1 -0.0551181 0 
vn -0.0551181 -1 0 
vn -0.0551181 -1 0 
vn -0.0551181 -1 0 
vn -0.0551181 -1 0 
vn 0 0 1 
vn 0 0 1 
vn 0 0 1 
vn 0 0 1 

vt 4.29573 -6.5 
vt 4.25 -6.5 
vt 4.29573 -6.51362 
vt 4.25 -6.51362 
vt 4.79001 -6.5 
vt 4.25 -6.5 
vt 4.79001 -6.54573 
vt 4.25 -6.54573 
vt 4.79001 -6.5 
vt 4.25 -6.5 
vt 4.79001 -6.51362 
vt 4.25 -6.51362 
vt 4.29573 -6.5 
vt 4.25 -6.5 
vt 4.29573 -6.51362 
vt 4.25 -6.51362 
vt 4.79001 -6.5 
vt 4.25 -6.5 
vt 4.79001 -6.54573 
vt 4.25 -6.54573 
vt 4.79001 -6.5 
vt 4.25 -6.5 
vt 4.79001 -6.51362 
vt 4.25 -6.51362 

usemtl Part2Mtl

f 1681/1681/1681 1682/1682/1682 1683/1683/1683 
f 1683/1683/1683 1682/1682/1682 1684/1684/1684 
f 1685/1685/1685 1686/1686/1686 1687/1687/1687 
f 1687/1687/1687 1686/1686/1686 1688/1688/1688 
f 1689/1689/1689 1690/1690/1690 1691/1691/1691 
f 1691/1691/1691 1690/1690/1690 1692/1692/1692 
f 1693/1693/1693 1694/1694/1694 1695/1695/1695 
f 1695/1695/1695 1694/1694/1694 1696/1696/1696 
f 1697/1697/1697 1698/1698/1698 1699/1699/1699 
f 1699/1699/1699 1698/1698/1698 1700/1700/1700 
f 1701/1701/1701 1702/1702/1702 1703/1703/1703 
f 1703/1703/1703 1702/1702/1702 1704/1704/1704 

g Part72

v -35.7882 29.4447 -27.3031 
v -35.7882 29.4448 -27.6689 
v -35.8625 29.3651 -27.3031 
v -35.8625 29.3652 -27.6689 
v -33.5117 27.3206 -27.6695 
v -35.7882 29.4448 -27.6689 
v -33.5117 27.3205 -27.3037 
v -35.7882 29.4447 -27.3031 
v -35.7882 29.4448 -27.6689 
v -33.5117 27.3206 -27.6695 
v -35.8625 29.3652 -27.6689 
v -33.5861 27.2409 -27.6695 
v -33.5117 27.3206 -27.6695 
v -33.5117 27.3205 -27.3037 
v -33.5861 27.2409 -27.6695 
v -33.5861 27.2408 -27.3037 
v -33.5861 27.2408 -27.3037 
v -35.8625 29.3651 -27.3031 
v -33.5861 27.2409 -27.6695 
v -35.8625 29.3652 -27.6689 
v -33.5117 27.3205 -27.3037 
v -35.7882 29.4447 -27.3031 
v -33.5861 27.2408 -27.3037 
v -35.8625 29.3651 -27.3031 

vn -0.732283 0.685039 0 
vn -0.732283 0.685039 0 
vn -0.732283 0.685039 0 
vn -0.732283 0.685039 0 
vn 0.685039 0.732283 0 
vn 0.685039 0.732283 0 
vn 0.685039 0.732283 0 
vn 0.685039 0.732283 0 
vn 0 0 -1 
vn 0 0 -1 
vn 0 0 -1 
vn 0 0 -1 
vn 0.732283 -0.685039 0 
vn 0.732283 -0.685039 0 
vn 0.732283 -0.685039 0 
vn 0.732283 -0.685039 0 
vn -0.685039 -0.732283 0 
vn -0.685039 -0.732283 0 
vn -0.685039 -0.732283 0 
vn -0.685039 -0.732283 0 
vn 0 0 1 
vn 0 0 1 
vn 0 0 1 
vn 0 0 1 

vt 2.04573 -5 
vt 2 -5 
vt 2.04573 -5.01362 
vt 2 -5.01362 
vt 2.3892 -5 
vt 2 -5 
vt 2.3892 -5.04573 
vt 2 -5.04573 
vt 2.3892 -5 
vt 2 -5 
vt 2.3892 -5.01362 
vt 2 -5.01362 
vt 2.04573 -5 
vt 2 -5 
vt 2.04573 -5.01362 
vt 2 -5.01362 
vt 2.3892 -5 
vt 2 -5 
vt 2.3892 -5.04573 
vt 2 -5.04573 
vt 2.3892 -5 
vt 2 -5 
vt 2.3892 -5.01362 
vt 2 -5.01362 

usemtl Part2Mtl

f 1705/1705/1705 1706/1706/1706 1707/1707/1707 
f 1707/1707/1707 1706/1706/1706 1708/1708/1708 
f 1709/1709/1709 1710/1710/1710 1711/1711/1711 
f 1711/1711/1711 1710/1710/1710 1712/1712/1712 
f 1713/1713/1713 1714/1714/1714 1715/1715/1715 
f 1715/1715/1715 1714/1714/1714 1716/1716/1716 
f 1717/1717/1717 1718/1718/1718 1719/1719/1719 
f 1719/1719/1719 1718/1718/1718 1720/1720/1720 
f 1721/1721/1721 1722/1722/1722 1723/1723/1723 
f 1723/1723/1723 1722/1722/1722 1724/1724/1724 
f 1725/1725/1725 1726/1726/1726 1727/1727/1727 
f 1727/1727/1727 1726/1726/1726 1728/1728/1728 

g Part73

v -35.7883 29.4446 -26.9376 
v -35.7883 29.4447 -27.3034 
v -35.8626 29.3649 -26.9376 
v -35.8626 29.3651 -27.3034 
v -33.5119 27.3205 -27.304 
v -35.7883 29.4447 -27.3034 
v -33.5119 27.3204 -26.9382 
v -35.7883 29.4446 -26.9376 
v -35.7883 29.4447 -27.3034 
v -33.5119 27.3205 -27.304 
v -35.8626 29.3651 -27.3034 
v -33.5862 27.2408 -27.3041 
v -33.5119 27.3205 -27.304 
v -33.5119 27.3204 -26.9382 
v -33.5862 27.2408 -27.3041 
v -33.5862 27.2407 -26.9382 
v -33.5862 27.2407 -26.9382 
v -35.8626 29.3649 -26.9376 
v -33.5862 27.2408 -27.3041 
v -35.8626 29.3651 -27.3034 
v -33.5119 27.3204 -26.9382 
v -35.7883 29.4446 -26.9376 
v -33.5862 27.2407 -26.9382 
v -35.8626 29.3649 -26.9376 

vn -0.732283 0.685039 0 
vn -0.732283 0.685039 0 
vn -0.732283 0.685039 0 
vn -0.732283 0.685039 0 
vn 0.685039 0.732283 0 
vn 0.685039 0.732283 0 
vn 0.685039 0.732283 0 
vn 0.685039 0.732283 0 
vn 0 0 -1 
vn 0 0 -1 
vn 0 0 -1 
vn 0 0 -1 
vn 0.732283 -0.685039 0 
vn 0.732283 -0.685039 0 
vn 0.732283 -0.685039 0 
vn 0.732283 -0.685039 0 
vn -0.685039 -0.732283 0 
vn -0.685039 -0.732283 0 
vn -0.685039 -0.732283 0 
vn -0.685039 -0.732283 0 
vn 0 0 1 
vn 0 0 1 
vn 0 0 1 
vn 0 0 1 

vt 5.04573 0.5 
vt 5 0.5 
vt 5.04573 0.486378 
vt 5 0.486378 
vt 5.3892 0.5 
vt 5 0.5 
vt 5.3892 0.454269 
vt 5 0.454269 
vt 5.3892 0.5 
vt 5 0.5 
vt 5.3892 0.486378 
vt 5 0.486378 
vt 5.04573 0.5 
vt 5 0.5 
vt 5.04573 0.486378 
vt 5 0.486378 
vt 5.3892 0.5 
vt 5 0.5 
vt 5.3892 0.454269 
vt 5 0.454269 
vt 5.3892 0.5 
vt 5 0.5 
vt 5.3892 0.486378 
vt 5 0.486378 

usemtl Part58Mtl

f 1729/1729/1729 1730/1730/1730 1731/1731/1731 
f 1731/1731/1731 1730/1730/1730 1732/1732/1732 
f 1733/1733/1733 1734/1734/1734 1735/1735/1735 
f 1735/1735/1735 1734/1734/1734 1736/1736/1736 
f 1737/1737/1737 1738/1738/1738 1739/1739/1739 
f 1739/1739/1739 1738/1738/1738 1740/1740/1740 
f 1741/1741/1741 1742/1742/1742 1743/1743/1743 
f 1743/1743/1743 1742/1742/1742 1744/1744/1744 
f 1745/1745/1745 1746/1746/1746 1747/1747/1747 
f 1747/1747/1747 1746/1746/1746 1748/1748/1748 
f 1749/1749/1749 1750/1750/1750 1751/1751/1751 
f 1751/1751/1751 1750/1750/1750 1752/1752/1752 

g Part74

v -33.2168 27.1884 -26.727 
v -33.2168 27.1885 -26.9097 
v -33.3856 27.2433 -26.7269 
v -33.3856 27.2434 -26.9097 
v -33.7211 25.6383 -26.9102 
v -33.2168 27.1885 -26.9097 
v -33.7211 25.6383 -26.7274 
v -33.2168 27.1884 -26.727 
v -33.2168 27.1885 -26.9097 
v -33.7211 25.6383 -26.9102 
v -33.3856 27.2434 -26.9097 
v -33.8898 25.6932 -26.9102 
v -33.7211 25.6383 -26.9102 
v -33.7211 25.6383 -26.7274 
v -33.8898 25.6932 -26.9102 
v -33.8898 25.6931 -26.7274 
v -33.8898 25.6931 -26.7274 
v -33.3856 27.2433 -26.7269 
v -33.8898 25.6932 -26.9102 
v -33.3856 27.2434 -26.9097 
v -33.7211 25.6383 -26.7274 
v -33.2168 27.1884 -26.727 
v -33.8898 25.6931 -26.7274 
v -33.3856 27.2433 -26.7269 

vn 0.307087 0.952756 0 
vn 0.307087 0.952756 0 
vn 0.307087 0.952756 0 
vn 0.307087 0.952756 0 
vn 0.952756 -0.307087 0 
vn 0.952756 -0.307087 0 
vn 0.952756 -0.307087 0 
vn 0.952756 -0.307087 0 
vn 0 0 -1 
vn 0 0 -1 
vn 0 0 -1 
vn 0 0 -1 
vn -0.307087 -0.952756 0 
vn -0.307087 -0.952756 0 
vn -0.307087 -0.952756 0 
vn -0.307087 -0.952756 0 
vn -0.952756 0.307087 0 
vn -0.952756 0.307087 0 
vn -0.952756 0.307087 0 
vn -0.952756 0.307087 0 
vn 0 0 1 
vn 0 0 1 
vn 0 0 1 
vn 0 0 1 

vt -0.0514575 1.07274 
vt -0.0743029 1.07274 
vt -0.0514575 1.05056 
vt -0.0743029 1.05056 
vt 0.129462 1.07274 
vt -0.0743029 1.07274 
vt 0.129462 1.0499 
vt -0.0743029 1.0499 
vt 0.129462 1.07274 
vt -0.0743029 1.07274 
vt 0.129462 1.05056 
vt -0.0743029 1.05056 
vt -0.0514575 1.07274 
vt -0.0743029 1.07274 
vt -0.0514575 1.05056 
vt -0.0743029 1.05056 
vt 0.129462 1.07274 
vt -0.0743029 1.07274 
vt 0.129462 1.0499 
vt -0.0743029 1.0499 
vt 0.129462 1.07274 
vt -0.0743029 1.07274 
vt 0.129462 1.05056 
vt -0.0743029 1.05056 

usemtl Part1Mtl

f 1753/1753/1753 1754/1754/1754 1755/1755/1755 
f 1755/1755/1755 1754/1754/1754 1756/1756/1756 
f 1757/1757/1757 1758/1758/1758 1759/1759/1759 
f 1759/1759/1759 1758/1758/1758 1760/1760/1760 
f 1761/1761/1761 1762/1762/1762 1763/1763/1763 
f 1763/1763/1763 1762/1762/1762 1764/1764/1764 
f 1765/1765/1765 1766/1766/1766 1767/1767/1767 
f 1767/1767/1767 1766/1766/1766 1768/1768/1768 
f 1769/1769/1769 1770/1770/1770 1771/1771/1771 
f 1771/1771/1771 1770/1770/1770 1772/1772/1772 
f 1773/1773/1773 1774/1774/1774 1775/1775/1775 
f 1775/1775/1775 1774/1774/1774 1776/1776/1776 

g Part75

v -29.8434 26.2419 -29.6209 
v -29.9642 26.2482 -29.6209 
v -29.8372 26.3592 -29.6208 
v -29.958 26.3655 -29.6208 
v -29.9643 26.2474 -26.7851 
v -29.9642 26.2482 -29.6209 
v -29.8435 26.241 -26.7851 
v -29.8434 26.2419 -29.6209 
v -29.9642 26.2482 -29.6209 
v -29.9643 26.2474 -26.7851 
v -29.958 26.3655 -29.6208 
v -29.9581 26.3647 -26.7851 
v -29.9643 26.2474 -26.7851 
v -29.8435 26.241 -26.7851 
v -29.9581 26.3647 -26.7851 
v -29.8373 26.3583 -26.7851 
v -29.8373 26.3583 -26.7851 
v -29.8372 26.3592 -29.6208 
v -29.9581 26.3647 -26.7851 
v -29.958 26.3655 -29.6208 
v -29.8435 26.241 -26.7851 
v -29.8434 26.2419 -29.6209 
v -29.8373 26.3583 -26.7851 
v -29.8372 26.3592 -29.6208 

vn 0 0 -1 
vn 0 0 -1 
vn 0 0 -1 
vn 0 0 -1 
vn -0.0551181 -1 0 
vn -0.0551181 -1 0 
vn -0.0551181 -1 0 
vn -0.0551181 -1 0 
vn -1 0.0551181 0 
vn -1 0.0551181 0 
vn -1 0.0551181 0 
vn -1 0.0551181 0 
vn 0 0 1 
vn 0 0 1 
vn 0 0 1 
vn 0 0 1 
vn 0.0551181 1 0 
vn 0.0551181 1 0 
vn 0.0551181 1 0 
vn 0.0551181 1 0 
vn 1 -0.0551181 0 
vn 1 -0.0551181 0 
vn 1 -0.0551181 0 
vn 1 -0.0551181 0 

vt 0.129469 0.985735 
vt 0.114348 0.985735 
vt 0.129469 0.971055 
vt 0.114348 0.971055 
vt 0.468821 0.985735 
vt 0.114348 0.985735 
vt 0.468821 0.970615 
vt 0.114348 0.970615 
vt 0.468821 0.985735 
vt 0.114348 0.985735 
vt 0.468821 0.971055 
vt 0.114348 0.971055 
vt 0.129469 0.985735 
vt 0.114348 0.985735 
vt 0.129469 0.971055 
vt 0.114348 0.971055 
vt 0.468821 0.985735 
vt 0.114348 0.985735 
vt 0.468821 0.970615 
vt 0.114348 0.970615 
vt 0.468821 0.985735 
vt 0.114348 0.985735 
vt 0.468821 0.971055 
vt 0.114348 0.971055 

usemtl Part1Mtl

f 1777/1777/1777 1778/1778/1778 1779/1779/1779 
f 1779/1779/1779 1778/1778/1778 1780/1780/1780 
f 1781/1781/1781 1782/1782/1782 1783/1783/1783 
f 1783/1783/1783 1782/1782/1782 1784/1784/1784 
f 1785/1785/1785 1786/1786/1786 1787/1787/1787 
f 1787/1787/1787 1786/1786/1786 1788/1788/1788 
f 1789/1789/1789 1790/1790/1790 1791/1791/1791 
f 1791/1791/1791 1790/1790/1790 1792/1792/1792 
f 1793/1793/1793 1794/1794/1794 1795/1795/1795 
f 1795/1795/1795 1794/1794/1794 1796/1796/1796 
f 1797/1797/1797 1798/1798/1798 1799/1799/1799 
f 1799/1799/1799 1798/1798/1798 1800/1800/1800 

g Part76

v -30.3704 27.0359 -26.9097 
v -30.3704 27.0358 -26.727 
v -30.2122 27.1164 -26.9097 
v -30.2122 27.1163 -26.7269 
v -29.5219 25.3692 -26.7275 
v -30.3704 27.0358 -26.727 
v -29.5219 25.3693 -26.9102 
v -30.3704 27.0359 -26.9097 
v -30.3704 27.0358 -26.727 
v -29.5219 25.3692 -26.7275 
v -30.2122 27.1163 -26.7269 
v -29.3638 25.4497 -26.7274 
v -29.5219 25.3692 -26.7275 
v -29.5219 25.3693 -26.9102 
v -29.3638 25.4497 -26.7274 
v -29.3638 25.4498 -26.9102 
v -29.3638 25.4498 -26.9102 
v -30.2122 27.1164 -26.9097 
v -29.3638 25.4497 -26.7274 
v -30.2122 27.1163 -26.7269 
v -29.5219 25.3693 -26.9102 
v -30.3704 27.0359 -26.9097 
v -29.3638 25.4498 -26.9102 
v -30.2122 27.1164 -26.9097 

vn -0.456693 0.889764 0 
vn -0.456693 0.889764 0 
vn -0.456693 0.889764 0 
vn -0.456693 0.889764 0 
vn -0.889764 -0.456693 0 
vn -0.889764 -0.456693 0 
vn -0.889764 -0.456693 0 
vn -0.889764 -0.456693 0 
vn 0 0 1 
vn 0 0 1 
vn 0 0 1 
vn 0 0 1 
vn 0.456693 -0.889764 0 
vn 0.456693 -0.889764 0 
vn 0.456693 -0.889764 0 
vn 0.456693 -0.889764 0 
vn 0.889764 0.456693 0 
vn 0.889764 0.456693 0 
vn 0.889764 0.456693 0 
vn 0.889764 0.456693 0 
vn 0 0 -1 
vn 0 0 -1 
vn 0 0 -1 
vn 0 0 -1 

vt 0.0882417 0.917764 
vt 0.0653963 0.917764 
vt 0.0882417 0.895584 
vt 0.0653963 0.895584 
vt 0.299161 0.917764 
vt 0.0653963 0.917764 
vt 0.299161 0.894918 
vt 0.0653963 0.894918 
vt 0.299161 0.917764 
vt 0.0653963 0.917764 
vt 0.299161 0.895584 
vt 0.0653963 0.895584 
vt 0.0882417 0.917764 
vt 0.0653963 0.917764 
vt 0.0882417 0.895584 
vt 0.0653963 0.895584 
vt 0.299161 0.917764 
vt 0.0653963 0.917764 
vt 0.299161 0.894918 
vt 0.0653963 0.894918 
vt 0.299161 0.917764 
vt 0.0653963 0.917764 
vt 0.299161 0.895584 
vt 0.0653963 0.895584 

usemtl Part1Mtl

f 1801/1801/1801 1802/1802/1802 1803/1803/1803 
f 1803/1803/1803 1802/1802/1802 1804/1804/1804 
f 1805/1805/1805 1806/1806/1806 1807/1807/1807 
f 1807/1807/1807 1806/1806/1806 1808/1808/1808 
f 1809/1809/1809 1810/1810/1810 1811/1811/1811 
f 1811/1811/1811 1810/1810/1810 1812/1812/1812 
f 1813/1813/1813 1814/1814/1814 1815/1815/1815 
f 1815/1815/1815 1814/1814/1814 1816/1816/1816 
f 1817/1817/1817 1818/1818/1818 1819/1819/1819 
f 1819/1819/1819 1818/1818/1818 1820/1820/1820 
f 1821/1821/1821 1822/1822/1822 1823/1823/1823 
f 1823/1823/1823 1822/1822/1822 1824/1824/1824 

g Part77

v -33.7188 25.5058 -29.7033 
v -33.9013 25.5154 -29.7033 
v -33.7095 25.683 -29.7033 
v -33.892 25.6926 -29.7033 
v -33.9014 25.5145 -26.7332 
v -33.9013 25.5154 -29.7033 
v -33.7189 25.5049 -26.7332 
v -33.7188 25.5058 -29.7033 
v -33.9013 25.5154 -29.7033 
v -33.9014 25.5145 -26.7332 
v -33.892 25.6926 -29.7033 
v -33.892 25.6917 -26.7331 
v -33.9014 25.5145 -26.7332 
v -33.7189 25.5049 -26.7332 
v -33.892 25.6917 -26.7331 
v -33.7095 25.6821 -26.7331 
v -33.7095 25.6821 -26.7331 
v -33.7095 25.683 -29.7033 
v -33.892 25.6917 -26.7331 
v -33.892 25.6926 -29.7033 
v -33.7189 25.5049 -26.7332 
v -33.7188 25.5058 -29.7033 
v -33.7095 25.6821 -26.7331 
v -33.7095 25.683 -29.7033 

vn 0 0 -1 
vn 0 0 -1 
vn 0 0 -1 
vn 0 0 -1 
vn -0.0551181 -1 0 
vn -0.0551181 -1 0 
vn -0.0551181 -1 0 
vn -0.0551181 -1 0 
vn -1 0.0551181 0 
vn -1 0.0551181 0 
vn -1 0.0551181 0 
vn -1 0.0551181 0 
vn 0 0 1 
vn 0 0 1 
vn 0 0 1 
vn 0 0 1 
vn 0.0551181 1 0 
vn 0.0551181 1 0 
vn 0.0551181 1 0 
vn 0.0551181 1 0 
vn 1 -0.0551181 0 
vn 1 -0.0551181 0 
vn 1 -0.0551181 0 
vn 1 -0.0551181 0 

vt -0.163152 0.984546 
vt -0.185997 0.984546 
vt -0.163152 0.962367 
vt -0.185997 0.962367 
vt 0.185268 0.984546 
vt -0.185997 0.984546 
vt 0.185268 0.961701 
vt -0.185997 0.961701 
vt 0.185268 0.984546 
vt -0.185997 0.984546 
vt 0.185268 0.962367 
vt -0.185997 0.962367 
vt -0.163152 0.984546 
vt -0.185997 0.984546 
vt -0.163152 0.962367 
vt -0.185997 0.962367 
vt 0.185268 0.984546 
vt -0.185997 0.984546 
vt 0.185268 0.961701 
vt -0.185997 0.961701 
vt 0.185268 0.984546 
vt -0.185997 0.984546 
vt 0.185268 0.962367 
vt -0.185997 0.962367 

usemtl Part1Mtl

f 1825/1825/1825 1826/1826/1826 1827/1827/1827 
f 1827/1827/1827 1826/1826/1826 1828/1828/1828 
f 1829/1829/1829 1830/1830/1830 1831/1831/1831 
f 1831/1831/1831 1830/1830/1830 1832/1832/1832 
f 1833/1833/1833 1834/1834/1834 1835/1835/1835 
f 1835/1835/1835 1834/1834/1834 1836/1836/1836 
f 1837/1837/1837 1838/1838/1838 1839/1839/1839 
f 1839/1839/1839 1838/1838/1838 1840/1840/1840 
f 1841/1841/1841 1842/1842/1842 1843/1843/1843 
f 1843/1843/1843 1842/1842/1842 1844/1844/1844 
f 1845/1845/1845 1846/1846/1846 1847/1847/1847 
f 1847/1847/1847 1846/1846/1846 1848/1848/1848 

g Part78

v -33.4797 26.4337 -29.6209 
v -33.6005 26.4401 -29.6209 
v -33.4735 26.551 -29.6208 
v -33.5943 26.5573 -29.6208 
v -33.6005 26.4392 -26.7851 
v -33.6005 26.4401 -29.6209 
v -33.4797 26.4328 -26.7851 
v -33.4797 26.4337 -29.6209 
v -33.6005 26.4401 -29.6209 
v -33.6005 26.4392 -26.7851 
v -33.5943 26.5573 -29.6208 
v -33.5943 26.5565 -26.7851 
v -33.6005 26.4392 -26.7851 
v -33.4797 26.4328 -26.7851 
v -33.5943 26.5565 -26.7851 
v -33.4735 26.5501 -26.7851 
v -33.4735 26.5501 -26.7851 
v -33.4735 26.551 -29.6208 
v -33.5943 26.5565 -26.7851 
v -33.5943 26.5573 -29.6208 
v -33.4797 26.4328 -26.7851 
v -33.4797 26.4337 -29.6209 
v -33.4735 26.5501 -26.7851 
v -33.4735 26.551 -29.6208 

vn 0 0 -1 
vn 0 0 -1 
vn 0 0 -1 
vn 0 0 -1 
vn -0.0551181 -1 0 
vn -0.0551181 -1 0 
vn -0.0551181 -1 0 
vn -0.0551181 -1 0 
vn -1 0.0551181 0 
vn -1 0.0551181 0 
vn -1 0.0551181 0 
vn -1 0.0551181 0 
vn 0 0 1 
vn 0 0 1 
vn 0 0 1 
vn 0 0 1 
vn 0.0551181 1 0 
vn 0.0551181 1 0 
vn 0.0551181 1 0 
vn 0.0551181 1 0 
vn 1 -0.0551181 0 
vn 1 -0.0551181 0 
vn 1 -0.0551181 0 
vn 1 -0.0551181 0 

vt 0.192318 0.923215 
vt 0.177198 0.923215 
vt 0.192318 0.908535 
vt 0.177198 0.908535 
vt 0.531671 0.923215 
vt 0.177198 0.923215 
vt 0.531671 0.908094 
vt 0.177198 0.908094 
vt 0.531671 0.923215 
vt 0.177198 0.923215 
vt 0.531671 0.908535 
vt 0.177198 0.908535 
vt 0.192318 0.923215 
vt 0.177198 0.923215 
vt 0.192318 0.908535 
vt 0.177198 0.908535 
vt 0.531671 0.923215 
vt 0.177198 0.923215 
vt 0.531671 0.908094 
vt 0.177198 0.908094 
vt 0.531671 0.923215 
vt 0.177198 0.923215 
vt 0.531671 0.908535 
vt 0.177198 0.908535 

usemtl Part1Mtl

f 1849/1849/1849 1850/1850/1850 1851/1851/1851 
f 1851/1851/1851 1850/1850/1850 1852/1852/1852 
f 1853/1853/1853 1854/1854/1854 1855/1855/1855 
f 1855/1855/1855 1854/1854/1854 1856/1856/1856 
f 1857/1857/1857 1858/1858/1858 1859/1859/1859 
f 1859/1859/1859 1858/1858/1858 1860/1860/1860 
f 1861/1861/1861 1862/1862/1862 1863/1863/1863 
f 1863/1863/1863 1862/1862/1862 1864/1864/1864 
f 1865/1865/1865 1866/1866/1866 1867/1867/1867 
f 1867/1867/1867 1866/1866/1866 1868/1868/1868 
f 1869/1869/1869 1870/1870/1870 1871/1871/1871 
f 1871/1871/1871 1870/1870/1870 1872/1872/1872 

g Part79

v -29.5516 25.2851 -26.7294 
v -29.3691 25.2754 -26.7294 
v -29.5423 25.4623 -26.7294 
v -29.3598 25.4526 -26.7294 
v -29.3691 25.2764 -29.6995 
v -29.3691 25.2754 -26.7294 
v -29.5516 25.286 -29.6995 
v -29.5516 25.2851 -26.7294 
v -29.3691 25.2754 -26.7294 
v -29.3691 25.2764 -29.6995 
v -29.3598 25.4526 -26.7294 
v -29.3597 25.4535 -29.6995 
v -29.3691 25.2764 -29.6995 
v -29.5516 25.286 -29.6995 
v -29.3597 25.4535 -29.6995 
v -29.5422 25.4632 -29.6995 
v -29.5422 25.4632 -29.6995 
v -29.5423 25.4623 -26.7294 
v -29.3597 25.4535 -29.6995 
v -29.3598 25.4526 -26.7294 
v -29.5516 25.286 -29.6995 
v -29.5516 25.2851 -26.7294 
v -29.5422 25.4632 -29.6995 
v -29.5423 25.4623 -26.7294 

vn 0 0 1 
vn 0 0 1 
vn 0 0 1 
vn 0 0 1 
vn -0.0551181 -1 0 
vn -0.0551181 -1 0 
vn -0.0551181 -1 0 
vn -0.0551181 -1 0 
vn 1 -0.0551181 0 
vn 1 -0.0551181 0 
vn 1 -0.0551181 0 
vn 1 -0.0551181 0 
vn 0 0 -1 
vn 0 0 -1 
vn 0 0 -1 
vn 0 0 -1 
vn 0.0551181 1 0 
vn 0.0551181 1 0 
vn 0.0551181 1 0 
vn 0.0551181 1 0 
vn -1 0.0551181 0 
vn -1 0.0551181 0 
vn -1 0.0551181 0 
vn -1 0.0551181 0 

vt 0.190066 0.804451 
vt 0.16722 0.804451 
vt 0.190066 0.782271 
vt 0.16722 0.782271 
vt 0.538485 0.804451 
vt 0.16722 0.804451 
vt 0.538485 0.781605 
vt 0.16722 0.781605 
vt 0.538485 0.804451 
vt 0.16722 0.804451 
vt 0.538485 0.782271 
vt 0.16722 0.782271 
vt 0.190066 0.804451 
vt 0.16722 0.804451 
vt 0.190066 0.782271 
vt 0.16722 0.782271 
vt 0.538485 0.804451 
vt 0.16722 0.804451 
vt 0.538485 0.781605 
vt 0.16722 0.781605 
vt 0.538485 0.804451 
vt 0.16722 0.804451 
vt 0.538485 0.782271 
vt 0.16722 0.782271 

usemtl Part1Mtl

f 1873/1873/1873 1874/1874/1874 1875/1875/1875 
f 1875/1875/1875 1874/1874/1874 1876/1876/1876 
f 1877/1877/1877 1878/1878/1878 1879/1879/1879 
f 1879/1879/1879 1878/1878/1878 1880/1880/1880 
f 1881/1881/1881 1882/1882/1882 1883/1883/1883 
f 1883/1883/1883 1882/1882/1882 1884/1884/1884 
f 1885/1885/1885 1886/1886/1886 1887/1887/1887 
f 1887/1887/1887 1886/1886/1886 1888/1888/1888 
f 1889/1889/1889 1890/1890/1890 1891/1891/1891 
f 1891/1891/1891 1890/1890/1890 1892/1892/1892 
f 1893/1893/1893 1894/1894/1894 1895/1895/1895 
f 1895/1895/1895 1894/1894/1894 1896/1896/1896 

g Part80

v -33.2168 27.1893 -29.522 
v -33.2168 27.1893 -29.7048 
v -33.3856 27.2442 -29.522 
v -33.3856 27.2442 -29.7048 
v -33.7211 25.6392 -29.7052 
v -33.2168 27.1893 -29.7048 
v -33.7211 25.6391 -29.5225 
v -33.2168 27.1893 -29.522 
v -33.2168 27.1893 -29.7048 
v -33.7211 25.6392 -29.7052 
v -33.3856 27.2442 -29.7048 
v -33.8898 25.6941 -29.7052 
v -33.7211 25.6392 -29.7052 
v -33.7211 25.6391 -29.5225 
v -33.8898 25.6941 -29.7052 
v -33.8898 25.694 -29.5225 
v -33.8898 25.694 -29.5225 
v -33.3856 27.2442 -29.522 
v -33.8898 25.6941 -29.7052 
v -33.3856 27.2442 -29.7048 
v -33.7211 25.6391 -29.5225 
v -33.2168 27.1893 -29.522 
v -33.8898 25.694 -29.5225 
v -33.3856 27.2442 -29.522 

vn 0.307087 0.952756 0 
vn 0.307087 0.952756 0 
vn 0.307087 0.952756 0 
vn 0.307087 0.952756 0 
vn 0.952756 -0.307087 0 
vn 0.952756 -0.307087 0 
vn 0.952756 -0.307087 0 
vn 0.952756 -0.307087 0 
vn 0 0 -1 
vn 0 0 -1 
vn 0 0 -1 
vn 0 0 -1 
vn -0.307087 -0.952756 0 
vn -0.307087 -0.952756 0 
vn -0.307087 -0.952756 0 
vn -0.307087 -0.952756 0 
vn -0.952756 0.307087 0 
vn -0.952756 0.307087 0 
vn -0.952756 0.307087 0 
vn -0.952756 0.307087 0 
vn 0 0 1 
vn 0 0 1 
vn 0 0 1 
vn 0 0 1 

vt -0.0498981 0.925967 
vt -0.0727435 0.925967 
vt -0.0498981 0.903788 
vt -0.0727435 0.903788 
vt 0.131021 0.925967 
vt -0.0727435 0.925967 
vt 0.131021 0.903122 
vt -0.0727435 0.903122 
vt 0.131021 0.925967 
vt -0.0727435 0.925967 
vt 0.131021 0.903788 
vt -0.0727435 0.903788 
vt -0.0498981 0.925967 
vt -0.0727435 0.925967 
vt -0.0498981 0.903788 
vt -0.0727435 0.903788 
vt 0.131021 0.925967 
vt -0.0727435 0.925967 
vt 0.131021 0.903122 
vt -0.0727435 0.903122 
vt 0.131021 0.925967 
vt -0.0727435 0.925967 
vt 0.131021 0.903788 
vt -0.0727435 0.903788 

usemtl Part1Mtl

f 1897/1897/1897 1898/1898/1898 1899/1899/1899 
f 1899/1899/1899 1898/1898/1898 1900/1900/1900 
f 1901/1901/1901 1902/1902/1902 1903/1903/1903 
f 1903/1903/1903 1902/1902/1902 1904/1904/1904 
f 1905/1905/1905 1906/1906/1906 1907/1907/1907 
f 1907/1907/1907 1906/1906/1906 1908/1908/1908 
f 1909/1909/1909 1910/1910/1910 1911/1911/1911 
f 1911/1911/1911 1910/1910/1910 1912/1912/1912 
f 1913/1913/1913 1914/1914/1914 1915/1915/1915 
f 1915/1915/1915 1914/1914/1914 1916/1916/1916 
f 1917/1917/1917 1918/1918/1918 1919/1919/1919 
f 1919/1919/1919 1918/1918/1918 1920/1920/1920 

g Part81

v -30.3658 27.0278 -29.7048 
v -30.3658 27.0277 -29.522 
v -30.2076 27.1083 -29.7047 
v -30.2076 27.1082 -29.522 
v -29.5219 25.37 -29.5225 
v -30.3658 27.0277 -29.522 
v -29.5219 25.3701 -29.7053 
v -30.3658 27.0278 -29.7048 
v -30.3658 27.0277 -29.522 
v -29.5219 25.37 -29.5225 
v -30.2076 27.1082 -29.522 
v -29.3637 25.4505 -29.5225 
v -29.5219 25.37 -29.5225 
v -29.5219 25.3701 -29.7053 
v -29.3637 25.4505 -29.5225 
v -29.3637 25.4506 -29.7052 
v -29.3637 25.4506 -29.7052 
v -30.2076 27.1083 -29.7047 
v -29.3637 25.4505 -29.5225 
v -30.2076 27.1082 -29.522 
v -29.5219 25.3701 -29.7053 
v -30.3658 27.0278 -29.7048 
v -29.3637 25.4506 -29.7052 
v -30.2076 27.1083 -29.7047 

vn -0.456693 0.889764 0 
vn -0.456693 0.889764 0 
vn -0.456693 0.889764 0 
vn -0.456693 0.889764 0 
vn -0.889764 -0.456693 0 
vn -0.889764 -0.456693 0 
vn -0.889764 -0.456693 0 
vn -0.889764 -0.456693 0 
vn 0 0 1 
vn 0 0 1 
vn 0 0 1 
vn 0 0 1 
vn 0.456693 -0.889764 0 
vn 0.456693 -0.889764 0 
vn 0.456693 -0.889764 0 
vn 0.456693 -0.889764 0 
vn 0.889764 0.456693 0 
vn 0.889764 0.456693 0 
vn 0.889764 0.456693 0 
vn 0.889764 0.456693 0 
vn 0 0 -1 
vn 0 0 -1 
vn 0 0 -1 
vn 0 0 -1 

vt 0.153218 0.909338 
vt 0.130372 0.909338 
vt 0.153218 0.887158 
vt 0.130372 0.887158 
vt 0.362887 0.909338 
vt 0.130372 0.909338 
vt 0.362887 0.886492 
vt 0.130372 0.886492 
vt 0.362887 0.909338 
vt 0.130372 0.909338 
vt 0.362887 0.887158 
vt 0.130372 0.887158 
vt 0.153218 0.909338 
vt 0.130372 0.909338 
vt 0.153218 0.887158 
vt 0.130372 0.887158 
vt 0.362887 0.909338 
vt 0.130372 0.909338 
vt 0.362887 0.886492 
vt 0.130372 0.886492 
vt 0.362887 0.909338 
vt 0.130372 0.909338 
vt 0.362887 0.887158 
vt 0.130372 0.887158 

usemtl Part1Mtl

f 1921/1921/1921 1922/1922/1922 1923/1923/1923 
f 1923/1923/1923 1922/1922/1922 1924/1924/1924 
f 1925/1925/1925 1926/1926/1926 1927/1927/1927 
f 1927/1927/1927 1926/1926/1926 1928/1928/1928 
f 1929/1929/1929 1930/1930/1930 1931/1931/1931 
f 1931/1931/1931 1930/1930/1930 1932/1932/1932 
f 1933/1933/1933 1934/1934/1934 1935/1935/1935 
f 1935/1935/1935 1934/1934/1934 1936/1936/1936 
f 1937/1937/1937 1938/1938/1938 1939/1939/1939 
f 1939/1939/1939 1938/1938/1938 1940/1940/1940 
f 1941/1941/1941 1942/1942/1942 1943/1943/1943 
f 1943/1943/1943 1942/1942/1942 1944/1944/1944 

g Triangleb348733098506931

v -32.962 33.5672 -37.9379 
v -32.962 33.5672 -37.9379 
v -27.8476 32.6282 -38.009 
v -30.7756 33.4519 -40.5226 
v -32.962 33.5672 -37.9379 
v -32.9258 33.7627 -37.916 
v -30.7756 33.4519 -40.5226 
v -30.7394 33.6474 -40.5007 
v -32.9258 33.7627 -37.916 
v -32.9258 33.7627 -37.916 
v -30.7394 33.6474 -40.5007 
v -27.8114 32.8237 -37.9871 
v -27.8114 32.8237 -37.9871 
v -27.8476 32.6282 -38.009 
v -30.7394 33.6474 -40.5007 
v -30.7756 33.4519 -40.5226 
v -32.9258 33.7627 -37.916 
v -32.962 33.5672 -37.9379 
v -27.8114 32.8237 -37.9871 
v -27.8476 32.6282 -38.009 

vn -0.181102 -0.976378 -0.110236 
vn -0.181102 -0.976378 -0.110236 
vn -0.181102 -0.976378 -0.110236 
vn -0.181102 -0.976378 -0.110236 
vn -0.740157 0.212598 -0.637795 
vn -0.740157 0.212598 -0.637795 
vn -0.740157 0.212598 -0.637795 
vn -0.740157 0.212598 -0.637795 
vn 0.181102 0.976378 0.110236 
vn 0.181102 0.976378 0.110236 
vn 0.181102 0.976378 0.110236 
vn 0.181102 0.976378 0.110236 
vn 0.645669 -0.0314961 -0.76378 
vn 0.645669 -0.0314961 -0.76378 
vn 0.645669 -0.0314961 -0.76378 
vn 0.645669 -0.0314961 -0.76378 
vn -0.00787402 -0.110236 0.992126 
vn -0.00787402 -0.110236 0.992126 
vn -0.00787402 -0.110236 0.992126 
vn -0.00787402 -0.110236 0.992126 

vt 4 -3.75 
vt 4 -3.75 
vt 4.49324 -4.17342 
vt 4 -4.17342 
vt 4.025 -3.75 
vt 4 -3.75 
vt 4.025 -4.17342 
vt 4 -4.17342 
vt 4.49324 -3.75 
vt 4.49324 -3.75 
vt 4.49324 -4.17342 
vt 4 -4.17342 
vt 4.025 -3.75 
vt 4 -3.75 
vt 4.025 -4.24324 
vt 4 -4.24324 
vt 4.025 -3.75 
vt 4 -3.75 
vt 4.025 -4.40005 
vt 4 -4.40005 

usemtl Triangleb348733098506931Mtl

f 1945/1945/1945 1946/1946/1946 1947/1947/1947 
f 1947/1947/1947 1946/1946/1946 1948/1948/1948 
f 1949/1949/1949 1950/1950/1950 1951/1951/1951 
f 1951/1951/1951 1950/1950/1950 1952/1952/1952 
f 1953/1953/1953 1954/1954/1954 1955/1955/1955 
f 1955/1955/1955 1954/1954/1954 1956/1956/1956 
f 1957/1957/1957 1958/1958/1958 1959/1959/1959 
f 1959/1959/1959 1958/1958/1958 1960/1960/1960 
f 1961/1961/1961 1962/1962/1962 1963/1963/1963 
f 1963/1963/1963 1962/1962/1962 1964/1964/1964 

g Triangleb344591923713681

v -32.9406 33.7553 -37.8842 
v -32.9406 33.7553 -37.8842 
v -29.5677 32.0496 -34.5579 
v -33.4795 32.4706 -35.126 
v -32.9406 33.7553 -37.8842 
v -32.9476 33.5746 -37.9697 
v -33.4795 32.4706 -35.126 
v -33.4865 32.29 -35.2115 
v -32.9476 33.5746 -37.9697 
v -32.9476 33.5746 -37.9697 
v -33.4865 32.29 -35.2115 
v -29.5748 31.869 -34.6434 
v -29.5748 31.869 -34.6434 
v -29.5677 32.0496 -34.5579 
v -33.4865 32.29 -35.2115 
v -33.4795 32.4706 -35.126 
v -32.9476 33.5746 -37.9697 
v -32.9406 33.7553 -37.8842 
v -29.5748 31.869 -34.6434 
v -29.5677 32.0496 -34.5579 

vn 0.0314961 0.905512 0.425197 
vn 0.0314961 0.905512 0.425197 
vn 0.0314961 0.905512 0.425197 
vn 0.0314961 0.905512 0.425197 
vn -0.984252 0.102362 -0.141732 
vn -0.984252 0.102362 -0.141732 
vn -0.984252 0.102362 -0.141732 
vn -0.984252 0.102362 -0.141732 
vn -0.0314961 -0.905512 -0.425197 
vn -0.0314961 -0.905512 -0.425197 
vn -0.0314961 -0.905512 -0.425197 
vn -0.0314961 -0.905512 -0.425197 
vn -0.173228 -0.417323 0.889764 
vn -0.173228 -0.417323 0.889764 
vn -0.173228 -0.417323 0.889764 
vn -0.173228 -0.417323 0.889764 
vn 0.740157 0.259843 -0.614173 
vn 0.740157 0.259843 -0.614173 
vn 0.740157 0.259843 -0.614173 
vn 0.740157 0.259843 -0.614173 

vt 7 1 
vt 7 1 
vt 7.49689 0.613743 
vt 7 0.613743 
vt 7.025 1 
vt 7 1 
vt 7.025 0.613743 
vt 7 0.613743 
vt 7.49689 1 
vt 7.49689 1 
vt 7.49689 0.613743 
vt 7 0.613743 
vt 7.025 1 
vt 7 1 
vt 7.025 0.503106 
vt 7 0.503106 
vt 7.025 1 
vt 7 1 
vt 7.025 0.370637 
vt 7 0.370637 

usemtl Triangleb348733098506931Mtl

f 1965/1965/1965 1966/1966/1966 1967/1967/1967 
f 1967/1967/1967 1966/1966/1966 1968/1968/1968 
f 1969/1969/1969 1970/1970/1970 1971/1971/1971 
f 1971/1971/1971 1970/1970/1970 1972/1972/1972 
f 1973/1973/1973 1974/1974/1974 1975/1975/1975 
f 1975/1975/1975 1974/1974/1974 1976/1976/1976 
f 1977/1977/1977 1978/1978/1978 1979/1979/1979 
f 1979/1979/1979 1978/1978/1978 1980/1980/1980 
f 1981/1981/1981 1982/1982/1982 1983/1983/1983 
f 1983/1983/1983 1982/1982/1982 1984/1984/1984 

g Triangleb341311666965481

v -37.4879 31.6922 -34.6455 
v -37.4879 31.6922 -34.6455 
v -38.0955 32.3209 -38.6968 
v -35.982 32.3815 -35.7337 
v -37.4879 31.6922 -34.6455 
v -37.4294 31.5047 -34.6833 
v -35.982 32.3815 -35.7337 
v -35.9235 32.194 -35.7716 
v -37.4294 31.5047 -34.6833 
v -37.4294 31.5047 -34.6833 
v -35.9235 32.194 -35.7716 
v -38.037 32.1334 -38.7347 
v -38.037 32.1334 -38.7347 
v -38.0955 32.3209 -38.6968 
v -35.9235 32.194 -35.7716 
v -35.982 32.3815 -35.7337 
v -37.4294 31.5047 -34.6833 
v -37.4879 31.6922 -34.6455 
v -38.037 32.1334 -38.7347 
v -38.0955 32.3209 -38.6968 

vn -0.291339 0.937008 0.188976 
vn -0.291339 0.937008 0.188976 
vn -0.291339 0.937008 0.188976 
vn -0.291339 0.937008 0.188976 
vn 0.582677 0.015748 0.811024 
vn 0.582677 0.015748 0.811024 
vn 0.582677 0.015748 0.811024 
vn 0.582677 0.015748 0.811024 
vn 0.291339 -0.937008 -0.188976 
vn 0.291339 -0.937008 -0.188976 
vn 0.291339 -0.937008 -0.188976 
vn 0.291339 -0.937008 -0.188976 
vn 0.76378 0.346457 -0.551181 
vn 0.76378 0.346457 -0.551181 
vn 0.76378 0.346457 -0.551181 
vn 0.76378 0.346457 -0.551181 
vn -0.944882 -0.314961 0.0944882 
vn -0.944882 -0.314961 0.0944882 
vn -0.944882 -0.314961 0.0944882 
vn -0.944882 -0.314961 0.0944882 

vt 3 -4 
vt 3 -4 
vt 3.45502 -4.24771 
vt 3 -4.24771 
vt 3.025 -4 
vt 3 -4 
vt 3.025 -4.24771 
vt 3 -4.24771 
vt 3.45502 -4 
vt 3.45502 -4 
vt 3.45502 -4.24771 
vt 3 -4.24771 
vt 3.025 -4 
vt 3 -4 
vt 3.025 -4.45502 
vt 3 -4.45502 
vt 3.025 -4 
vt 3 -4 
vt 3.025 -4.51808 
vt 3 -4.51808 

usemtl Triangleb348733098506931Mtl

f 1985/1985/1985 1986/1986/1986 1987/1987/1987 
f 1987/1987/1987 1986/1986/1986 1988/1988/1988 
f 1989/1989/1989 1990/1990/1990 1991/1991/1991 
f 1991/1991/1991 1990/1990/1990 1992/1992/1992 
f 1993/1993/1993 1994/1994/1994 1995/1995/1995 
f 1995/1995/1995 1994/1994/1994 1996/1996/1996 
f 1997/1997/1997 1998/1998/1998 1999/1999/1999 
f 1999/1999/1999 1998/1998/1998 2000/2000/2000 
f 2001/2001/2001 2002/2002/2002 2003/2003/2003 
f 2003/2003/2003 2002/2002/2002 2004/2004/2004 

g Triangleb334486351490021

v -32.9615 33.7634 -37.9268 
v -32.9615 33.7634 -37.9268 
v -36.358 33.1572 -42.1914 
v -32.9615 33.7634 -42.1914 
v -32.9615 33.7634 -37.9268 
v -32.9264 33.5665 -37.9268 
v -32.9615 33.7634 -42.1914 
v -32.9264 33.5665 -42.1914 
v -32.9264 33.5665 -37.9268 
v -32.9264 33.5665 -37.9268 
v -32.9264 33.5665 -42.1914 
v -36.3229 32.9604 -42.1914 
v -36.3229 32.9604 -42.1914 
v -36.358 33.1572 -42.1914 
v -32.9264 33.5665 -42.1914 
v -32.9615 33.7634 -42.1914 
v -32.9264 33.5665 -37.9268 
v -32.9615 33.7634 -37.9268 
v -36.3229 32.9604 -42.1914 
v -36.358 33.1572 -42.1914 

vn -0.173228 0.984252 0 
vn -0.173228 0.984252 0 
vn -0.173228 0.984252 0 
vn -0.173228 0.984252 0 
vn 0.984252 0.173228 0 
vn 0.984252 0.173228 0 
vn 0.984252 0.173228 0 
vn 0.984252 0.173228 0 
vn 0.173228 -0.984252 0 
vn 0.173228 -0.984252 0 
vn 0.173228 -0.984252 0 
vn 0.173228 -0.984252 0 
vn 0 0 -1 
vn 0 0 -1 
vn 0 0 -1 
vn 0 0 -1 
vn -0.76378 -0.133858 0.629921 
vn -0.76378 -0.133858 0.629921 
vn -0.76378 -0.133858 0.629921 
vn -0.76378 -0.133858 0.629921 

vt 2.25 -5.75 
vt 2.25 -5.75 
vt 2.68127 -6.28307 
vt 2.25 -6.28307 
vt 2.275 -5.75 
vt 2.25 -5.75 
vt 2.275 -6.28307 
vt 2.25 -6.28307 
vt 2.68127 -5.75 
vt 2.68127 -5.75 
vt 2.68127 -6.28307 
vt 2.25 -6.28307 
vt 2.275 -5.75 
vt 2.25 -5.75 
vt 2.275 -6.18127 
vt 2.25 -6.18127 
vt 2.275 -5.75 
vt 2.25 -5.75 
vt 2.275 -6.43568 
vt 2.25 -6.43568 

usemtl Triangleb348733098506931Mtl

f 2005/2005/2005 2006/2006/2006 2007/2007/2007 
f 2007/2007/2007 2006/2006/2006 2008/2008/2008 
f 2009/2009/2009 2010/2010/2010 2011/2011/2011 
f 2011/2011/2011 2010/2010/2010 2012/2012/2012 
f 2013/2013/2013 2014/2014/2014 2015/2015/2015 
f 2015/2015/2015 2014/2014/2014 2016/2016/2016 
f 2017/2017/2017 2018/2018/2018 2019/2019/2019 
f 2019/2019/2019 2018/2018/2018 2020/2020/2020 
f 2021/2021/2021 2022/2022/2022 2023/2023/2023 
f 2023/2023/2023 2022/2022/2022 2024/2024/2024 

g Triangleb330586158752441

v -32.9388 33.7648 -43.7646 
v -32.9388 33.7648 -43.7646 
v -29.4303 33.5798 -42.0745 
v -32.9388 33.7648 -42.0745 
v -32.9388 33.7648 -43.7646 
v -32.9493 33.5651 -43.7646 
v -32.9388 33.7648 -42.0745 
v -32.9493 33.5651 -42.0745 
v -32.9493 33.5651 -43.7646 
v -32.9493 33.5651 -43.7646 
v -32.9493 33.5651 -42.0745 
v -29.4409 33.3801 -42.0745 
v -29.4409 33.3801 -42.0745 
v -29.4303 33.5798 -42.0745 
v -32.9493 33.5651 -42.0745 
v -32.9388 33.7648 -42.0745 
v -32.9493 33.5651 -43.7646 
v -32.9388 33.7648 -43.7646 
v -29.4409 33.3801 -42.0745 
v -29.4303 33.5798 -42.0745 

vn 0.0551181 1 0 
vn 0.0551181 1 0 
vn 0.0551181 1 0 
vn 0.0551181 1 0 
vn -1 0.0551181 0 
vn -1 0.0551181 0 
vn -1 0.0551181 0 
vn -1 0.0551181 0 
vn -0.0551181 -1 0 
vn -0.0551181 -1 0 
vn -0.0551181 -1 0 
vn -0.0551181 -1 0 
vn 0 0 1 
vn 0 0 1 
vn 0 0 1 
vn 0 0 1 
vn 0.433071 -0.023622 -0.897638 
vn 0.433071 -0.023622 -0.897638 
vn 0.433071 -0.023622 -0.897638 
vn 0.433071 -0.023622 -0.897638 

vt 6.5 -0.25 
vt 6.5 -0.25 
vt 6.93917 -0.461271 
vt 6.5 -0.461271 
vt 6.525 -0.25 
vt 6.5 -0.25 
vt 6.525 -0.461271 
vt 6.5 -0.461271 
vt 6.93917 -0.25 
vt 6.93917 -0.25 
vt 6.93917 -0.461271 
vt 6.5 -0.461271 
vt 6.525 -0.25 
vt 6.5 -0.25 
vt 6.525 -0.689167 
vt 6.5 -0.689167 
vt 6.525 -0.25 
vt 6.5 -0.25 
vt 6.525 -0.737343 
vt 6.5 -0.737343 

usemtl Triangleb330586158752441Mtl

f 2025/2025/2025 2026/2026/2026 2027/2027/2027 
f 2027/2027/2027 2026/2026/2026 2028/2028/2028 
f 2029/2029/2029 2030/2030/2030 2031/2031/2031 
f 2031/2031/2031 2030/2030/2030 2032/2032/2032 
f 2033/2033/2033 2034/2034/2034 2035/2035/2035 
f 2035/2035/2035 2034/2034/2034 2036/2036/2036 
f 2037/2037/2037 2038/2038/2038 2039/2039/2039 
f 2039/2039/2039 2038/2038/2038 2040/2040/2040 
f 2041/2041/2041 2042/2042/2042 2043/2043/2043 
f 2043/2043/2043 2042/2042/2042 2044/2044/2044 

g Triangleb319809564590451

v -36.3123 32.9633 -42.2002 
v -36.3123 32.9633 -42.2002 
v -38.0381 32.1317 -38.7245 
v -35.3577 33.1337 -41.0016 
v -36.3123 32.9633 -42.2002 
v -36.3687 33.1544 -42.1825 
v -35.3577 33.1337 -41.0016 
v -35.4141 33.3247 -40.9839 
v -36.3687 33.1544 -42.1825 
v -36.3687 33.1544 -42.1825 
v -35.4141 33.3247 -40.9839 
v -38.0944 32.3227 -38.7068 
v -38.0944 32.3227 -38.7068 
v -38.0381 32.1317 -38.7245 
v -35.4141 33.3247 -40.9839 
v -35.3577 33.1337 -41.0016 
v -36.3687 33.1544 -42.1825 
v -36.3123 32.9633 -42.2002 
v -38.0944 32.3227 -38.7068 
v -38.0381 32.1317 -38.7245 

vn 0.283465 -0.952756 -0.0866142 
vn 0.283465 -0.952756 -0.0866142 
vn 0.283465 -0.952756 -0.0866142 
vn 0.283465 -0.952756 -0.0866142 
vn 0.732283 0.275591 -0.622047 
vn 0.732283 0.275591 -0.622047 
vn 0.732283 0.275591 -0.622047 
vn 0.732283 0.275591 -0.622047 
vn -0.283465 0.952756 0.0866142 
vn -0.283465 0.952756 0.0866142 
vn -0.283465 0.952756 0.0866142 
vn -0.283465 0.952756 0.0866142 
vn 0.622047 0.110236 0.779528 
vn 0.622047 0.110236 0.779528 
vn 0.622047 0.110236 0.779528 
vn 0.622047 0.110236 0.779528 
vn -0.858268 -0.204724 -0.472441 
vn -0.858268 -0.204724 -0.472441 
vn -0.858268 -0.204724 -0.472441 
vn -0.858268 -0.204724 -0.472441 

vt 1 -1.5 
vt 1 -1.5 
vt 1.45712 -1.69271 
vt 1 -1.69271 
vt 1.025 -1.5 
vt 1 -1.5 
vt 1.025 -1.69271 
vt 1 -1.69271 
vt 1.45712 -1.5 
vt 1.45712 -1.5 
vt 1.45712 -1.69271 
vt 1 -1.69271 
vt 1.025 -1.5 
vt 1 -1.5 
vt 1.025 -1.95712 
vt 1 -1.95712 
vt 1.025 -1.5 
vt 1 -1.5 
vt 1.025 -1.99608 
vt 1 -1.99608 

usemtl Triangleb330586158752441Mtl

f 2045/2045/2045 2046/2046/2046 2047/2047/2047 
f 2047/2047/2047 2046/2046/2046 2048/2048/2048 
f 2049/2049/2049 2050/2050/2050 2051/2051/2051 
f 2051/2051/2051 2050/2050/2050 2052/2052/2052 
f 2053/2053/2053 2054/2054/2054 2055/2055/2055 
f 2055/2055/2055 2054/2054/2054 2056/2056/2056 
f 2057/2057/2057 2058/2058/2058 2059/2059/2059 
f 2059/2059/2059 2058/2058/2058 2060/2060/2060 
f 2061/2061/2061 2062/2062/2062 2063/2063/2063 
f 2063/2063/2063 2062/2062/2062 2064/2064/2064 

g Triangleb313428308486941

v -37.4458 31.5076 -34.7044 
v -37.4458 31.5076 -34.7044 
v -33.9011 31.2618 -33.0024 
v -36.1741 32.0897 -35.6234 
v -37.4458 31.5076 -34.7044 
v -37.4714 31.6893 -34.6248 
v -36.1741 32.0897 -35.6234 
v -36.1998 32.2714 -35.5438 
v -37.4714 31.6893 -34.6248 
v -37.4714 31.6893 -34.6248 
v -36.1998 32.2714 -35.5438 
v -33.9268 31.4435 -32.9228 
v -33.9268 31.4435 -32.9228 
v -33.9011 31.2618 -33.0024 
v -36.1998 32.2714 -35.5438 
v -36.1741 32.0897 -35.6234 
v -37.4714 31.6893 -34.6248 
v -37.4458 31.5076 -34.7044 
v -33.9268 31.4435 -32.9228 
v -33.9011 31.2618 -33.0024 

vn 0.125984 -0.905512 -0.401575 
vn 0.125984 -0.905512 -0.401575 
vn 0.125984 -0.905512 -0.401575 
vn 0.125984 -0.905512 -0.401575 
vn -0.637795 0.228346 -0.732283 
vn -0.637795 0.228346 -0.732283 
vn -0.637795 0.228346 -0.732283 
vn -0.637795 0.228346 -0.732283 
vn -0.125984 0.905512 0.401575 
vn -0.125984 0.905512 0.401575 
vn -0.125984 0.905512 0.401575 
vn -0.125984 0.905512 0.401575 
vn 0.76378 0.346457 -0.551181 
vn 0.76378 0.346457 -0.551181 
vn 0.76378 0.346457 -0.551181 
vn 0.76378 0.346457 -0.551181 
vn -0.417323 -0.417323 0.811024 
vn -0.417323 -0.417323 0.811024 
vn -0.417323 -0.417323 0.811024 
vn -0.417323 -0.417323 0.811024 

vt 2.75 -1 
vt 2.75 -1 
vt 3.19584 -1.20918 
vt 2.75 -1.20918 
vt 2.775 -1 
vt 2.75 -1 
vt 2.775 -1.20918 
vt 2.75 -1.20918 
vt 3.19584 -1 
vt 3.19584 -1 
vt 3.19584 -1.20918 
vt 2.75 -1.20918 
vt 2.775 -1 
vt 2.75 -1 
vt 2.775 -1.44584 
vt 2.75 -1.44584 
vt 2.775 -1 
vt 2.75 -1 
vt 2.775 -1.49248 
vt 2.75 -1.49248 

usemtl Triangleb330586158752441Mtl

f 2065/2065/2065 2066/2066/2066 2067/2067/2067 
f 2067/2067/2067 2066/2066/2066 2068/2068/2068 
f 2069/2069/2069 2070/2070/2070 2071/2071/2071 
f 2071/2071/2071 2070/2070/2070 2072/2072/2072 
f 2073/2073/2073 2074/2074/2074 2075/2075/2075 
f 2075/2075/2075 2074/2074/2074 2076/2076/2076 
f 2077/2077/2077 2078/2078/2078 2079/2079/2079 
f 2079/2079/2079 2078/2078/2078 2080/2080/2080 
f 2081/2081/2081 2082/2082/2082 2083/2083/2083 
f 2083/2083/2083 2082/2082/2082 2084/2084/2084 

g Triangleb307557953834531

v -27.8119 32.8196 -37.9677 
v -27.8119 32.8196 -37.9677 
v -29.5535 32.053 -34.5703 
v -29.4059 33.1123 -37.9456 
v -27.8119 32.8196 -37.9677 
v -27.8472 32.6322 -38.0281 
v -29.4059 33.1123 -37.9456 
v -29.4411 32.9249 -38.0059 
v -27.8472 32.6322 -38.0281 
v -27.8472 32.6322 -38.0281 
v -29.4411 32.9249 -38.0059 
v -29.5887 31.8656 -34.6307 
v -29.5887 31.8656 -34.6307 
v -29.5535 32.053 -34.5703 
v -29.4411 32.9249 -38.0059 
v -29.4059 33.1123 -37.9456 
v -27.8472 32.6322 -38.0281 
v -27.8119 32.8196 -37.9677 
v -29.5887 31.8656 -34.6307 
v -29.5535 32.053 -34.5703 

vn 0.173228 0.937008 0.299213 
vn 0.173228 0.937008 0.299213 
vn 0.173228 0.937008 0.299213 
vn 0.173228 0.937008 0.299213 
vn 0.0393701 0.299213 -0.952756 
vn 0.0393701 0.299213 -0.952756 
vn 0.0393701 0.299213 -0.952756 
vn 0.0393701 0.299213 -0.952756 
vn -0.173228 -0.937008 -0.299213 
vn -0.173228 -0.937008 -0.299213 
vn -0.173228 -0.937008 -0.299213 
vn -0.173228 -0.937008 -0.299213 
vn -0.984252 0.181102 0.015748 
vn -0.984252 0.181102 0.015748 
vn -0.984252 0.181102 0.015748 
vn -0.984252 0.181102 0.015748 
vn 0.874016 -0.291339 0.385827 
vn 0.874016 -0.291339 0.385827 
vn 0.874016 -0.291339 0.385827 
vn 0.874016 -0.291339 0.385827 

vt 4.75 -3 
vt 4.75 -3 
vt 5.19258 -3.2026 
vt 4.75 -3.2026 
vt 4.775 -3 
vt 4.75 -3 
vt 4.775 -3.2026 
vt 4.75 -3.2026 
vt 5.19258 -3 
vt 5.19258 -3 
vt 5.19258 -3.2026 
vt 4.75 -3.2026 
vt 4.775 -3 
vt 4.75 -3 
vt 4.775 -3.44258 
vt 4.75 -3.44258 
vt 4.775 -3 
vt 4.75 -3 
vt 4.775 -3.48675 
vt 4.75 -3.48675 

usemtl Triangleb330586158752441Mtl

f 2085/2085/2085 2086/2086/2086 2087/2087/2087 
f 2087/2087/2087 2086/2086/2086 2088/2088/2088 
f 2089/2089/2089 2090/2090/2090 2091/2091/2091 
f 2091/2091/2091 2090/2090/2090 2092/2092/2092 
f 2093/2093/2093 2094/2094/2094 2095/2095/2095 
f 2095/2095/2095 2094/2094/2094 2096/2096/2096 
f 2097/2097/2097 2098/2098/2098 2099/2099/2099 
f 2099/2099/2099 2098/2098/2098 2100/2100/2100 
f 2101/2101/2101 2102/2102/2102 2103/2103/2103 
f 2103/2103/2103 2102/2102/2102 2104/2104/2104 

g Trianglea348732688665391

v -29.4176 33.5777 -42.0635 
v -29.4176 33.5777 -42.0635 
v -27.8116 32.8237 -37.9871 
v -30.7396 33.6474 -40.5007 
v -29.4176 33.5777 -42.0635 
v -29.4538 33.3822 -42.0854 
v -30.7396 33.6474 -40.5007 
v -30.7758 33.4519 -40.5226 
v -29.4538 33.3822 -42.0854 
v -29.4538 33.3822 -42.0854 
v -30.7758 33.4519 -40.5226 
v -27.8478 32.6282 -38.009 
v -27.8478 32.6282 -38.009 
v -27.8116 32.8237 -37.9871 
v -30.7758 33.4519 -40.5226 
v -30.7396 33.6474 -40.5007 
v -29.4538 33.3822 -42.0854 
v -29.4176 33.5777 -42.0635 
v -27.8478 32.6282 -38.009 
v -27.8116 32.8237 -37.9871 

vn 0.181102 0.976378 0.110236 
vn 0.181102 0.976378 0.110236 
vn 0.181102 0.976378 0.110236 
vn 0.181102 0.976378 0.110236 
vn -0.740157 0.212598 -0.637795 
vn -0.740157 0.212598 -0.637795 
vn -0.740157 0.212598 -0.637795 
vn -0.740157 0.212598 -0.637795 
vn -0.181102 -0.976378 -0.110236 
vn -0.181102 -0.976378 -0.110236 
vn -0.181102 -0.976378 -0.110236 
vn -0.181102 -0.976378 -0.110236 
vn -0.645669 0.0314961 0.76378 
vn -0.645669 0.0314961 0.76378 
vn -0.645669 0.0314961 0.76378 
vn -0.645669 0.0314961 0.76378 
vn 0.913386 -0.125984 -0.385827 
vn 0.913386 -0.125984 -0.385827 
vn 0.913386 -0.125984 -0.385827 
vn 0.913386 -0.125984 -0.385827 

vt 1.5 -2 
vt 1.5 -2 
vt 1.99324 -2.25603 
vt 1.5 -2.25603 
vt 1.525 -2 
vt 1.5 -2 
vt 1.525 -2.25603 
vt 1.5 -2.25603 
vt 1.99324 -2 
vt 1.99324 -2 
vt 1.99324 -2.25603 
vt 1.5 -2.25603 
vt 1.525 -2 
vt 1.5 -2 
vt 1.525 -2.49324 
vt 1.5 -2.49324 
vt 1.525 -2 
vt 1.5 -2 
vt 1.525 -2.55573 
vt 1.5 -2.55573 

usemtl Triangleb348733098506931Mtl

f 2105/2105/2105 2106/2106/2106 2107/2107/2107 
f 2107/2107/2107 2106/2106/2106 2108/2108/2108 
f 2109/2109/2109 2110/2110/2110 2111/2111/2111 
f 2111/2111/2111 2110/2110/2110 2112/2112/2112 
f 2113/2113/2113 2114/2114/2114 2115/2115/2115 
f 2115/2115/2115 2114/2114/2114 2116/2116/2116 
f 2117/2117/2117 2118/2118/2118 2119/2119/2119 
f 2119/2119/2119 2118/2118/2118 2120/2120/2120 
f 2121/2121/2121 2122/2122/2122 2123/2123/2123 
f 2123/2123/2123 2122/2122/2122 2124/2124/2124 

g Trianglea344591493129731

v -33.9175 31.2624 -33.0052 
v -33.9175 31.2624 -33.0052 
v -29.5747 31.869 -34.6433 
v -33.4864 32.29 -35.2115 
v -33.9175 31.2624 -33.0052 
v -33.9104 31.4431 -32.9197 
v -33.4864 32.29 -35.2115 
v -33.4794 32.4707 -35.1259 
v -33.9104 31.4431 -32.9197 
v -33.9104 31.4431 -32.9197 
v -33.4794 32.4707 -35.1259 
v -29.5676 32.0496 -34.5578 
v -29.5676 32.0496 -34.5578 
v -29.5747 31.869 -34.6433 
v -33.4794 32.4707 -35.1259 
v -33.4864 32.29 -35.2115 
v -33.9104 31.4431 -32.9197 
v -33.9175 31.2624 -33.0052 
v -29.5676 32.0496 -34.5578 
v -29.5747 31.869 -34.6433 

vn -0.0314961 -0.905512 -0.425197 
vn -0.0314961 -0.905512 -0.425197 
vn -0.0314961 -0.905512 -0.425197 
vn -0.0314961 -0.905512 -0.425197 
vn -0.984252 0.102362 -0.141732 
vn -0.984252 0.102362 -0.141732 
vn -0.984252 0.102362 -0.141732 
vn -0.984252 0.102362 -0.141732 
vn 0.0314961 0.905512 0.425197 
vn 0.0314961 0.905512 0.425197 
vn 0.0314961 0.905512 0.425197 
vn 0.0314961 0.905512 0.425197 
vn 0.173228 0.417323 -0.889764 
vn 0.173228 0.417323 -0.889764 
vn 0.173228 0.417323 -0.889764 
vn 0.173228 0.417323 -0.889764 
vn 0.370079 -0.409449 0.834646 
vn 0.370079 -0.409449 0.834646 
vn 0.370079 -0.409449 0.834646 
vn 0.370079 -0.409449 0.834646 

vt 1.25 -5.25 
vt 1.25 -5.25 
vt 1.74689 -5.55897 
vt 1.25 -5.55897 
vt 1.275 -5.25 
vt 1.25 -5.25 
vt 1.275 -5.55897 
vt 1.25 -5.55897 
vt 1.74689 -5.25 
vt 1.74689 -5.25 
vt 1.74689 -5.55897 
vt 1.25 -5.55897 
vt 1.275 -5.25 
vt 1.25 -5.25 
vt 1.275 -5.74689 
vt 1.25 -5.74689 
vt 1.275 -5.25 
vt 1.25 -5.25 
vt 1.275 -5.83512 
vt 1.25 -5.83512 

usemtl Triangleb348733098506931Mtl

f 2125/2125/2125 2126/2126/2126 2127/2127/2127 
f 2127/2127/2127 2126/2126/2126 2128/2128/2128 
f 2129/2129/2129 2130/2130/2130 2131/2131/2131 
f 2131/2131/2131 2130/2130/2130 2132/2132/2132 
f 2133/2133/2133 2134/2134/2134 2135/2135/2135 
f 2135/2135/2135 2134/2134/2134 2136/2136/2136 
f 2137/2137/2137 2138/2138/2138 2139/2139/2139 
f 2139/2139/2139 2138/2138/2138 2140/2140/2140 
f 2141/2141/2141 2142/2142/2142 2143/2143/2143 
f 2143/2143/2143 2142/2142/2142 2144/2144/2144 

g Trianglea34131129121781

v -32.9148 33.5712 -37.9458 
v -32.9148 33.5712 -37.9458 
v -38.037 32.1334 -38.7347 
v -35.9235 32.194 -35.7716 
v -32.9148 33.5712 -37.9458 
v -32.9732 33.7586 -37.9079 
v -35.9235 32.194 -35.7716 
v -35.9819 32.3815 -35.7337 
v -32.9732 33.7586 -37.9079 
v -32.9732 33.7586 -37.9079 
v -35.9819 32.3815 -35.7337 
v -38.0955 32.3208 -38.6968 
v -38.0955 32.3208 -38.6968 
v -38.037 32.1334 -38.7347 
v -35.9819 32.3815 -35.7337 
v -35.9235 32.194 -35.7716 
v -32.9732 33.7586 -37.9079 
v -32.9148 33.5712 -37.9458 
v -38.0955 32.3208 -38.6968 
v -38.037 32.1334 -38.7347 

vn 0.291339 -0.937008 -0.188976 
vn 0.291339 -0.937008 -0.188976 
vn 0.291339 -0.937008 -0.188976 
vn 0.291339 -0.937008 -0.188976 
vn 0.582677 0.015748 0.811024 
vn 0.582677 0.015748 0.811024 
vn 0.582677 0.015748 0.811024 
vn 0.582677 0.015748 0.811024 
vn -0.291339 0.937008 0.188976 
vn -0.291339 0.937008 0.188976 
vn -0.291339 0.937008 0.188976 
vn -0.291339 0.937008 0.188976 
vn -0.76378 -0.346457 0.551181 
vn -0.76378 -0.346457 0.551181 
vn -0.76378 -0.346457 0.551181 
vn -0.76378 -0.346457 0.551181 
vn 0.0866142 0.220472 -0.968504 
vn 0.0866142 0.220472 -0.968504 
vn 0.0866142 0.220472 -0.968504 
vn 0.0866142 0.220472 -0.968504 

vt 7.25 -5.5 
vt 7.25 -5.5 
vt 7.70502 -5.99491 
vt 7.25 -5.99491 
vt 7.275 -5.5 
vt 7.25 -5.5 
vt 7.275 -5.99491 
vt 7.25 -5.99491 
vt 7.70502 -5.5 
vt 7.70502 -5.5 
vt 7.70502 -5.99491 
vt 7.25 -5.99491 
vt 7.275 -5.5 
vt 7.25 -5.5 
vt 7.275 -5.95502 
vt 7.25 -5.95502 
vt 7.275 -5.5 
vt 7.25 -5.5 
vt 7.275 -6.17229 
vt 7.25 -6.17229 

usemtl Triangleb348733098506931Mtl

f 2145/2145/2145 2146/2146/2146 2147/2147/2147 
f 2147/2147/2147 2146/2146/2146 2148/2148/2148 
f 2149/2149/2149 2150/2150/2150 2151/2151/2151 
f 2151/2151/2151 2150/2150/2150 2152/2152/2152 
f 2153/2153/2153 2154/2154/2154 2155/2155/2155 
f 2155/2155/2155 2154/2154/2154 2156/2156/2156 
f 2157/2157/2157 2158/2158/2158 2159/2159/2159 
f 2159/2159/2159 2158/2158/2158 2160/2160/2160 
f 2161/2161/2161 2162/2162/2162 2163/2163/2163 
f 2163/2163/2163 2162/2162/2162 2164/2164/2164 

g Trianglea33448599195481

v -32.9264 33.5665 -43.7645 
v -32.9264 33.5665 -43.7645 
v -36.3229 32.9603 -42.1913 
v -32.9264 33.5665 -42.1913 
v -32.9264 33.5665 -43.7645 
v -32.9615 33.7634 -43.7645 
v -32.9264 33.5665 -42.1913 
v -32.9615 33.7634 -42.1913 
v -32.9615 33.7634 -43.7645 
v -32.9615 33.7634 -43.7645 
v -32.9615 33.7634 -42.1913 
v -36.358 33.1572 -42.1913 
v -36.358 33.1572 -42.1913 
v -36.3229 32.9603 -42.1913 
v -32.9615 33.7634 -42.1913 
v -32.9264 33.5665 -42.1913 
v -32.9615 33.7634 -43.7645 
v -32.9264 33.5665 -43.7645 
v -36.358 33.1572 -42.1913 
v -36.3229 32.9603 -42.1913 

vn 0.173228 -0.984252 0 
vn 0.173228 -0.984252 0 
vn 0.173228 -0.984252 0 
vn 0.173228 -0.984252 0 
vn 0.984252 0.173228 0 
vn 0.984252 0.173228 0 
vn 0.984252 0.173228 0 
vn 0.984252 0.173228 0 
vn -0.173228 0.984252 0 
vn -0.173228 0.984252 0 
vn -0.173228 0.984252 0 
vn -0.173228 0.984252 0 
vn 0 0 1 
vn 0 0 1 
vn 0 0 1 
vn 0 0 1 
vn -0.409449 -0.0708661 -0.913386 
vn -0.409449 -0.0708661 -0.913386 
vn -0.409449 -0.0708661 -0.913386 
vn -0.409449 -0.0708661 -0.913386 

vt 5 -6 
vt 5 -6 
vt 5.43127 -6.19664 
vt 5 -6.19664 
vt 5.025 -6 
vt 5 -6 
vt 5.025 -6.19664 
vt 5 -6.19664 
vt 5.43127 -6 
vt 5.43127 -6 
vt 5.43127 -6.19664 
vt 5 -6.19664 
vt 5.025 -6 
vt 5 -6 
vt 5.025 -6.43127 
vt 5 -6.43127 
vt 5.025 -6 
vt 5 -6 
vt 5.025 -6.47398 
vt 5 -6.47398 

usemtl Triangleb348733098506931Mtl

f 2165/2165/2165 2166/2166/2166 2167/2167/2167 
f 2167/2167/2167 2166/2166/2166 2168/2168/2168 
f 2169/2169/2169 2170/2170/2170 2171/2171/2171 
f 2171/2171/2171 2170/2170/2170 2172/2172/2172 
f 2173/2173/2173 2174/2174/2174 2175/2175/2175 
f 2175/2175/2175 2174/2174/2174 2176/2176/2176 
f 2177/2177/2177 2178/2178/2178 2179/2179/2179 
f 2179/2179/2179 2178/2178/2178 2180/2180/2180 
f 2181/2181/2181 2182/2182/2182 2183/2183/2183 
f 2183/2183/2183 2182/2182/2182 2184/2184/2184 

g Trianglea330585768938061

v -32.9492 33.565 -37.927 
v -32.9492 33.565 -37.927 
v -29.4407 33.38 -42.0745 
v -32.9492 33.565 -42.0745 
v -32.9492 33.565 -37.927 
v -32.9387 33.7648 -37.927 
v -32.9492 33.565 -42.0745 
v -32.9387 33.7648 -42.0745 
v -32.9387 33.7648 -37.927 
v -32.9387 33.7648 -37.927 
v -32.9387 33.7648 -42.0745 
v -29.4302 33.5797 -42.0745 
v -29.4302 33.5797 -42.0745 
v -29.4407 33.38 -42.0745 
v -32.9387 33.7648 -42.0745 
v -32.9492 33.565 -42.0745 
v -32.9387 33.7648 -37.927 
v -32.9492 33.565 -37.927 
v -29.4302 33.5797 -42.0745 
v -29.4407 33.38 -42.0745 

vn -0.0551181 -1 0 
vn -0.0551181 -1 0 
vn -0.0551181 -1 0 
vn -0.0551181 -1 0 
vn -1 0.0551181 0 
vn -1 0.0551181 0 
vn -1 0.0551181 0 
vn -1 0.0551181 0 
vn 0.0551181 1 0 
vn 0.0551181 1 0 
vn 0.0551181 1 0 
vn 0.0551181 1 0 
vn 0 0 -1 
vn 0 0 -1 
vn 0 0 -1 
vn 0 0 -1 
vn 0.76378 -0.0393701 0.645669 
vn 0.76378 -0.0393701 0.645669 
vn 0.76378 -0.0393701 0.645669 
vn 0.76378 -0.0393701 0.645669 

vt 0.25 -1.5 
vt 0.25 -1.5 
vt 0.689168 -2.01844 
vt 0.25 -2.01844 
vt 0.275 -1.5 
vt 0.25 -1.5 
vt 0.275 -2.01844 
vt 0.25 -2.01844 
vt 0.689168 -1.5 
vt 0.689168 -1.5 
vt 0.689168 -2.01844 
vt 0.25 -2.01844 
vt 0.275 -1.5 
vt 0.25 -1.5 
vt 0.275 -1.93917 
vt 0.25 -1.93917 
vt 0.275 -1.5 
vt 0.25 -1.5 
vt 0.275 -2.17945 
vt 0.25 -2.17945 

usemtl Triangleb330586158752441Mtl

f 2185/2185/2185 2186/2186/2186 2187/2187/2187 
f 2187/2187/2187 2186/2186/2186 2188/2188/2188 
f 2189/2189/2189 2190/2190/2190 2191/2191/2191 
f 2191/2191/2191 2190/2190/2190 2192/2192/2192 
f 2193/2193/2193 2194/2194/2194 2195/2195/2195 
f 2195/2195/2195 2194/2194/2194 2196/2196/2196 
f 2197/2197/2197 2198/2198/2198 2199/2199/2199 
f 2199/2199/2199 2198/2198/2198 2200/2200/2200 
f 2201/2201/2201 2202/2202/2202 2203/2203/2203 
f 2203/2203/2203 2202/2202/2202 2204/2204/2204 

g Trianglea319809214353561

v -32.9722 33.7604 -37.918 
v -32.9722 33.7604 -37.918 
v -38.0944 32.3226 -38.7069 
v -35.4141 33.3246 -40.984 
v -32.9722 33.7604 -37.918 
v -32.9158 33.5694 -37.9357 
v -35.4141 33.3246 -40.984 
v -35.3577 33.1336 -41.0017 
v -32.9158 33.5694 -37.9357 
v -32.9158 33.5694 -37.9357 
v -35.3577 33.1336 -41.0017 
v -38.0381 32.1316 -38.7246 
v -38.0381 32.1316 -38.7246 
v -38.0944 32.3226 -38.7069 
v -35.3577 33.1336 -41.0017 
v -35.4141 33.3246 -40.984 
v -32.9158 33.5694 -37.9357 
v -32.9722 33.7604 -37.918 
v -38.0381 32.1316 -38.7246 
v -38.0944 32.3226 -38.7069 

vn -0.283465 0.952756 0.0866142 
vn -0.283465 0.952756 0.0866142 
vn -0.283465 0.952756 0.0866142 
vn -0.283465 0.952756 0.0866142 
vn 0.732283 0.275591 -0.622047 
vn 0.732283 0.275591 -0.622047 
vn 0.732283 0.275591 -0.622047 
vn 0.732283 0.275591 -0.622047 
vn 0.283465 -0.952756 -0.0866142 
vn 0.283465 -0.952756 -0.0866142 
vn 0.283465 -0.952756 -0.0866142 
vn 0.283465 -0.952756 -0.0866142 
vn -0.622047 -0.110236 -0.779528 
vn -0.622047 -0.110236 -0.779528 
vn -0.622047 -0.110236 -0.779528 
vn -0.622047 -0.110236 -0.779528 
vn -0.11811 -0.125984 0.984252 
vn -0.11811 -0.125984 0.984252 
vn -0.11811 -0.125984 0.984252 
vn -0.11811 -0.125984 0.984252 

vt 6.5 0.75 
vt 6.5 0.75 
vt 6.95712 0.257031 
vt 6.5 0.257031 
vt 6.525 0.75 
vt 6.5 0.75 
vt 6.525 0.257031 
vt 6.5 0.257031 
vt 6.95712 0.75 
vt 6.95712 0.75 
vt 6.95712 0.257031 
vt 6.5 0.257031 
vt 6.525 0.75 
vt 6.5 0.75 
vt 6.525 0.292878 
vt 6.5 0.292878 
vt 6.525 0.75 
vt 6.5 0.75 
vt 6.525 0.0777064 
vt 6.5 0.0777064 

usemtl Triangleb330586158752441Mtl

f 2205/2205/2205 2206/2206/2206 2207/2207/2207 
f 2207/2207/2207 2206/2206/2206 2208/2208/2208 
f 2209/2209/2209 2210/2210/2210 2211/2211/2211 
f 2211/2211/2211 2210/2210/2210 2212/2212/2212 
f 2213/2213/2213 2214/2214/2214 2215/2215/2215 
f 2215/2215/2215 2214/2214/2214 2216/2216/2216 
f 2217/2217/2217 2218/2218/2218 2219/2219/2219 
f 2219/2219/2219 2218/2218/2218 2220/2220/2220 
f 2221/2221/2221 2222/2222/2222 2223/2223/2223 
f 2223/2223/2223 2222/2222/2222 2224/2224/2224 

g Trianglea313427897930151

v -32.9568 33.7558 -37.8871 
v -32.9568 33.7558 -37.8871 
v -33.9267 31.4435 -32.9227 
v -36.1997 32.2714 -35.5436 
v -32.9568 33.7558 -37.8871 
v -32.9312 33.5741 -37.9667 
v -36.1997 32.2714 -35.5436 
v -36.1741 32.0897 -35.6232 
v -32.9312 33.5741 -37.9667 
v -32.9312 33.5741 -37.9667 
v -36.1741 32.0897 -35.6232 
v -33.9011 31.2618 -33.0023 
v -33.9011 31.2618 -33.0023 
v -33.9267 31.4435 -32.9227 
v -36.1741 32.0897 -35.6232 
v -36.1997 32.2714 -35.5436 
v -32.9312 33.5741 -37.9667 
v -32.9568 33.7558 -37.8871 
v -33.9011 31.2618 -33.0023 
v -33.9267 31.4435 -32.9227 

vn -0.125984 0.905512 0.401575 
vn -0.125984 0.905512 0.401575 
vn -0.125984 0.905512 0.401575 
vn -0.125984 0.905512 0.401575 
vn -0.637795 0.228346 -0.732283 
vn -0.637795 0.228346 -0.732283 
vn -0.637795 0.228346 -0.732283 
vn -0.637795 0.228346 -0.732283 
vn 0.125984 -0.905512 -0.401575 
vn 0.125984 -0.905512 -0.401575 
vn 0.125984 -0.905512 -0.401575 
vn 0.125984 -0.905512 -0.401575 
vn -0.76378 -0.346457 0.551181 
vn -0.76378 -0.346457 0.551181 
vn -0.76378 -0.346457 0.551181 
vn -0.76378 -0.346457 0.551181 
vn 0.976378 0.0472441 0.212598 
vn 0.976378 0.0472441 0.212598 
vn 0.976378 0.0472441 0.212598 
vn 0.976378 0.0472441 0.212598 

vt 1.5 0.5 
vt 1.5 0.5 
vt 1.94584 -0.0334415 
vt 1.5 -0.0334415 
vt 1.525 0.5 
vt 1.5 0.5 
vt 1.525 -0.0334415 
vt 1.5 -0.0334415 
vt 1.94584 0.5 
vt 1.94584 0.5 
vt 1.94584 -0.0334415 
vt 1.5 -0.0334415 
vt 1.525 0.5 
vt 1.5 0.5 
vt 1.525 0.0541589 
vt 1.5 0.0541589 
vt 1.525 0.5 
vt 1.5 0.5 
vt 1.525 -0.195222 
vt 1.5 -0.195222 

usemtl Triangleb330586158752441Mtl

f 2225/2225/2225 2226/2226/2226 2227/2227/2227 
f 2227/2227/2227 2226/2226/2226 2228/2228/2228 
f 2229/2229/2229 2230/2230/2230 2231/2231/2231 
f 2231/2231/2231 2230/2230/2230 2232/2232/2232 
f 2233/2233/2233 2234/2234/2234 2235/2235/2235 
f 2235/2235/2235 2234/2234/2234 2236/2236/2236 
f 2237/2237/2237 2238/2238/2238 2239/2239/2239 
f 2239/2239/2239 2238/2238/2238 2240/2240/2240 
f 2241/2241/2241 2242/2242/2242 2243/2243/2243 
f 2243/2243/2243 2242/2242/2242 2244/2244/2244 

g Trianglea307557596206671

v -32.9618 33.5713 -37.9571 
v -32.9618 33.5713 -37.9571 
v -29.5889 31.8656 -34.6308 
v -29.4413 32.9249 -38.0061 
v -32.9618 33.5713 -37.9571 
v -32.9265 33.7587 -37.8968 
v -29.4413 32.9249 -38.0061 
v -29.406 33.1123 -37.9457 
v -32.9265 33.7587 -37.8968 
v -32.9265 33.7587 -37.8968 
v -29.406 33.1123 -37.9457 
v -29.5536 32.053 -34.5704 
v -29.5536 32.053 -34.5704 
v -29.5889 31.8656 -34.6308 
v -29.406 33.1123 -37.9457 
v -29.4413 32.9249 -38.0061 
v -32.9265 33.7587 -37.8968 
v -32.9618 33.5713 -37.9571 
v -29.5536 32.053 -34.5704 
v -29.5889 31.8656 -34.6308 

vn -0.173228 -0.937008 -0.299213 
vn -0.173228 -0.937008 -0.299213 
vn -0.173228 -0.937008 -0.299213 
vn -0.173228 -0.937008 -0.299213 
vn 0.0393701 0.299213 -0.952756 
vn 0.0393701 0.299213 -0.952756 
vn 0.0393701 0.299213 -0.952756 
vn 0.0393701 0.299213 -0.952756 
vn 0.173228 0.937008 0.299213 
vn 0.173228 0.937008 0.299213 
vn 0.173228 0.937008 0.299213 
vn 0.173228 0.937008 0.299213 
vn 0.984252 -0.181102 -0.015748 
vn 0.984252 -0.181102 -0.015748 
vn 0.984252 -0.181102 -0.015748 
vn 0.984252 -0.181102 -0.015748 
vn -0.724409 -0.0866142 0.685039 
vn -0.724409 -0.0866142 0.685039 
vn -0.724409 -0.0866142 0.685039 
vn -0.724409 -0.0866142 0.685039 

vt 3.75 -6 
vt 3.75 -6 
vt 4.19258 -6.44746 
vt 3.75 -6.44746 
vt 3.775 -6 
vt 3.75 -6 
vt 3.775 -6.44746 
vt 3.75 -6.44746 
vt 4.19258 -6 
vt 4.19258 -6 
vt 4.19258 -6.44746 
vt 3.75 -6.44746 
vt 3.775 -6 
vt 3.75 -6 
vt 3.775 -6.44258 
vt 3.75 -6.44258 
vt 3.775 -6 
vt 3.75 -6 
vt 3.775 -6.62936 
vt 3.75 -6.62936 

usemtl Triangleb330586158752441Mtl

f 2245/2245/2245 2246/2246/2246 2247/2247/2247 
f 2247/2247/2247 2246/2246/2246 2248/2248/2248 
f 2249/2249/2249 2250/2250/2250 2251/2251/2251 
f 2251/2251/2251 2250/2250/2250 2252/2252/2252 
f 2253/2253/2253 2254/2254/2254 2255/2255/2255 
f 2255/2255/2255 2254/2254/2254 2256/2256/2256 
f 2257/2257/2257 2258/2258/2258 2259/2259/2259 
f 2259/2259/2259 2258/2258/2258 2260/2260/2260 
f 2261/2261/2261 2262/2262/2262 2263/2263/2263 
f 2263/2263/2263 2262/2262/2262 2264/2264/2264 

g Part82

v -32.6479 25.4792 -39.496 
v -32.6954 25.5028 -39.6309 
v -32.7213 25.4996 -39.6193 
v -32.7516 25.4941 -39.5962 
v -32.7783 25.4861 -39.559 
v -32.7916 25.4774 -39.5154 
v -32.7915 25.4703 -39.4776 
v -32.7848 25.4654 -39.4502 
v -32.7848 25.4654 -39.4502 
v -32.7729 25.4611 -39.4246 
v -32.7491 25.4563 -39.3947 
v -32.7112 25.4528 -39.3682 
v -32.6667 25.4519 -39.3548 
v -32.6282 25.4534 -39.3547 
v -32.6005 25.4556 -39.361 
v -32.6005 25.4556 -39.361 
v -32.5745 25.4588 -39.3726 
v -32.5442 25.4643 -39.3957 
v -32.5176 25.4723 -39.4329 
v -32.5043 25.481 -39.4765 
v -32.5044 25.4881 -39.5144 
v -32.511 25.493 -39.5417 
v -32.511 25.493 -39.5417 
v -32.523 25.4973 -39.5673 
v -32.5467 25.5021 -39.5973 
v -32.5847 25.5056 -39.6238 
v -32.6292 25.5065 -39.6371 
v -32.6676 25.505 -39.6373 
v -32.6954 25.5028 -39.6309 
v -32.8209 33.6836 -38.0014 
v -32.511 25.493 -39.5417 
v -32.8328 33.688 -38.027 
v -32.523 25.4973 -39.5673 
v -32.8566 33.6927 -38.057 
v -32.5467 25.5021 -39.5973 
v -32.8946 33.6963 -38.0835 
v -32.5847 25.5056 -39.6238 
v -32.939 33.6971 -38.0969 
v -32.6292 25.5065 -39.6371 
v -32.9775 33.6957 -38.097 
v -32.6676 25.505 -39.6373 
v -33.0053 33.6934 -38.0906 
v -32.6954 25.5028 -39.6309 
v -32.511 25.493 -39.5417 
v -32.8209 33.6836 -38.0014 
v -32.5044 25.4881 -39.5144 
v -32.8142 33.6787 -37.9741 
v -32.5043 25.481 -39.4765 
v -32.8141 33.6716 -37.9363 
v -32.5176 25.4723 -39.4329 
v -32.8274 33.6629 -37.8926 
v -32.5442 25.4643 -39.3957 
v -32.8541 33.6549 -37.8554 
v -32.5745 25.4588 -39.3726 
v -32.8844 33.6494 -37.8323 
v -32.6005 25.4556 -39.361 
v -32.9103 33.6463 -37.8207 
v -32.9578 33.6698 -37.9557 
v -32.8209 33.6836 -38.0014 
v -32.8142 33.6787 -37.9741 
v -32.8141 33.6716 -37.9363 
v -32.8274 33.6629 -37.8926 
v -32.8541 33.6549 -37.8554 
v -32.8844 33.6494 -37.8323 
v -32.9103 33.6463 -37.8207 
v -32.9103 33.6463 -37.8207 
v -32.9381 33.644 -37.8144 
v -32.9765 33.6426 -37.8145 
v -33.021 33.6434 -37.8279 
v -33.059 33.647 -37.8544 
v -33.0827 33.6517 -37.8844 
v -33.0947 33.6561 -37.9099 
v -33.0947 33.6561 -37.9099 
v -33.1013 33.661 -37.9373 
v -33.1015 33.6681 -37.9751 
v -33.0882 33.6768 -38.0188 
v -33.0615 33.6848 -38.0559 
v -33.0312 33.6903 -38.0791 
v -33.0053 33.6934 -38.0906 
v -33.0053 33.6934 -38.0906 
v -32.9775 33.6957 -38.097 
v -32.939 33.6971 -38.0969 
v -32.8946 33.6963 -38.0835 
v -32.8566 33.6927 -38.057 
v -32.8328 33.688 -38.027 
v -32.8209 33.6836 -38.0014 
v -33.0947 33.6561 -37.9099 
v -32.7848 25.4654 -39.4502 
v -33.0827 33.6517 -37.8844 
v -32.7729 25.4611 -39.4246 
v -33.059 33.647 -37.8544 
v -32.7491 25.4563 -39.3947 
v -33.021 33.6434 -37.8279 
v -32.7112 25.4528 -39.3682 
v -32.9765 33.6426 -37.8145 
v -32.6667 25.4519 -39.3548 
v -32.9381 33.644 -37.8144 
v -32.6282 25.4534 -39.3547 
v -32.9103 33.6463 -37.8207 
v -32.6005 25.4556 -39.361 
v -33.0053 33.6934 -38.0906 
v -32.6954 25.5028 -39.6309 
v -33.0312 33.6903 -38.0791 
v -32.7213 25.4996 -39.6193 
v -33.0615 33.6848 -38.0559 
v -32.7516 25.4941 -39.5962 
v -33.0882 33.6768 -38.0188 
v -32.7783 25.4861 -39.559 
v -33.1015 33.6681 -37.9751 
v -32.7916 25.4774 -39.5154 
v -33.1013 33.661 -37.9373 
v -32.7915 25.4703 -39.4776 
v -33.0947 33.6561 -37.9099 
v -32.7848 25.4654 -39.4502 

vn 0.0393701 -0.984252 -0.181102 
vn 0.0393701 -0.984252 -0.181102 
vn 0.0393701 -0.984252 -0.181102 
vn 0.0393701 -0.984252 -0.181102 
vn 0.0393701 -0.984252 -0.181102 
vn 0.0393701 -0.984252 -0.181102 
vn 0.0393701 -0.984252 -0.181102 
vn 0.0393701 -0.984252 -0.181102 
vn 0.0393701 -0.984252 -0.181102 
vn 0.0393701 -0.984252 -0.181102 
vn 0.0393701 -0.984252 -0.181102 
vn 0.0393701 -0.984252 -0.181102 
vn 0.0393701 -0.984252 -0.181102 
vn 0.0393701 -0.984252 -0.181102 
vn 0.0393701 -0.984252 -0.181102 
vn 0.0393701 -0.984252 -0.181102 
vn 0.0393701 -0.984252 -0.181102 
vn 0.0393701 -0.984252 -0.181102 
vn 0.0393701 -0.984252 -0.181102 
vn 0.0393701 -0.984252 -0.181102 
vn 0.0393701 -0.984252 -0.181102 
vn 0.0393701 -0.984252 -0.181102 
vn 0.0393701 -0.984252 -0.181102 
vn 0.0393701 -0.984252 -0.181102 
vn 0.0393701 -0.984252 -0.181102 
vn 0.0393701 -0.984252 -0.181102 
vn 0.0393701 -0.984252 -0.181102 
vn 0.0393701 -0.984252 -0.181102 
vn 0.0393701 -0.984252 -0.181102 
vn 0.944882 0.0944882 -0.314961 
vn 0.944882 0.0944882 -0.314961 
vn 0.858268 0.125984 -0.488189 
vn 0.858268 0.125984 -0.488189 
vn 0.700787 0.15748 -0.700787 
vn 0.700787 0.15748 -0.700787 
vn 0.433071 0.181102 -0.88189 
vn 0.433071 0.181102 -0.88189 
vn 0.125984 0.188976 -0.976378 
vn 0.125984 0.188976 -0.976378 
vn -0.133858 0.181102 -0.976378 
vn -0.133858 0.181102 -0.976378 
vn -0.330709 0.165354 -0.929134 
vn -0.330709 0.165354 -0.929134 
vn 0.944882 0.0944882 -0.314961 
vn 0.944882 0.0944882 -0.314961 
vn 0.992126 0.0629921 -0.125984 
vn 0.992126 0.0629921 -0.125984 
vn 0.992126 0.015748 0.133858 
vn 0.992126 0.015748 0.133858 
vn 0.897638 -0.0472441 0.433071 
vn 0.897638 -0.0472441 0.433071 
vn 0.716535 -0.102362 0.692913 
vn 0.716535 -0.102362 0.692913 
vn 0.503937 -0.141732 0.850394 
vn 0.503937 -0.141732 0.850394 
vn 0.330709 -0.165354 0.929134 
vn 0.330709 -0.165354 0.929134 
vn -0.0393701 0.984252 0.181102 
vn -0.0393701 0.984252 0.181102 
vn -0.0393701 0.984252 0.181102 
vn -0.0393701 0.984252 0.181102 
vn -0.0393701 0.984252 0.181102 
vn -0.0393701 0.984252 0.181102 
vn -0.0393701 0.984252 0.181102 
vn -0.0393701 0.984252 0.181102 
vn -0.0393701 0.984252 0.181102 
vn -0.0393701 0.984252 0.181102 
vn -0.0393701 0.984252 0.181102 
vn -0.0393701 0.984252 0.181102 
vn -0.0393701 0.984252 0.181102 
vn -0.0393701 0.984252 0.181102 
vn -0.0393701 0.984252 0.181102 
vn -0.0393701 0.984252 0.181102 
vn -0.0393701 0.984252 0.181102 
vn -0.0393701 0.984252 0.181102 
vn -0.0393701 0.984252 0.181102 
vn -0.0393701 0.984252 0.181102 
vn -0.0393701 0.984252 0.181102 
vn -0.0393701 0.984252 0.181102 
vn -0.0393701 0.984252 0.181102 
vn -0.0393701 0.984252 0.181102 
vn -0.0393701 0.984252 0.181102 
vn -0.0393701 0.984252 0.181102 
vn -0.0393701 0.984252 0.181102 
vn -0.0393701 0.984252 0.181102 
vn -0.0393701 0.984252 0.181102 
vn -0.944882 -0.0944882 0.314961 
vn -0.944882 -0.0944882 0.314961 
vn -0.858268 -0.125984 0.488189 
vn -0.858268 -0.125984 0.488189 
vn -0.700787 -0.15748 0.700787 
vn -0.700787 -0.15748 0.700787 
vn -0.433071 -0.181102 0.88189 
vn -0.433071 -0.181102 0.88189 
vn -0.125984 -0.188976 0.976378 
vn -0.125984 -0.188976 0.976378 
vn 0.133858 -0.181102 0.976378 
vn 0.133858 -0.181102 0.976378 
vn 0.330709 -0.165354 0.929134 
vn 0.330709 -0.165354 0.929134 
vn -0.330709 0.165354 -0.929134 
vn -0.330709 0.165354 -0.929134 
vn -0.503937 0.141732 -0.850394 
vn -0.503937 0.141732 -0.850394 
vn -0.716535 0.102362 -0.692913 
vn -0.716535 0.102362 -0.692913 
vn -0.897638 0.0472441 -0.433071 
vn -0.897638 0.0472441 -0.433071 
vn -0.992126 -0.015748 -0.133858 
vn -0.992126 -0.015748 -0.133858 
vn -0.992126 -0.0629921 0.125984 
vn -0.992126 -0.0629921 0.125984 
vn -0.944882 -0.0944882 0.314961 
vn -0.944882 -0.0944882 0.314961 

vt 7.26813 -2.51813 
vt 7.28094 -2.53094 
vt 7.27818 -2.53321 
vt 7.27386 -2.53532 
vt 7.26813 -2.53625 
vt 7.26239 -2.53532 
vt 7.25807 -2.53321 
vt 7.25531 -2.53094 
vt 7.25531 -2.53094 
vt 7.25304 -2.52818 
vt 7.25093 -2.52386 
vt 7.25 -2.51813 
vt 7.25093 -2.51239 
vt 7.25304 -2.50807 
vt 7.25531 -2.50531 
vt 7.25531 -2.50531 
vt 7.25807 -2.50304 
vt 7.26239 -2.50093 
vt 7.26813 -2.5 
vt 7.27386 -2.50093 
vt 7.27818 -2.50304 
vt 7.28094 -2.50531 
vt 7.28094 -2.50531 
vt 7.28321 -2.50807 
vt 7.28532 -2.51239 
vt 7.28625 -2.51813 
vt 7.28532 -2.52386 
vt 7.28321 -2.52818 
vt 7.28094 -2.53094 
vt 15.5425 -6 
vt 14.5 -6 
vt 15.5425 -6.00604 
vt 14.5 -6.00604 
vt 15.5425 -6.01208 
vt 14.5 -6.01208 
vt 15.5425 -6.01813 
vt 14.5 -6.01813 
vt 15.5425 -6.02417 
vt 14.5 -6.02417 
vt 15.5425 -6.03021 
vt 14.5 -6.03021 
vt 15.5425 -6.03625 
vt 14.5 -6.03625 
vt 15.5425 -6 
vt 14.5 -6 
vt 15.5425 -6.00604 
vt 14.5 -6.00604 
vt 15.5425 -6.01208 
vt 14.5 -6.01208 
vt 15.5425 -6.01813 
vt 14.5 -6.01813 
vt 15.5425 -6.02417 
vt 14.5 -6.02417 
vt 15.5425 -6.03021 
vt 14.5 -6.03021 
vt 15.5425 -6.03625 
vt 14.5 -6.03625 
vt 7.26813 -2.51813 
vt 7.25531 -2.50531 
vt 7.25807 -2.50304 
vt 7.26239 -2.50093 
vt 7.26813 -2.5 
vt 7.27386 -2.50093 
vt 7.27818 -2.50304 
vt 7.28094 -2.50531 
vt 7.28094 -2.50531 
vt 7.28321 -2.50807 
vt 7.28532 -2.51239 
vt 7.28625 -2.51813 
vt 7.28532 -2.52386 
vt 7.28321 -2.52818 
vt 7.28094 -2.53094 
vt 7.28094 -2.53094 
vt 7.27818 -2.53321 
vt 7.27386 -2.53532 
vt 7.26813 -2.53625 
vt 7.26239 -2.53532 
vt 7.25807 -2.53321 
vt 7.25531 -2.53094 
vt 7.25531 -2.53094 
vt 7.25304 -2.52818 
vt 7.25093 -2.52386 
vt 7.25 -2.51813 
vt 7.25093 -2.51239 
vt 7.25304 -2.50807 
vt 7.25531 -2.50531 
vt 15.5425 -6 
vt 14.5 -6 
vt 15.5425 -6.00604 
vt 14.5 -6.00604 
vt 15.5425 -6.01208 
vt 14.5 -6.01208 
vt 15.5425 -6.01813 
vt 14.5 -6.01813 
vt 15.5425 -6.02417 
vt 14.5 -6.02417 
vt 15.5425 -6.03021 
vt 14.5 -6.03021 
vt 15.5425 -6.03625 
vt 14.5 -6.03625 
vt 15.5425 -6 
vt 14.5 -6 
vt 15.5425 -6.00604 
vt 14.5 -6.00604 
vt 15.5425 -6.01208 
vt 14.5 -6.01208 
vt 15.5425 -6.01813 
vt 14.5 -6.01813 
vt 15.5425 -6.02417 
vt 14.5 -6.02417 
vt 15.5425 -6.03021 
vt 14.5 -6.03021 
vt 15.5425 -6.03625 
vt 14.5 -6.03625 

usemtl Part82Mtl

f 2265/2265/2265 2267/2267/2267 2266/2266/2266 
f 2265/2265/2265 2268/2268/2268 2267/2267/2267 
f 2265/2265/2265 2269/2269/2269 2268/2268/2268 
f 2265/2265/2265 2270/2270/2270 2269/2269/2269 
f 2265/2265/2265 2271/2271/2271 2270/2270/2270 
f 2265/2265/2265 2272/2272/2272 2271/2271/2271 
f 2265/2265/2265 2274/2274/2274 2273/2273/2273 
f 2265/2265/2265 2275/2275/2275 2274/2274/2274 
f 2265/2265/2265 2276/2276/2276 2275/2275/2275 
f 2265/2265/2265 2277/2277/2277 2276/2276/2276 
f 2265/2265/2265 2278/2278/2278 2277/2277/2277 
f 2265/2265/2265 2279/2279/2279 2278/2278/2278 
f 2265/2265/2265 2281/2281/2281 2280/2280/2280 
f 2265/2265/2265 2282/2282/2282 2281/2281/2281 
f 2265/2265/2265 2283/2283/2283 2282/2282/2282 
f 2265/2265/2265 2284/2284/2284 2283/2283/2283 
f 2265/2265/2265 2285/2285/2285 2284/2284/2284 
f 2265/2265/2265 2286/2286/2286 2285/2285/2285 
f 2265/2265/2265 2288/2288/2288 2287/2287/2287 
f 2265/2265/2265 2289/2289/2289 2288/2288/2288 
f 2265/2265/2265 2290/2290/2290 2289/2289/2289 
f 2265/2265/2265 2291/2291/2291 2290/2290/2290 
f 2265/2265/2265 2292/2292/2292 2291/2291/2291 
f 2265/2265/2265 2293/2293/2293 2292/2292/2292 
f 2294/2294/2294 2295/2295/2295 2296/2296/2296 
f 2296/2296/2296 2295/2295/2295 2297/2297/2297 
f 2296/2296/2296 2297/2297/2297 2298/2298/2298 
f 2298/2298/2298 2297/2297/2297 2299/2299/2299 
f 2298/2298/2298 2299/2299/2299 2300/2300/2300 
f 2300/2300/2300 2299/2299/2299 2301/2301/2301 
f 2300/2300/2300 2301/2301/2301 2302/2302/2302 
f 2302/2302/2302 2301/2301/2301 2303/2303/2303 
f 2302/2302/2302 2303/2303/2303 2304/2304/2304 
f 2304/2304/2304 2303/2303/2303 2305/2305/2305 
f 2304/2304/2304 2305/2305/2305 2306/2306/2306 
f 2306/2306/2306 2305/2305/2305 2307/2307/2307 
f 2308/2308/2308 2309/2309/2309 2310/2310/2310 
f 2310/2310/2310 2309/2309/2309 2311/2311/2311 
f 2310/2310/2310 2311/2311/2311 2312/2312/2312 
f 2312/2312/2312 2311/2311/2311 2313/2313/2313 
f 2312/2312/2312 2313/2313/2313 2314/2314/2314 
f 2314/2314/2314 2313/2313/2313 2315/2315/2315 
f 2314/2314/2314 2315/2315/2315 2316/2316/2316 
f 2316/2316/2316 2315/2315/2315 2317/2317/2317 
f 2316/2316/2316 2317/2317/2317 2318/2318/2318 
f 2318/2318/2318 2317/2317/2317 2319/2319/2319 
f 2318/2318/2318 2319/2319/2319 2320/2320/2320 
f 2320/2320/2320 2319/2319/2319 2321/2321/2321 
f 2322/2322/2322 2324/2324/2324 2323/2323/2323 
f 2322/2322/2322 2325/2325/2325 2324/2324/2324 
f 2322/2322/2322 2326/2326/2326 2325/2325/2325 
f 2322/2322/2322 2327/2327/2327 2326/2326/2326 
f 2322/2322/2322 2328/2328/2328 2327/2327/2327 
f 2322/2322/2322 2329/2329/2329 2328/2328/2328 
f 2322/2322/2322 2331/2331/2331 2330/2330/2330 
f 2322/2322/2322 2332/2332/2332 2331/2331/2331 
f 2322/2322/2322 2333/2333/2333 2332/2332/2332 
f 2322/2322/2322 2334/2334/2334 2333/2333/2333 
f 2322/2322/2322 2335/2335/2335 2334/2334/2334 
f 2322/2322/2322 2336/2336/2336 2335/2335/2335 
f 2322/2322/2322 2338/2338/2338 2337/2337/2337 
f 2322/2322/2322 2339/2339/2339 2338/2338/2338 
f 2322/2322/2322 2340/2340/2340 2339/2339/2339 
f 2322/2322/2322 2341/2341/2341 2340/2340/2340 
f 2322/2322/2322 2342/2342/2342 2341/2341/2341 
f 2322/2322/2322 2343/2343/2343 2342/2342/2342 
f 2322/2322/2322 2345/2345/2345 2344/2344/2344 
f 2322/2322/2322 2346/2346/2346 2345/2345/2345 
f 2322/2322/2322 2347/2347/2347 2346/2346/2346 
f 2322/2322/2322 2348/2348/2348 2347/2347/2347 
f 2322/2322/2322 2349/2349/2349 2348/2348/2348 
f 2322/2322/2322 2350/2350/2350 2349/2349/2349 
f 2351/2351/2351 2352/2352/2352 2353/2353/2353 
f 2353/2353/2353 2352/2352/2352 2354/2354/2354 
f 2353/2353/2353 2354/2354/2354 2355/2355/2355 
f 2355/2355/2355 2354/2354/2354 2356/2356/2356 
f 2355/2355/2355 2356/2356/2356 2357/2357/2357 
f 2357/2357/2357 2356/2356/2356 2358/2358/2358 
f 2357/2357/2357 2358/2358/2358 2359/2359/2359 
f 2359/2359/2359 2358/2358/2358 2360/2360/2360 
f 2359/2359/2359 2360/2360/2360 2361/2361/2361 
f 2361/2361/2361 2360/2360/2360 2362/2362/2362 
f 2361/2361/2361 2362/2362/2362 2363/2363/2363 
f 2363/2363/2363 2362/2362/2362 2364/2364/2364 
f 2365/2365/2365 2366/2366/2366 2367/2367/2367 
f 2367/2367/2367 2366/2366/2366 2368/2368/2368 
f 2367/2367/2367 2368/2368/2368 2369/2369/2369 
f 2369/2369/2369 2368/2368/2368 2370/2370/2370 
f 2369/2369/2369 2370/2370/2370 2371/2371/2371 
f 2371/2371/2371 2370/2370/2370 2372/2372/2372 
f 2371/2371/2371 2372/2372/2372 2373/2373/2373 
f 2373/2373/2373 2372/2372/2372 2374/2374/2374 
f 2373/2373/2373 2374/2374/2374 2375/2375/2375 
f 2375/2375/2375 2374/2374/2374 2376/2376/2376 
f 2375/2375/2375 2376/2376/2376 2377/2377/2377 
f 2377/2377/2377 2376/2376/2376 2378/2378/2378 

g Triangleb348733098506932

v -31.1348 33.4708 -53.5877 
v -31.1348 33.4708 -53.5877 
v -31.2409 32.8071 -58.7445 
v -33.7159 33.6069 -55.7771 
v -31.1348 33.4708 -53.5877 
v -31.1026 33.6665 -53.6135 
v -33.7159 33.6069 -55.7771 
v -33.6836 33.8026 -55.803 
v -31.1026 33.6665 -53.6135 
v -31.1026 33.6665 -53.6135 
v -33.6836 33.8026 -55.803 
v -31.2087 33.0028 -58.7703 
v -31.2087 33.0028 -58.7703 
v -31.2409 32.8071 -58.7445 
v -33.6836 33.8026 -55.803 
v -33.7159 33.6069 -55.7771 
v -31.1026 33.6665 -53.6135 
v -31.1348 33.4708 -53.5877 
v -31.2087 33.0028 -58.7703 
v -31.2409 32.8071 -58.7445 

vn -0.15748 -0.976378 0.125984 
vn -0.15748 -0.976378 0.125984 
vn -0.15748 -0.976378 0.125984 
vn -0.15748 -0.976378 0.125984 
vn -0.629921 0.204724 0.755906 
vn -0.629921 0.204724 0.755906 
vn -0.629921 0.204724 0.755906 
vn -0.629921 0.204724 0.755906 
vn 0.15748 0.976378 -0.125984 
vn 0.15748 0.976378 -0.125984 
vn 0.15748 0.976378 -0.125984 
vn 0.15748 0.976378 -0.125984 
vn -0.76378 0.0393701 -0.645669 
vn -0.76378 0.0393701 -0.645669 
vn -0.76378 0.0393701 -0.645669 
vn -0.76378 0.0393701 -0.645669 
vn 0.984252 -0.165354 0 
vn 0.984252 -0.165354 0 
vn 0.984252 -0.165354 0 
vn 0.984252 -0.165354 0 

vt 5 -0.25 
vt 5 -0.25 
vt 5.49324 -0.673421 
vt 5 -0.673421 
vt 5.025 -0.25 
vt 5 -0.25 
vt 5.025 -0.673421 
vt 5 -0.673421 
vt 5.49324 -0.25 
vt 5.49324 -0.25 
vt 5.49324 -0.673421 
vt 5 -0.673421 
vt 5.025 -0.25 
vt 5 -0.25 
vt 5.025 -0.743238 
vt 5 -0.743238 
vt 5.025 -0.25 
vt 5 -0.25 
vt 5.025 -0.900053 
vt 5 -0.900053 

usemtl Triangleb348733098506931Mtl

f 2379/2379/2379 2380/2380/2380 2381/2381/2381 
f 2381/2381/2381 2380/2380/2380 2382/2382/2382 
f 2383/2383/2383 2384/2384/2384 2385/2385/2385 
f 2385/2385/2385 2384/2384/2384 2386/2386/2386 
f 2387/2387/2387 2388/2388/2388 2389/2389/2389 
f 2389/2389/2389 2388/2388/2388 2390/2390/2390 
f 2391/2391/2391 2392/2392/2392 2393/2393/2393 
f 2393/2393/2393 2392/2392/2392 2394/2394/2394 
f 2395/2395/2395 2396/2396/2396 2397/2397/2397 
f 2397/2397/2397 2396/2396/2396 2398/2398/2398 

g Triangleb344591923713682

v -31.0712 33.6567 -53.5991 
v -31.0712 33.6567 -53.5991 
v -27.8298 31.9579 -57.0572 
v -28.3858 32.202 -53.1287 
v -31.0712 33.6567 -53.5991 
v -31.1661 33.4807 -53.6016 
v -28.3858 32.202 -53.1287 
v -28.4808 32.026 -53.1312 
v -31.1661 33.4807 -53.6016 
v -31.1661 33.4807 -53.6016 
v -28.4808 32.026 -53.1312 
v -27.9247 31.7819 -57.0597 
v -27.9247 31.7819 -57.0597 
v -27.8298 31.9579 -57.0572 
v -28.4808 32.026 -53.1312 
v -28.3858 32.202 -53.1287 
v -31.1661 33.4807 -53.6016 
v -31.0712 33.6567 -53.5991 
v -27.9247 31.7819 -57.0597 
v -27.8298 31.9579 -57.0572 

vn 0.472441 0.88189 0.015748 
vn 0.472441 0.88189 0.015748 
vn 0.472441 0.88189 0.015748 
vn 0.472441 0.88189 0.015748 
vn -0.141732 0.0629921 0.992126 
vn -0.141732 0.0629921 0.992126 
vn -0.141732 0.0629921 0.992126 
vn -0.141732 0.0629921 0.992126 
vn -0.472441 -0.88189 -0.015748 
vn -0.472441 -0.88189 -0.015748 
vn -0.472441 -0.88189 -0.015748 
vn -0.472441 -0.88189 -0.015748 
vn 0.866142 -0.472441 0.149606 
vn 0.866142 -0.472441 0.149606 
vn 0.866142 -0.472441 0.149606 
vn 0.866142 -0.472441 0.149606 
vn -0.598425 0.330709 -0.724409 
vn -0.598425 0.330709 -0.724409 
vn -0.598425 0.330709 -0.724409 
vn -0.598425 0.330709 -0.724409 

vt 0.75 -0.25 
vt 0.75 -0.25 
vt 1.24689 -0.636257 
vt 0.75 -0.636257 
vt 0.775 -0.25 
vt 0.75 -0.25 
vt 0.775 -0.636257 
vt 0.75 -0.636257 
vt 1.24689 -0.25 
vt 1.24689 -0.25 
vt 1.24689 -0.636257 
vt 0.75 -0.636257 
vt 0.775 -0.25 
vt 0.75 -0.25 
vt 0.775 -0.746894 
vt 0.75 -0.746894 
vt 0.775 -0.25 
vt 0.75 -0.25 
vt 0.775 -0.879363 
vt 0.75 -0.879363 

usemtl Triangleb348733098506931Mtl

f 2399/2399/2399 2400/2400/2400 2401/2401/2401 
f 2401/2401/2401 2400/2400/2400 2402/2402/2402 
f 2403/2403/2403 2404/2404/2404 2405/2405/2405 
f 2405/2405/2405 2404/2404/2404 2406/2406/2406 
f 2407/2407/2407 2408/2408/2408 2409/2409/2409 
f 2409/2409/2409 2408/2408/2408 2410/2410/2410 
f 2411/2411/2411 2412/2412/2412 2413/2413/2413 
f 2413/2413/2413 2412/2412/2412 2414/2414/2414 
f 2415/2415/2415 2416/2416/2416 2417/2417/2417 
f 2417/2417/2417 2416/2416/2416 2418/2418/2418 

g Triangleb341311666965482

v -27.958 31.1896 -49.1669 
v -27.958 31.1896 -49.1669 
v -31.9723 31.9979 -48.527 
v -29.0043 32.0135 -50.6344 
v -27.958 31.1896 -49.1669 
v -28.0055 31.0077 -49.2351 
v -29.0043 32.0135 -50.6344 
v -29.0518 31.8316 -50.7026 
v -28.0055 31.0077 -49.2351 
v -28.0055 31.0077 -49.2351 
v -29.0518 31.8316 -50.7026 
v -32.0198 31.816 -48.5952 
v -32.0198 31.816 -48.5952 
v -31.9723 31.9979 -48.527 
v -29.0518 31.8316 -50.7026 
v -29.0043 32.0135 -50.6344 
v -28.0055 31.0077 -49.2351 
v -27.958 31.1896 -49.1669 
v -32.0198 31.816 -48.5952 
v -31.9723 31.9979 -48.527 

vn 0.23622 0.913386 0.338583 
vn 0.23622 0.913386 0.338583 
vn 0.23622 0.913386 0.338583 
vn 0.23622 0.913386 0.338583 
vn 0.818898 0.00787402 -0.582677 
vn 0.818898 0.00787402 -0.582677 
vn 0.818898 0.00787402 -0.582677 
vn 0.818898 0.00787402 -0.582677 
vn -0.23622 -0.913386 -0.338583 
vn -0.23622 -0.913386 -0.338583 
vn -0.23622 -0.913386 -0.338583 
vn -0.23622 -0.913386 -0.338583 
vn -0.527559 0.417323 -0.740157 
vn -0.527559 0.417323 -0.740157 
vn -0.527559 0.417323 -0.740157 
vn -0.527559 0.417323 -0.740157 
vn 0.0708661 -0.370079 0.929134 
vn 0.0708661 -0.370079 0.929134 
vn 0.0708661 -0.370079 0.929134 
vn 0.0708661 -0.370079 0.929134 

vt 7.25 -0.5 
vt 7.25 -0.5 
vt 7.70502 -0.747714 
vt 7.25 -0.747714 
vt 7.275 -0.5 
vt 7.25 -0.5 
vt 7.275 -0.747714 
vt 7.25 -0.747714 
vt 7.70502 -0.5 
vt 7.70502 -0.5 
vt 7.70502 -0.747714 
vt 7.25 -0.747714 
vt 7.275 -0.5 
vt 7.25 -0.5 
vt 7.275 -0.955019 
vt 7.25 -0.955019 
vt 7.275 -0.5 
vt 7.25 -0.5 
vt 7.275 -1.01808 
vt 7.25 -1.01808 

usemtl Triangleb348733098506931Mtl

f 2419/2419/2419 2420/2420/2420 2421/2421/2421 
f 2421/2421/2421 2420/2420/2420 2422/2422/2422 
f 2423/2423/2423 2424/2424/2424 2425/2425/2425 
f 2425/2425/2425 2424/2424/2424 2426/2426/2426 
f 2427/2427/2427 2428/2428/2428 2429/2429/2429 
f 2429/2429/2429 2428/2428/2428 2430/2430/2430 
f 2431/2431/2431 2432/2432/2432 2433/2433/2433 
f 2433/2433/2433 2432/2432/2432 2434/2434/2434 
f 2435/2435/2435 2436/2436/2436 2437/2437/2437 
f 2437/2437/2437 2436/2436/2436 2438/2438/2438 

g Triangleb334486351490022

v -31.1133 33.6659 -53.5779 
v -31.1133 33.6659 -53.5779 
v -35.4133 33.1074 -50.2181 
v -35.372 33.8905 -53.5779 
v -31.1133 33.6659 -53.5779 
v -31.1236 33.4714 -53.6234 
v -35.372 33.8905 -53.5779 
v -35.3822 33.696 -53.6234 
v -31.1236 33.4714 -53.6234 
v -31.1236 33.4714 -53.6234 
v -35.3822 33.696 -53.6234 
v -35.4235 32.9129 -50.2635 
v -35.4235 32.9129 -50.2635 
v -35.4133 33.1074 -50.2181 
v -35.3822 33.696 -53.6234 
v -35.372 33.8905 -53.5779 
v -31.1236 33.4714 -53.6234 
v -31.1133 33.6659 -53.5779 
v -35.4235 32.9129 -50.2635 
v -35.4133 33.1074 -50.2181 

vn 0.0551181 0.976378 0.228346 
vn 0.0551181 0.976378 0.228346 
vn 0.0551181 0.976378 0.228346 
vn 0.0551181 0.976378 0.228346 
vn 0.015748 0.228346 -0.976378 
vn 0.015748 0.228346 -0.976378 
vn 0.015748 0.228346 -0.976378 
vn 0.015748 0.228346 -0.976378 
vn -0.0551181 -0.976378 -0.228346 
vn -0.0551181 -0.976378 -0.228346 
vn -0.0551181 -0.976378 -0.228346 
vn -0.0551181 -0.976378 -0.228346 
vn -1 0.0551181 0 
vn -1 0.0551181 0 
vn -1 0.0551181 0 
vn -1 0.0551181 0 
vn 0.622047 -0.212598 0.755906 
vn 0.622047 -0.212598 0.755906 
vn 0.622047 -0.212598 0.755906 
vn 0.622047 -0.212598 0.755906 

vt 1.75 -5.5 
vt 1.75 -5.5 
vt 2.18127 -6.03307 
vt 1.75 -6.03307 
vt 1.775 -5.5 
vt 1.75 -5.5 
vt 1.775 -6.03307 
vt 1.75 -6.03307 
vt 2.18127 -5.5 
vt 2.18127 -5.5 
vt 2.18127 -6.03307 
vt 1.75 -6.03307 
vt 1.775 -5.5 
vt 1.75 -5.5 
vt 1.775 -5.93127 
vt 1.75 -5.93127 
vt 1.775 -5.5 
vt 1.75 -5.5 
vt 1.775 -6.18568 
vt 1.75 -6.18568 

usemtl Triangleb348733098506931Mtl

f 2439/2439/2439 2440/2440/2440 2441/2441/2441 
f 2441/2441/2441 2440/2440/2440 2442/2442/2442 
f 2443/2443/2443 2444/2444/2444 2445/2445/2445 
f 2445/2445/2445 2444/2444/2444 2446/2446/2446 
f 2447/2447/2447 2448/2448/2448 2449/2449/2449 
f 2449/2449/2449 2448/2448/2448 2450/2450/2450 
f 2451/2451/2451 2452/2452/2452 2453/2453/2453 
f 2453/2453/2453 2452/2452/2452 2454/2454/2454 
f 2455/2455/2455 2456/2456/2456 2457/2457/2457 
f 2457/2457/2457 2456/2456/2456 2458/2458/2458 

g Triangleb330586158752442

v -36.9429 33.9759 -53.6006 
v -36.9429 33.9759 -53.6006 
v -35.2551 33.8869 -57.1139 
v -35.2551 33.8869 -53.6006 
v -36.9429 33.9759 -53.6006 
v -36.9534 33.7762 -53.6006 
v -35.2551 33.8869 -53.6006 
v -35.2656 33.6872 -53.6006 
v -36.9534 33.7762 -53.6006 
v -36.9534 33.7762 -53.6006 
v -35.2656 33.6872 -53.6006 
v -35.2656 33.6872 -57.1139 
v -35.2656 33.6872 -57.1139 
v -35.2551 33.8869 -57.1139 
v -35.2656 33.6872 -53.6006 
v -35.2551 33.8869 -53.6006 
v -36.9534 33.7762 -53.6006 
v -36.9429 33.9759 -53.6006 
v -35.2656 33.6872 -57.1139 
v -35.2551 33.8869 -57.1139 

vn 0.0551181 1 0 
vn 0.0551181 1 0 
vn 0.0551181 1 0 
vn 0.0551181 1 0 
vn 0 0 1 
vn 0 0 1 
vn 0 0 1 
vn 0 0 1 
vn -0.0551181 -1 0 
vn -0.0551181 -1 0 
vn -0.0551181 -1 0 
vn -0.0551181 -1 0 
vn 1 -0.0551181 0 
vn 1 -0.0551181 0 
vn 1 -0.0551181 0 
vn 1 -0.0551181 0 
vn -0.897638 0.0472441 -0.433071 
vn -0.897638 0.0472441 -0.433071 
vn -0.897638 0.0472441 -0.433071 
vn -0.897638 0.0472441 -0.433071 

vt 1 -4.75 
vt 1 -4.75 
vt 1.43917 -4.96127 
vt 1 -4.96127 
vt 1.025 -4.75 
vt 1 -4.75 
vt 1.025 -4.96127 
vt 1 -4.96127 
vt 1.43917 -4.75 
vt 1.43917 -4.75 
vt 1.43917 -4.96127 
vt 1 -4.96127 
vt 1.025 -4.75 
vt 1 -4.75 
vt 1.025 -5.18917 
vt 1 -5.18917 
vt 1.025 -4.75 
vt 1 -4.75 
vt 1.025 -5.23734 
vt 1 -5.23734 

usemtl Triangleb330586158752441Mtl

f 2459/2459/2459 2460/2460/2460 2461/2461/2461 
f 2461/2461/2461 2460/2460/2460 2462/2462/2462 
f 2463/2463/2463 2464/2464/2464 2465/2465/2465 
f 2465/2465/2465 2464/2464/2464 2466/2466/2466 
f 2467/2467/2467 2468/2468/2468 2469/2469/2469 
f 2469/2469/2469 2468/2468/2468 2470/2470/2470 
f 2471/2471/2471 2472/2472/2472 2473/2473/2473 
f 2473/2473/2473 2472/2472/2472 2474/2474/2474 
f 2475/2475/2475 2476/2476/2476 2477/2477/2477 
f 2477/2477/2477 2476/2476/2476 2478/2478/2478 

g Triangleb319809564590452

v -35.4321 32.9168 -50.2739 
v -35.4321 32.9168 -50.2739 
v -32.0098 31.8137 -48.5943 
v -34.2236 33.0738 -51.2182 
v -35.4321 32.9168 -50.2739 
v -35.4045 33.1035 -50.2075 
v -34.2236 33.0738 -51.2182 
v -34.196 33.2605 -51.1518 
v -35.4045 33.1035 -50.2075 
v -35.4045 33.1035 -50.2075 
v -34.196 33.2605 -51.1518 
v -31.9822 32.0004 -48.528 
v -31.9822 32.0004 -48.528 
v -32.0098 31.8137 -48.5943 
v -34.196 33.2605 -51.1518 
v -34.2236 33.0738 -51.2182 
v -35.4045 33.1035 -50.2075 
v -35.4321 32.9168 -50.2739 
v -31.9822 32.0004 -48.528 
v -32.0098 31.8137 -48.5943 

vn -0.141732 -0.937008 -0.330709 
vn -0.141732 -0.937008 -0.330709 
vn -0.141732 -0.937008 -0.330709 
vn -0.141732 -0.937008 -0.330709 
vn -0.606299 0.346457 -0.716535 
vn -0.606299 0.346457 -0.716535 
vn -0.606299 0.346457 -0.716535 
vn -0.606299 0.346457 -0.716535 
vn 0.141732 0.937008 0.330709 
vn 0.141732 0.937008 0.330709 
vn 0.141732 0.937008 0.330709 
vn 0.141732 0.937008 0.330709 
vn 0.787402 0.102362 -0.614173 
vn 0.787402 0.102362 -0.614173 
vn 0.787402 0.102362 -0.614173 
vn 0.787402 0.102362 -0.614173 
vn -0.488189 -0.228346 0.84252 
vn -0.488189 -0.228346 0.84252 
vn -0.488189 -0.228346 0.84252 
vn -0.488189 -0.228346 0.84252 

vt 0.5 -5.5 
vt 0.5 -5.5 
vt 0.957122 -5.69271 
vt 0.5 -5.69271 
vt 0.525 -5.5 
vt 0.5 -5.5 
vt 0.525 -5.69271 
vt 0.5 -5.69271 
vt 0.957122 -5.5 
vt 0.957122 -5.5 
vt 0.957122 -5.69271 
vt 0.5 -5.69271 
vt 0.525 -5.5 
vt 0.5 -5.5 
vt 0.525 -5.95712 
vt 0.5 -5.95712 
vt 0.525 -5.5 
vt 0.5 -5.5 
vt 0.525 -5.99608 
vt 0.5 -5.99608 

usemtl Triangleb330586158752441Mtl

f 2479/2479/2479 2480/2480/2480 2481/2481/2481 
f 2481/2481/2481 2480/2480/2480 2482/2482/2482 
f 2483/2483/2483 2484/2484/2484 2485/2485/2485 
f 2485/2485/2485 2484/2484/2484 2486/2486/2486 
f 2487/2487/2487 2488/2488/2488 2489/2489/2489 
f 2489/2489/2489 2488/2488/2488 2490/2490/2490 
f 2491/2491/2491 2492/2492/2492 2493/2493/2493 
f 2493/2493/2493 2492/2492/2492 2494/2494/2494 
f 2495/2495/2495 2496/2496/2496 2497/2497/2497 
f 2497/2497/2497 2496/2496/2496 2498/2498/2498 

g Triangleb313428308486942

v -28.0264 31.0109 -49.2187 
v -28.0264 31.0109 -49.2187 
v -26.3299 30.8625 -52.7714 
v -28.91 31.7066 -50.458 
v -28.0264 31.0109 -49.2187 
v -27.9375 31.1865 -49.1835 
v -28.91 31.7066 -50.458 
v -28.821 31.8823 -50.4228 
v -27.9375 31.1865 -49.1835 
v -27.9375 31.1865 -49.1835 
v -28.821 31.8823 -50.4228 
v -26.2409 31.0382 -52.7363 
v -26.2409 31.0382 -52.7363 
v -26.3299 30.8625 -52.7714 
v -28.821 31.8823 -50.4228 
v -28.91 31.7066 -50.458 
v -27.9375 31.1865 -49.1835 
v -28.0264 31.0109 -49.2187 
v -26.2409 31.0382 -52.7363 
v -26.3299 30.8625 -52.7714 

vn -0.448819 -0.88189 -0.173228 
vn -0.448819 -0.88189 -0.173228 
vn -0.448819 -0.88189 -0.173228 
vn -0.448819 -0.88189 -0.173228 
vn -0.724409 0.23622 0.645669 
vn -0.724409 0.23622 0.645669 
vn -0.724409 0.23622 0.645669 
vn -0.724409 0.23622 0.645669 
vn 0.448819 0.88189 0.173228 
vn 0.448819 0.88189 0.173228 
vn 0.448819 0.88189 0.173228 
vn 0.448819 0.88189 0.173228 
vn -0.527559 0.417323 -0.740157 
vn -0.527559 0.417323 -0.740157 
vn -0.527559 0.417323 -0.740157 
vn -0.527559 0.417323 -0.740157 
vn 0.787402 -0.480315 0.393701 
vn 0.787402 -0.480315 0.393701 
vn 0.787402 -0.480315 0.393701 
vn 0.787402 -0.480315 0.393701 

vt 7.25 -1.25 
vt 7.25 -1.25 
vt 7.69584 -1.45918 
vt 7.25 -1.45918 
vt 7.275 -1.25 
vt 7.25 -1.25 
vt 7.275 -1.45918 
vt 7.25 -1.45918 
vt 7.69584 -1.25 
vt 7.69584 -1.25 
vt 7.69584 -1.45918 
vt 7.25 -1.45918 
vt 7.275 -1.25 
vt 7.25 -1.25 
vt 7.275 -1.69584 
vt 7.25 -1.69584 
vt 7.275 -1.25 
vt 7.25 -1.25 
vt 7.275 -1.74248 
vt 7.25 -1.74248 

usemtl Triangleb330586158752441Mtl

f 2499/2499/2499 2500/2500/2500 2501/2501/2501 
f 2501/2501/2501 2500/2500/2500 2502/2502/2502 
f 2503/2503/2503 2504/2504/2504 2505/2505/2505 
f 2505/2505/2505 2504/2504/2504 2506/2506/2506 
f 2507/2507/2507 2508/2508/2508 2509/2509/2509 
f 2509/2509/2509 2508/2508/2508 2510/2510/2510 
f 2511/2511/2511 2512/2512/2512 2513/2513/2513 
f 2513/2513/2513 2512/2512/2512 2514/2514/2514 
f 2515/2515/2515 2516/2516/2516 2517/2517/2517 
f 2517/2517/2517 2516/2516/2516 2518/2518/2518 

g Triangleb307557953834532

v -31.1896 32.9977 -58.7701 
v -31.1896 32.9977 -58.7701 
v -27.842 31.9627 -57.0713 
v -31.1565 33.2046 -57.1629 
v -31.1896 32.9977 -58.7701 
v -31.2598 32.8122 -58.7447 
v -31.1565 33.2046 -57.1629 
v -31.2267 33.019 -57.1376 
v -31.2598 32.8122 -58.7447 
v -31.2598 32.8122 -58.7447 
v -31.2267 33.019 -57.1376 
v -27.9122 31.7771 -57.046 
v -27.9122 31.7771 -57.046 
v -27.842 31.9627 -57.0713 
v -31.2267 33.019 -57.1376 
v -31.1565 33.2046 -57.1629 
v -31.2598 32.8122 -58.7447 
v -31.1896 32.9977 -58.7701 
v -27.9122 31.7771 -57.046 
v -27.842 31.9627 -57.0713 

vn 0.354331 0.929134 -0.125984 
vn 0.354331 0.929134 -0.125984 
vn 0.354331 0.929134 -0.125984 
vn 0.354331 0.929134 -0.125984 
vn -0.937008 0.354331 -0.023622 
vn -0.937008 0.354331 -0.023622 
vn -0.937008 0.354331 -0.023622 
vn -0.937008 0.354331 -0.023622 
vn -0.354331 -0.929134 0.125984 
vn -0.354331 -0.929134 0.125984 
vn -0.354331 -0.929134 0.125984 
vn -0.354331 -0.929134 0.125984 
vn 0.023622 0.125984 0.992126 
vn 0.023622 0.125984 0.992126 
vn 0.023622 0.125984 0.992126 
vn 0.023622 0.125984 0.992126 
vn 0.370079 -0.259843 -0.889764 
vn 0.370079 -0.259843 -0.889764 
vn 0.370079 -0.259843 -0.889764 
vn 0.370079 -0.259843 -0.889764 

vt 3.25 -3 
vt 3.25 -3 
vt 3.69258 -3.2026 
vt 3.25 -3.2026 
vt 3.275 -3 
vt 3.25 -3 
vt 3.275 -3.2026 
vt 3.25 -3.2026 
vt 3.69258 -3 
vt 3.69258 -3 
vt 3.69258 -3.2026 
vt 3.25 -3.2026 
vt 3.275 -3 
vt 3.25 -3 
vt 3.275 -3.44258 
vt 3.25 -3.44258 
vt 3.275 -3 
vt 3.25 -3 
vt 3.275 -3.48675 
vt 3.25 -3.48675 

usemtl Triangleb330586158752441Mtl

f 2519/2519/2519 2520/2520/2520 2521/2521/2521 
f 2521/2521/2521 2520/2520/2520 2522/2522/2522 
f 2523/2523/2523 2524/2524/2524 2525/2525/2525 
f 2525/2525/2525 2524/2524/2524 2526/2526/2526 
f 2527/2527/2527 2528/2528/2528 2529/2529/2529 
f 2529/2529/2529 2528/2528/2528 2530/2530/2530 
f 2531/2531/2531 2532/2532/2532 2533/2533/2533 
f 2533/2533/2533 2532/2532/2532 2534/2534/2534 
f 2535/2535/2535 2536/2536/2536 2537/2537/2537 
f 2537/2537/2537 2536/2536/2536 2538/2538/2538 

g Trianglea348732688665392

v -35.2442 33.8849 -57.1267 
v -35.2442 33.8849 -57.1267 
v -31.2086 33.0028 -58.7701 
v -33.6835 33.8026 -55.8028 
v -35.2442 33.8849 -57.1267 
v -35.2765 33.6892 -57.1008 
v -33.6835 33.8026 -55.8028 
v -33.7158 33.6069 -55.7769 
v -35.2765 33.6892 -57.1008 
v -35.2765 33.6892 -57.1008 
v -33.7158 33.6069 -55.7769 
v -31.2409 32.8071 -58.7443 
v -31.2409 32.8071 -58.7443 
v -31.2086 33.0028 -58.7701 
v -33.7158 33.6069 -55.7769 
v -33.6835 33.8026 -55.8028 
v -35.2765 33.6892 -57.1008 
v -35.2442 33.8849 -57.1267 
v -31.2409 32.8071 -58.7443 
v -31.2086 33.0028 -58.7701 

vn 0.15748 0.976378 -0.125984 
vn 0.15748 0.976378 -0.125984 
vn 0.15748 0.976378 -0.125984 
vn 0.15748 0.976378 -0.125984 
vn -0.629921 0.204724 0.755906 
vn -0.629921 0.204724 0.755906 
vn -0.629921 0.204724 0.755906 
vn -0.629921 0.204724 0.755906 
vn -0.15748 -0.976378 0.125984 
vn -0.15748 -0.976378 0.125984 
vn -0.15748 -0.976378 0.125984 
vn -0.15748 -0.976378 0.125984 
vn 0.76378 -0.0393701 0.645669 
vn 0.76378 -0.0393701 0.645669 
vn 0.76378 -0.0393701 0.645669 
vn 0.76378 -0.0393701 0.645669 
vn -0.385827 -0.0551181 -0.92126 
vn -0.385827 -0.0551181 -0.92126 
vn -0.385827 -0.0551181 -0.92126 
vn -0.385827 -0.0551181 -0.92126 

vt 0 -2 
vt 0 -2 
vt 0.493238 -2.25603 
vt 0 -2.25603 
vt 0.025 -2 
vt 0 -2 
vt 0.025 -2.25603 
vt 0 -2.25603 
vt 0.493238 -2 
vt 0.493238 -2 
vt 0.493238 -2.25603 
vt 0 -2.25603 
vt 0.025 -2 
vt 0 -2 
vt 0.025 -2.49324 
vt 0 -2.49324 
vt 0.025 -2 
vt 0 -2 
vt 0.025 -2.55573 
vt 0 -2.55573 

usemtl Triangleb348733098506931Mtl

f 2539/2539/2539 2540/2540/2540 2541/2541/2541 
f 2541/2541/2541 2540/2540/2540 2542/2542/2542 
f 2543/2543/2543 2544/2544/2544 2545/2545/2545 
f 2545/2545/2545 2544/2544/2544 2546/2546/2546 
f 2547/2547/2547 2548/2548/2548 2549/2549/2549 
f 2549/2549/2549 2548/2548/2548 2550/2550/2550 
f 2551/2551/2551 2552/2552/2552 2553/2553/2553 
f 2553/2553/2553 2552/2552/2552 2554/2554/2554 
f 2555/2555/2555 2556/2556/2556 2557/2557/2557 
f 2557/2557/2557 2556/2556/2556 2558/2558/2558 

g Trianglea344591493129732

v -26.3327 30.8624 -52.755 
v -26.3327 30.8624 -52.755 
v -27.9246 31.782 -57.0598 
v -28.4807 32.026 -53.1314 
v -26.3327 30.8624 -52.755 
v -26.2378 31.0384 -52.7525 
v -28.4807 32.026 -53.1314 
v -28.3857 32.202 -53.1289 
v -26.2378 31.0384 -52.7525 
v -26.2378 31.0384 -52.7525 
v -28.3857 32.202 -53.1289 
v -27.8297 31.958 -57.0573 
v -27.8297 31.958 -57.0573 
v -27.9246 31.782 -57.0598 
v -28.3857 32.202 -53.1289 
v -28.4807 32.026 -53.1314 
v -26.2378 31.0384 -52.7525 
v -26.3327 30.8624 -52.755 
v -27.8297 31.958 -57.0573 
v -27.9246 31.782 -57.0598 

vn -0.472441 -0.88189 -0.015748 
vn -0.472441 -0.88189 -0.015748 
vn -0.472441 -0.88189 -0.015748 
vn -0.472441 -0.88189 -0.015748 
vn -0.141732 0.0629921 0.992126 
vn -0.141732 0.0629921 0.992126 
vn -0.141732 0.0629921 0.992126 
vn -0.141732 0.0629921 0.992126 
vn 0.472441 0.88189 0.015748 
vn 0.472441 0.88189 0.015748 
vn 0.472441 0.88189 0.015748 
vn 0.472441 0.88189 0.015748 
vn -0.866142 0.472441 -0.149606 
vn -0.866142 0.472441 -0.149606 
vn -0.866142 0.472441 -0.149606 
vn -0.866142 0.472441 -0.149606 
vn 0.811024 -0.433071 -0.393701 
vn 0.811024 -0.433071 -0.393701 
vn 0.811024 -0.433071 -0.393701 
vn 0.811024 -0.433071 -0.393701 

vt 1.75 -4 
vt 1.75 -4 
vt 2.24689 -4.30897 
vt 1.75 -4.30897 
vt 1.775 -4 
vt 1.75 -4 
vt 1.775 -4.30897 
vt 1.75 -4.30897 
vt 2.24689 -4 
vt 2.24689 -4 
vt 2.24689 -4.30897 
vt 1.75 -4.30897 
vt 1.775 -4 
vt 1.75 -4 
vt 1.775 -4.49689 
vt 1.75 -4.49689 
vt 1.775 -4 
vt 1.75 -4 
vt 1.775 -4.58512 
vt 1.75 -4.58512 

usemtl Triangleb348733098506931Mtl

f 2559/2559/2559 2560/2560/2560 2561/2561/2561 
f 2561/2561/2561 2560/2560/2560 2562/2562/2562 
f 2563/2563/2563 2564/2564/2564 2565/2565/2565 
f 2565/2565/2565 2564/2564/2564 2566/2566/2566 
f 2567/2567/2567 2568/2568/2568 2569/2569/2569 
f 2569/2569/2569 2568/2568/2568 2570/2570/2570 
f 2571/2571/2571 2572/2572/2572 2573/2573/2573 
f 2573/2573/2573 2572/2572/2572 2574/2574/2574 
f 2575/2575/2575 2576/2576/2576 2577/2577/2577 
f 2577/2577/2577 2576/2576/2576 2578/2578/2578 

g Trianglea34131129121782

v -31.1422 33.4777 -53.6347 
v -31.1422 33.4777 -53.6347 
v -32.0198 31.816 -48.5953 
v -29.0518 31.8316 -50.7027 
v -31.1422 33.4777 -53.6347 
v -31.0947 33.6596 -53.5664 
v -29.0518 31.8316 -50.7027 
v -29.0043 32.0135 -50.6345 
v -31.0947 33.6596 -53.5664 
v -31.0947 33.6596 -53.5664 
v -29.0043 32.0135 -50.6345 
v -31.9723 31.9979 -48.5271 
v -31.9723 31.9979 -48.5271 
v -32.0198 31.816 -48.5953 
v -29.0043 32.0135 -50.6345 
v -29.0518 31.8316 -50.7027 
v -31.0947 33.6596 -53.5664 
v -31.1422 33.4777 -53.6347 
v -31.9723 31.9979 -48.5271 
v -32.0198 31.816 -48.5953 

vn -0.23622 -0.913386 -0.338583 
vn -0.23622 -0.913386 -0.338583 
vn -0.23622 -0.913386 -0.338583 
vn -0.23622 -0.913386 -0.338583 
vn 0.818898 0.00787402 -0.582677 
vn 0.818898 0.00787402 -0.582677 
vn 0.818898 0.00787402 -0.582677 
vn 0.818898 0.00787402 -0.582677 
vn 0.23622 0.913386 0.338583 
vn 0.23622 0.913386 0.338583 
vn 0.23622 0.913386 0.338583 
vn 0.23622 0.913386 0.338583 
vn 0.527559 -0.417323 0.740157 
vn 0.527559 -0.417323 0.740157 
vn 0.527559 -0.417323 0.740157 
vn 0.527559 -0.417323 0.740157 
vn -0.96063 0.275591 -0.0787402 
vn -0.96063 0.275591 -0.0787402 
vn -0.96063 0.275591 -0.0787402 
vn -0.96063 0.275591 -0.0787402 

vt 1.75 0.75 
vt 1.75 0.75 
vt 2.20502 0.255089 
vt 1.75 0.255089 
vt 1.775 0.75 
vt 1.75 0.75 
vt 1.775 0.255089 
vt 1.75 0.255089 
vt 2.20502 0.75 
vt 2.20502 0.75 
vt 2.20502 0.255089 
vt 1.75 0.255089 
vt 1.775 0.75 
vt 1.75 0.75 
vt 1.775 0.294981 
vt 1.75 0.294981 
vt 1.775 0.75 
vt 1.75 0.75 
vt 1.775 0.0777063 
vt 1.75 0.0777063 

usemtl Triangleb348733098506931Mtl

f 2579/2579/2579 2580/2580/2580 2581/2581/2581 
f 2581/2581/2581 2580/2580/2580 2582/2582/2582 
f 2583/2583/2583 2584/2584/2584 2585/2585/2585 
f 2585/2585/2585 2584/2584/2584 2586/2586/2586 
f 2587/2587/2587 2588/2588/2588 2589/2589/2589 
f 2589/2589/2589 2588/2588/2588 2590/2590/2590 
f 2591/2591/2591 2592/2592/2592 2593/2593/2593 
f 2593/2593/2593 2592/2592/2592 2594/2594/2594 
f 2595/2595/2595 2596/2596/2596 2597/2597/2597 
f 2597/2597/2597 2596/2596/2596 2598/2598/2598 

g Trianglea33448599195482

v -36.9532 33.7788 -53.6234 
v -36.9532 33.7788 -53.6234 
v -35.4235 32.9129 -50.2635 
v -35.3822 33.696 -53.6234 
v -36.9532 33.7788 -53.6234 
v -36.9429 33.9733 -53.5779 
v -35.3822 33.696 -53.6234 
v -35.372 33.8905 -53.5779 
v -36.9429 33.9733 -53.5779 
v -36.9429 33.9733 -53.5779 
v -35.372 33.8905 -53.5779 
v -35.4133 33.1074 -50.2181 
v -35.4133 33.1074 -50.2181 
v -35.4235 32.9129 -50.2635 
v -35.372 33.8905 -53.5779 
v -35.3822 33.696 -53.6234 
v -36.9429 33.9733 -53.5779 
v -36.9532 33.7788 -53.6234 
v -35.4133 33.1074 -50.2181 
v -35.4235 32.9129 -50.2635 

vn -0.0551181 -0.976378 -0.228346 
vn -0.0551181 -0.976378 -0.228346 
vn -0.0551181 -0.976378 -0.228346 
vn -0.0551181 -0.976378 -0.228346 
vn 0.015748 0.228346 -0.976378 
vn 0.015748 0.228346 -0.976378 
vn 0.015748 0.228346 -0.976378 
vn 0.015748 0.228346 -0.976378 
vn 0.0551181 0.976378 0.228346 
vn 0.0551181 0.976378 0.228346 
vn 0.0551181 0.976378 0.228346 
vn 0.0551181 0.976378 0.228346 
vn 1 -0.0551181 0 
vn 1 -0.0551181 0 
vn 1 -0.0551181 0 
vn 1 -0.0551181 0 
vn -0.913386 -0.0472441 0.401575 
vn -0.913386 -0.0472441 0.401575 
vn -0.913386 -0.0472441 0.401575 
vn -0.913386 -0.0472441 0.401575 

vt 4.75 -1.25 
vt 4.75 -1.25 
vt 5.18127 -1.44664 
vt 4.75 -1.44664 
vt 4.775 -1.25 
vt 4.75 -1.25 
vt 4.775 -1.44664 
vt 4.75 -1.44664 
vt 5.18127 -1.25 
vt 5.18127 -1.25 
vt 5.18127 -1.44664 
vt 4.75 -1.44664 
vt 4.775 -1.25 
vt 4.75 -1.25 
vt 4.775 -1.68127 
vt 4.75 -1.68127 
vt 4.775 -1.25 
vt 4.75 -1.25 
vt 4.775 -1.72398 
vt 4.75 -1.72398 

usemtl Triangleb348733098506931Mtl

f 2599/2599/2599 2600/2600/2600 2601/2601/2601 
f 2601/2601/2601 2600/2600/2600 2602/2602/2602 
f 2603/2603/2603 2604/2604/2604 2605/2605/2605 
f 2605/2605/2605 2604/2604/2604 2606/2606/2606 
f 2607/2607/2607 2608/2608/2608 2609/2609/2609 
f 2609/2609/2609 2608/2608/2608 2610/2610/2610 
f 2611/2611/2611 2612/2612/2612 2613/2613/2613 
f 2613/2613/2613 2612/2612/2612 2614/2614/2614 
f 2615/2615/2615 2616/2616/2616 2617/2617/2617 
f 2617/2617/2617 2616/2616/2616 2618/2618/2618 

g Trianglea330585768938062

v -31.1238 33.4688 -53.6007 
v -31.1238 33.4688 -53.6007 
v -35.2656 33.6872 -57.114 
v -35.2656 33.6872 -53.6007 
v -31.1238 33.4688 -53.6007 
v -31.1133 33.6685 -53.6007 
v -35.2656 33.6872 -53.6007 
v -35.2551 33.8869 -53.6007 
v -31.1133 33.6685 -53.6007 
v -31.1133 33.6685 -53.6007 
v -35.2551 33.8869 -53.6007 
v -35.2551 33.8869 -57.114 
v -35.2551 33.8869 -57.114 
v -35.2656 33.6872 -57.114 
v -35.2551 33.8869 -53.6007 
v -35.2656 33.6872 -53.6007 
v -31.1133 33.6685 -53.6007 
v -31.1238 33.4688 -53.6007 
v -35.2551 33.8869 -57.114 
v -35.2656 33.6872 -57.114 

vn -0.0551181 -1 0 
vn -0.0551181 -1 0 
vn -0.0551181 -1 0 
vn -0.0551181 -1 0 
vn 0 0 1 
vn 0 0 1 
vn 0 0 1 
vn 0 0 1 
vn 0.0551181 1 0 
vn 0.0551181 1 0 
vn 0.0551181 1 0 
vn 0.0551181 1 0 
vn -1 0.0551181 0 
vn -1 0.0551181 0 
vn -1 0.0551181 0 
vn -1 0.0551181 0 
vn 0.645669 -0.0314961 -0.76378 
vn 0.645669 -0.0314961 -0.76378 
vn 0.645669 -0.0314961 -0.76378 
vn 0.645669 -0.0314961 -0.76378 

vt 4.5 -1.5 
vt 4.5 -1.5 
vt 4.93917 -2.01844 
vt 4.5 -2.01844 
vt 4.525 -1.5 
vt 4.5 -1.5 
vt 4.525 -2.01844 
vt 4.5 -2.01844 
vt 4.93917 -1.5 
vt 4.93917 -1.5 
vt 4.93917 -2.01844 
vt 4.5 -2.01844 
vt 4.525 -1.5 
vt 4.5 -1.5 
vt 4.525 -1.93917 
vt 4.5 -1.93917 
vt 4.525 -1.5 
vt 4.5 -1.5 
vt 4.525 -2.17945 
vt 4.5 -2.17945 

usemtl Triangleb330586158752441Mtl

f 2619/2619/2619 2620/2620/2620 2621/2621/2621 
f 2621/2621/2621 2620/2620/2620 2622/2622/2622 
f 2623/2623/2623 2624/2624/2624 2625/2625/2625 
f 2625/2625/2625 2624/2624/2624 2626/2626/2626 
f 2627/2627/2627 2628/2628/2628 2629/2629/2629 
f 2629/2629/2629 2628/2628/2628 2630/2630/2630 
f 2631/2631/2631 2632/2632/2632 2633/2633/2633 
f 2633/2633/2633 2632/2632/2632 2634/2634/2634 
f 2635/2635/2635 2636/2636/2636 2637/2637/2637 
f 2637/2637/2637 2636/2636/2636 2638/2638/2638 

g Trianglea319809214353562

v -31.1047 33.662 -53.5674 
v -31.1047 33.662 -53.5674 
v -31.9822 32.0003 -48.528 
v -34.1961 33.2604 -51.1518 
v -31.1047 33.662 -53.5674 
v -31.1323 33.4753 -53.6337 
v -34.1961 33.2604 -51.1518 
v -34.2237 33.0738 -51.2182 
v -31.1323 33.4753 -53.6337 
v -31.1323 33.4753 -53.6337 
v -34.2237 33.0738 -51.2182 
v -32.0098 31.8137 -48.5944 
v -32.0098 31.8137 -48.5944 
v -31.9822 32.0003 -48.528 
v -34.2237 33.0738 -51.2182 
v -34.1961 33.2604 -51.1518 
v -31.1323 33.4753 -53.6337 
v -31.1047 33.662 -53.5674 
v -32.0098 31.8137 -48.5944 
v -31.9822 32.0003 -48.528 

vn 0.141732 0.937008 0.330709 
vn 0.141732 0.937008 0.330709 
vn 0.141732 0.937008 0.330709 
vn 0.141732 0.937008 0.330709 
vn -0.606299 0.346457 -0.716535 
vn -0.606299 0.346457 -0.716535 
vn -0.606299 0.346457 -0.716535 
vn -0.606299 0.346457 -0.716535 
vn -0.141732 -0.937008 -0.330709 
vn -0.141732 -0.937008 -0.330709 
vn -0.141732 -0.937008 -0.330709 
vn -0.141732 -0.937008 -0.330709 
vn -0.787402 -0.102362 0.614173 
vn -0.787402 -0.102362 0.614173 
vn -0.787402 -0.102362 0.614173 
vn -0.787402 -0.102362 0.614173 
vn 0.976378 -0.181102 0.110236 
vn 0.976378 -0.181102 0.110236 
vn 0.976378 -0.181102 0.110236 
vn 0.976378 -0.181102 0.110236 

vt 5.5 0 
vt 5.5 0 
vt 5.95712 -0.492969 
vt 5.5 -0.492969 
vt 5.525 0 
vt 5.5 0 
vt 5.525 -0.492969 
vt 5.5 -0.492969 
vt 5.95712 0 
vt 5.95712 0 
vt 5.95712 -0.492969 
vt 5.5 -0.492969 
vt 5.525 0 
vt 5.5 0 
vt 5.525 -0.457122 
vt 5.5 -0.457122 
vt 5.525 0 
vt 5.5 0 
vt 5.525 -0.672294 
vt 5.5 -0.672294 

usemtl Triangleb330586158752441Mtl

f 2639/2639/2639 2640/2640/2640 2641/2641/2641 
f 2641/2641/2641 2640/2640/2640 2642/2642/2642 
f 2643/2643/2643 2644/2644/2644 2645/2645/2645 
f 2645/2645/2645 2644/2644/2644 2646/2646/2646 
f 2647/2647/2647 2648/2648/2648 2649/2649/2649 
f 2649/2649/2649 2648/2648/2648 2650/2650/2650 
f 2651/2651/2651 2652/2652/2652 2653/2653/2653 
f 2653/2653/2653 2652/2652/2652 2654/2654/2654 
f 2655/2655/2655 2656/2656/2656 2657/2657/2657 
f 2657/2657/2657 2656/2656/2656 2658/2658/2658 

g Trianglea313427897930152

v -31.0741 33.6564 -53.583 
v -31.0741 33.6564 -53.583 
v -26.2408 31.0381 -52.7362 
v -28.8209 31.8822 -50.4228 
v -31.0741 33.6564 -53.583 
v -31.163 33.4808 -53.6182 
v -28.8209 31.8822 -50.4228 
v -28.9099 31.7066 -50.4579 
v -31.163 33.4808 -53.6182 
v -31.163 33.4808 -53.6182 
v -28.9099 31.7066 -50.4579 
v -26.3297 30.8625 -52.7714 
v -26.3297 30.8625 -52.7714 
v -26.2408 31.0381 -52.7362 
v -28.9099 31.7066 -50.4579 
v -28.8209 31.8822 -50.4228 
v -31.163 33.4808 -53.6182 
v -31.0741 33.6564 -53.583 
v -26.3297 30.8625 -52.7714 
v -26.2408 31.0381 -52.7362 

vn 0.448819 0.88189 0.173228 
vn 0.448819 0.88189 0.173228 
vn 0.448819 0.88189 0.173228 
vn 0.448819 0.88189 0.173228 
vn -0.724409 0.23622 0.645669 
vn -0.724409 0.23622 0.645669 
vn -0.724409 0.23622 0.645669 
vn -0.724409 0.23622 0.645669 
vn -0.448819 -0.88189 -0.173228 
vn -0.448819 -0.88189 -0.173228 
vn -0.448819 -0.88189 -0.173228 
vn -0.448819 -0.88189 -0.173228 
vn 0.527559 -0.417323 0.740157 
vn 0.527559 -0.417323 0.740157 
vn 0.527559 -0.417323 0.740157 
vn 0.527559 -0.417323 0.740157 
vn 0.212598 0.0866142 -0.976378 
vn 0.212598 0.0866142 -0.976378 
vn 0.212598 0.0866142 -0.976378 
vn 0.212598 0.0866142 -0.976378 

vt 1.75 -5.75 
vt 1.75 -5.75 
vt 2.19584 -6.28344 
vt 1.75 -6.28344 
vt 1.775 -5.75 
vt 1.75 -5.75 
vt 1.775 -6.28344 
vt 1.75 -6.28344 
vt 2.19584 -5.75 
vt 2.19584 -5.75 
vt 2.19584 -6.28344 
vt 1.75 -6.28344 
vt 1.775 -5.75 
vt 1.75 -5.75 
vt 1.775 -6.19584 
vt 1.75 -6.19584 
vt 1.775 -5.75 
vt 1.75 -5.75 
vt 1.775 -6.44522 
vt 1.75 -6.44522 

usemtl Triangleb330586158752441Mtl

f 2659/2659/2659 2660/2660/2660 2661/2661/2661 
f 2661/2661/2661 2660/2660/2660 2662/2662/2662 
f 2663/2663/2663 2664/2664/2664 2665/2665/2665 
f 2665/2665/2665 2664/2664/2664 2666/2666/2666 
f 2667/2667/2667 2668/2668/2668 2669/2669/2669 
f 2669/2669/2669 2668/2668/2668 2670/2670/2670 
f 2671/2671/2671 2672/2672/2672 2673/2673/2673 
f 2673/2673/2673 2672/2672/2672 2674/2674/2674 
f 2675/2675/2675 2676/2676/2676 2677/2677/2677 
f 2677/2677/2677 2676/2676/2676 2678/2678/2678 

g Trianglea307557596206672

v -31.1537 33.4759 -53.5877 
v -31.1537 33.4759 -53.5877 
v -27.9123 31.7771 -57.0458 
v -31.2268 33.019 -57.1374 
v -31.1537 33.4759 -53.5877 
v -31.0835 33.6614 -53.6131 
v -31.2268 33.019 -57.1374 
v -31.1566 33.2046 -57.1627 
v -31.0835 33.6614 -53.6131 
v -31.0835 33.6614 -53.6131 
v -31.1566 33.2046 -57.1627 
v -27.8421 31.9627 -57.0711 
v -27.8421 31.9627 -57.0711 
v -27.9123 31.7771 -57.0458 
v -31.1566 33.2046 -57.1627 
v -31.2268 33.019 -57.1374 
v -31.0835 33.6614 -53.6131 
v -31.1537 33.4759 -53.5877 
v -27.8421 31.9627 -57.0711 
v -27.9123 31.7771 -57.0458 

vn -0.354331 -0.929134 0.125984 
vn -0.354331 -0.929134 0.125984 
vn -0.354331 -0.929134 0.125984 
vn -0.354331 -0.929134 0.125984 
vn -0.937008 0.354331 -0.023622 
vn -0.937008 0.354331 -0.023622 
vn -0.937008 0.354331 -0.023622 
vn -0.937008 0.354331 -0.023622 
vn 0.354331 0.929134 -0.125984 
vn 0.354331 0.929134 -0.125984 
vn 0.354331 0.929134 -0.125984 
vn 0.354331 0.929134 -0.125984 
vn -0.023622 -0.125984 -0.992126 
vn -0.023622 -0.125984 -0.992126 
vn -0.023622 -0.125984 -0.992126 
vn -0.023622 -0.125984 -0.992126 
vn 0.677165 -0.15748 0.716535 
vn 0.677165 -0.15748 0.716535 
vn 0.677165 -0.15748 0.716535 
vn 0.677165 -0.15748 0.716535 

vt 0.5 -5.75 
vt 0.5 -5.75 
vt 0.942583 -6.19746 
vt 0.5 -6.19746 
vt 0.525 -5.75 
vt 0.5 -5.75 
vt 0.525 -6.19746 
vt 0.5 -6.19746 
vt 0.942583 -5.75 
vt 0.942583 -5.75 
vt 0.942583 -6.19746 
vt 0.5 -6.19746 
vt 0.525 -5.75 
vt 0.5 -5.75 
vt 0.525 -6.19258 
vt 0.5 -6.19258 
vt 0.525 -5.75 
vt 0.5 -5.75 
vt 0.525 -6.37936 
vt 0.5 -6.37936 

usemtl Triangleb330586158752441Mtl

f 2679/2679/2679 2680/2680/2680 2681/2681/2681 
f 2681/2681/2681 2680/2680/2680 2682/2682/2682 
f 2683/2683/2683 2684/2684/2684 2685/2685/2685 
f 2685/2685/2685 2684/2684/2684 2686/2686/2686 
f 2687/2687/2687 2688/2688/2688 2689/2689/2689 
f 2689/2689/2689 2688/2688/2688 2690/2690/2690 
f 2691/2691/2691 2692/2692/2692 2693/2693/2693 
f 2693/2693/2693 2692/2692/2692 2694/2694/2694 
f 2695/2695/2695 2696/2696/2696 2697/2697/2697 
f 2697/2697/2697 2696/2696/2696 2698/2698/2698 

g Part83

v -33.1151 25.5038 -54.3273 
v -33.2488 25.5319 -54.2787 
v -33.2374 25.5268 -54.253 
v -33.2147 25.5185 -54.223 
v -33.1781 25.5072 -54.1968 
v -33.135 25.4955 -54.1839 
v -33.0976 25.4864 -54.1845 
v -33.0705 25.4804 -54.1914 
v -33.0705 25.4804 -54.1914 
v -33.0452 25.4754 -54.2035 
v -33.0154 25.4703 -54.2275 
v -32.9891 25.4674 -54.2656 
v -32.9756 25.4682 -54.31 
v -32.9753 25.4716 -54.3484 
v -32.9814 25.4757 -54.376 
v -32.9814 25.4757 -54.376 
v -32.9928 25.4808 -54.4017 
v -33.0155 25.4891 -54.4317 
v -33.0521 25.5004 -54.4579 
v -33.0952 25.5121 -54.4707 
v -33.1326 25.5212 -54.4702 
v -33.1597 25.5272 -54.4633 
v -33.1597 25.5272 -54.4633 
v -33.185 25.5322 -54.4511 
v -33.2148 25.5373 -54.4272 
v -33.2411 25.5402 -54.3891 
v -33.2546 25.5394 -54.3446 
v -33.2549 25.536 -54.3063 
v -33.2488 25.5319 -54.2787 
v -31.1917 33.5977 -53.7226 
v -33.1597 25.5272 -54.4633 
v -31.217 33.6028 -53.7104 
v -33.185 25.5322 -54.4511 
v -31.2468 33.6078 -53.6865 
v -33.2148 25.5373 -54.4272 
v -31.2731 33.6108 -53.6483 
v -33.2411 25.5402 -54.3891 
v -31.2866 33.61 -53.6039 
v -33.2546 25.5394 -54.3446 
v -31.2869 33.6065 -53.5656 
v -33.2549 25.536 -54.3063 
v -31.2808 33.6025 -53.5379 
v -33.2488 25.5319 -54.2787 
v -33.1597 25.5272 -54.4633 
v -31.1917 33.5977 -53.7226 
v -33.1326 25.5212 -54.4702 
v -31.1646 33.5917 -53.7295 
v -33.0952 25.5121 -54.4707 
v -31.1272 33.5827 -53.73 
v -33.0521 25.5004 -54.4579 
v -31.0841 33.571 -53.7172 
v -33.0155 25.4891 -54.4317 
v -31.0475 33.5596 -53.6909 
v -32.9928 25.4808 -54.4017 
v -31.0248 33.5514 -53.661 
v -32.9814 25.4757 -54.376 
v -31.0134 33.5462 -53.6353 
v -31.1471 33.5744 -53.5866 
v -31.1917 33.5977 -53.7226 
v -31.1646 33.5917 -53.7295 
v -31.1272 33.5827 -53.73 
v -31.0841 33.571 -53.7172 
v -31.0475 33.5596 -53.6909 
v -31.0248 33.5514 -53.661 
v -31.0134 33.5462 -53.6353 
v -31.0134 33.5462 -53.6353 
v -31.0073 33.5422 -53.6076 
v -31.0076 33.5388 -53.5693 
v -31.0211 33.538 -53.5249 
v -31.0474 33.5409 -53.4867 
v -31.0772 33.5459 -53.4628 
v -31.1025 33.551 -53.4506 
v -31.1025 33.551 -53.4506 
v -31.1296 33.557 -53.4437 
v -31.167 33.566 -53.4432 
v -31.2101 33.5777 -53.456 
v -31.2467 33.5891 -53.4823 
v -31.2694 33.5974 -53.5122 
v -31.2808 33.6025 -53.5379 
v -31.2808 33.6025 -53.5379 
v -31.2869 33.6065 -53.5656 
v -31.2866 33.61 -53.6039 
v -31.2731 33.6108 -53.6483 
v -31.2468 33.6078 -53.6865 
v -31.217 33.6028 -53.7104 
v -31.1917 33.5977 -53.7226 
v -31.1025 33.551 -53.4506 
v -33.0705 25.4804 -54.1914 
v -31.0772 33.5459 -53.4628 
v -33.0452 25.4754 -54.2035 
v -31.0474 33.5409 -53.4867 
v -33.0154 25.4703 -54.2275 
v -31.0211 33.538 -53.5249 
v -32.9891 25.4674 -54.2656 
v -31.0076 33.5388 -53.5693 
v -32.9756 25.4682 -54.31 
v -31.0073 33.5422 -53.6076 
v -32.9753 25.4716 -54.3484 
v -31.0134 33.5462 -53.6353 
v -32.9814 25.4757 -54.376 
v -31.2808 33.6025 -53.5379 
v -33.2488 25.5319 -54.2787 
v -31.2694 33.5974 -53.5122 
v -33.2374 25.5268 -54.253 
v -31.2467 33.5891 -53.4823 
v -33.2147 25.5185 -54.223 
v -31.2101 33.5777 -53.456 
v -33.1781 25.5072 -54.1968 
v -31.167 33.566 -53.4432 
v -33.135 25.4955 -54.1839 
v -31.1296 33.557 -53.4437 
v -33.0976 25.4864 -54.1845 
v -31.1025 33.551 -53.4506 
v -33.0705 25.4804 -54.1914 

vn -0.23622 -0.968504 -0.0866142 
vn -0.23622 -0.968504 -0.0866142 
vn -0.23622 -0.968504 -0.0866142 
vn -0.23622 -0.968504 -0.0866142 
vn -0.23622 -0.968504 -0.0866142 
vn -0.23622 -0.968504 -0.0866142 
vn -0.23622 -0.968504 -0.0866142 
vn -0.23622 -0.968504 -0.0866142 
vn -0.23622 -0.968504 -0.0866142 
vn -0.23622 -0.968504 -0.0866142 
vn -0.23622 -0.968504 -0.0866142 
vn -0.23622 -0.968504 -0.0866142 
vn -0.23622 -0.968504 -0.0866142 
vn -0.23622 -0.968504 -0.0866142 
vn -0.23622 -0.968504 -0.0866142 
vn -0.23622 -0.968504 -0.0866142 
vn -0.23622 -0.968504 -0.0866142 
vn -0.23622 -0.968504 -0.0866142 
vn -0.23622 -0.968504 -0.0866142 
vn -0.23622 -0.968504 -0.0866142 
vn -0.23622 -0.968504 -0.0866142 
vn -0.23622 -0.968504 -0.0866142 
vn -0.23622 -0.968504 -0.0866142 
vn -0.23622 -0.968504 -0.0866142 
vn -0.23622 -0.968504 -0.0866142 
vn -0.23622 -0.968504 -0.0866142 
vn -0.23622 -0.968504 -0.0866142 
vn -0.23622 -0.968504 -0.0866142 
vn -0.23622 -0.968504 -0.0866142 
vn -0.307087 0.15748 -0.937008 
vn -0.307087 0.15748 -0.937008 
vn -0.480315 0.19685 -0.850394 
vn -0.480315 0.19685 -0.850394 
vn -0.685039 0.228346 -0.685039 
vn -0.685039 0.228346 -0.685039 
vn -0.866142 0.251969 -0.425197 
vn -0.866142 0.251969 -0.425197 
vn -0.96063 0.244094 -0.11811 
vn -0.96063 0.244094 -0.11811 
vn -0.96063 0.220472 0.141732 
vn -0.96063 0.220472 0.141732 
vn -0.92126 0.19685 0.338583 
vn -0.92126 0.19685 0.338583 
vn -0.307087 0.15748 -0.937008 
vn -0.307087 0.15748 -0.937008 
vn -0.11811 0.11811 -0.984252 
vn -0.11811 0.11811 -0.984252 
vn 0.133858 0.0551181 -0.992126 
vn 0.133858 0.0551181 -0.992126 
vn 0.433071 -0.023622 -0.897638 
vn 0.433071 -0.023622 -0.897638 
vn 0.685039 -0.102362 -0.716535 
vn 0.685039 -0.102362 -0.716535 
vn 0.84252 -0.15748 -0.511811 
vn 0.84252 -0.15748 -0.511811 
vn 0.92126 -0.19685 -0.338583 
vn 0.92126 -0.19685 -0.338583 
vn 0.23622 0.968504 0.0866142 
vn 0.23622 0.968504 0.0866142 
vn 0.23622 0.968504 0.0866142 
vn 0.23622 0.968504 0.0866142 
vn 0.23622 0.968504 0.0866142 
vn 0.23622 0.968504 0.0866142 
vn 0.23622 0.968504 0.0866142 
vn 0.23622 0.968504 0.0866142 
vn 0.23622 0.968504 0.0866142 
vn 0.23622 0.968504 0.0866142 
vn 0.23622 0.968504 0.0866142 
vn 0.23622 0.968504 0.0866142 
vn 0.23622 0.968504 0.0866142 
vn 0.23622 0.968504 0.0866142 
vn 0.23622 0.968504 0.0866142 
vn 0.23622 0.968504 0.0866142 
vn 0.23622 0.968504 0.0866142 
vn 0.23622 0.968504 0.0866142 
vn 0.23622 0.968504 0.0866142 
vn 0.23622 0.968504 0.0866142 
vn 0.23622 0.968504 0.0866142 
vn 0.23622 0.968504 0.0866142 
vn 0.23622 0.968504 0.0866142 
vn 0.23622 0.968504 0.0866142 
vn 0.23622 0.968504 0.0866142 
vn 0.23622 0.968504 0.0866142 
vn 0.23622 0.968504 0.0866142 
vn 0.23622 0.968504 0.0866142 
vn 0.23622 0.968504 0.0866142 
vn 0.307087 -0.15748 0.937008 
vn 0.307087 -0.15748 0.937008 
vn 0.480315 -0.19685 0.850394 
vn 0.480315 -0.19685 0.850394 
vn 0.685039 -0.228346 0.685039 
vn 0.685039 -0.228346 0.685039 
vn 0.866142 -0.251969 0.425197 
vn 0.866142 -0.251969 0.425197 
vn 0.96063 -0.244094 0.11811 
vn 0.96063 -0.244094 0.11811 
vn 0.96063 -0.220472 -0.141732 
vn 0.96063 -0.220472 -0.141732 
vn 0.92126 -0.19685 -0.338583 
vn 0.92126 -0.19685 -0.338583 
vn -0.92126 0.19685 0.338583 
vn -0.92126 0.19685 0.338583 
vn -0.84252 0.15748 0.511811 
vn -0.84252 0.15748 0.511811 
vn -0.685039 0.102362 0.716535 
vn -0.685039 0.102362 0.716535 
vn -0.433071 0.023622 0.897638 
vn -0.433071 0.023622 0.897638 
vn -0.133858 -0.0551181 0.992126 
vn -0.133858 -0.0551181 0.992126 
vn 0.11811 -0.11811 0.984252 
vn 0.11811 -0.11811 0.984252 
vn 0.307087 -0.15748 0.937008 
vn 0.307087 -0.15748 0.937008 

vt 2.26813 -1.51813 
vt 2.28094 -1.53094 
vt 2.27818 -1.53321 
vt 2.27386 -1.53532 
vt 2.26813 -1.53625 
vt 2.26239 -1.53532 
vt 2.25807 -1.53321 
vt 2.25531 -1.53094 
vt 2.25531 -1.53094 
vt 2.25304 -1.52818 
vt 2.25093 -1.52386 
vt 2.25 -1.51813 
vt 2.25093 -1.51239 
vt 2.25304 -1.50807 
vt 2.25531 -1.50531 
vt 2.25531 -1.50531 
vt 2.25807 -1.50304 
vt 2.26239 -1.50093 
vt 2.26813 -1.5 
vt 2.27386 -1.50093 
vt 2.27818 -1.50304 
vt 2.28094 -1.50531 
vt 2.28094 -1.50531 
vt 2.28321 -1.50807 
vt 2.28532 -1.51239 
vt 2.28625 -1.51813 
vt 2.28532 -1.52386 
vt 2.28321 -1.52818 
vt 2.28094 -1.53094 
vt 5.5425 -4 
vt 4.5 -4 
vt 5.5425 -4.00604 
vt 4.5 -4.00604 
vt 5.5425 -4.01208 
vt 4.5 -4.01208 
vt 5.5425 -4.01813 
vt 4.5 -4.01813 
vt 5.5425 -4.02417 
vt 4.5 -4.02417 
vt 5.5425 -4.03021 
vt 4.5 -4.03021 
vt 5.5425 -4.03625 
vt 4.5 -4.03625 
vt 5.5425 -4 
vt 4.5 -4 
vt 5.5425 -4.00604 
vt 4.5 -4.00604 
vt 5.5425 -4.01208 
vt 4.5 -4.01208 
vt 5.5425 -4.01813 
vt 4.5 -4.01813 
vt 5.5425 -4.02417 
vt 4.5 -4.02417 
vt 5.5425 -4.03021 
vt 4.5 -4.03021 
vt 5.5425 -4.03625 
vt 4.5 -4.03625 
vt 2.26813 -1.51813 
vt 2.25531 -1.50531 
vt 2.25807 -1.50304 
vt 2.26239 -1.50093 
vt 2.26813 -1.5 
vt 2.27386 -1.50093 
vt 2.27818 -1.50304 
vt 2.28094 -1.50531 
vt 2.28094 -1.50531 
vt 2.28321 -1.50807 
vt 2.28532 -1.51239 
vt 2.28625 -1.51813 
vt 2.28532 -1.52386 
vt 2.28321 -1.52818 
vt 2.28094 -1.53094 
vt 2.28094 -1.53094 
vt 2.27818 -1.53321 
vt 2.27386 -1.53532 
vt 2.26813 -1.53625 
vt 2.26239 -1.53532 
vt 2.25807 -1.53321 
vt 2.25531 -1.53094 
vt 2.25531 -1.53094 
vt 2.25304 -1.52818 
vt 2.25093 -1.52386 
vt 2.25 -1.51813 
vt 2.25093 -1.51239 
vt 2.25304 -1.50807 
vt 2.25531 -1.50531 
vt 5.5425 -4 
vt 4.5 -4 
vt 5.5425 -4.00604 
vt 4.5 -4.00604 
vt 5.5425 -4.01208 
vt 4.5 -4.01208 
vt 5.5425 -4.01813 
vt 4.5 -4.01813 
vt 5.5425 -4.02417 
vt 4.5 -4.02417 
vt 5.5425 -4.03021 
vt 4.5 -4.03021 
vt 5.5425 -4.03625 
vt 4.5 -4.03625 
vt 5.5425 -4 
vt 4.5 -4 
vt 5.5425 -4.00604 
vt 4.5 -4.00604 
vt 5.5425 -4.01208 
vt 4.5 -4.01208 
vt 5.5425 -4.01813 
vt 4.5 -4.01813 
vt 5.5425 -4.02417 
vt 4.5 -4.02417 
vt 5.5425 -4.03021 
vt 4.5 -4.03021 
vt 5.5425 -4.03625 
vt 4.5 -4.03625 

usemtl Part82Mtl

f 2699/2699/2699 2701/2701/2701 2700/2700/2700 
f 2699/2699/2699 2702/2702/2702 2701/2701/2701 
f 2699/2699/2699 2703/2703/2703 2702/2702/2702 
f 2699/2699/2699 2704/2704/2704 2703/2703/2703 
f 2699/2699/2699 2705/2705/2705 2704/2704/2704 
f 2699/2699/2699 2706/2706/2706 2705/2705/2705 
f 2699/2699/2699 2708/2708/2708 2707/2707/2707 
f 2699/2699/2699 2709/2709/2709 2708/2708/2708 
f 2699/2699/2699 2710/2710/2710 2709/2709/2709 
f 2699/2699/2699 2711/2711/2711 2710/2710/2710 
f 2699/2699/2699 2712/2712/2712 2711/2711/2711 
f 2699/2699/2699 2713/2713/2713 2712/2712/2712 
f 2699/2699/2699 2715/2715/2715 2714/2714/2714 
f 2699/2699/2699 2716/2716/2716 2715/2715/2715 
f 2699/2699/2699 2717/2717/2717 2716/2716/2716 
f 2699/2699/2699 2718/2718/2718 2717/2717/2717 
f 2699/2699/2699 2719/2719/2719 2718/2718/2718 
f 2699/2699/2699 2720/2720/2720 2719/2719/2719 
f 2699/2699/2699 2722/2722/2722 2721/2721/2721 
f 2699/2699/2699 2723/2723/2723 2722/2722/2722 
f 2699/2699/2699 2724/2724/2724 2723/2723/2723 
f 2699/2699/2699 2725/2725/2725 2724/2724/2724 
f 2699/2699/2699 2726/2726/2726 2725/2725/2725 
f 2699/2699/2699 2727/2727/2727 2726/2726/2726 
f 2728/2728/2728 2729/2729/2729 2730/2730/2730 
f 2730/2730/2730 2729/2729/2729 2731/2731/2731 
f 2730/2730/2730 2731/2731/2731 2732/2732/2732 
f 2732/2732/2732 2731/2731/2731 2733/2733/2733 
f 2732/2732/2732 2733/2733/2733 2734/2734/2734 
f 2734/2734/2734 2733/2733/2733 2735/2735/2735 
f 2734/2734/2734 2735/2735/2735 2736/2736/2736 
f 2736/2736/2736 2735/2735/2735 2737/2737/2737 
f 2736/2736/2736 2737/2737/2737 2738/2738/2738 
f 2738/2738/2738 2737/2737/2737 2739/2739/2739 
f 2738/2738/2738 2739/2739/2739 2740/2740/2740 
f 2740/2740/2740 2739/2739/2739 2741/2741/2741 
f 2742/2742/2742 2743/2743/2743 2744/2744/2744 
f 2744/2744/2744 2743/2743/2743 2745/2745/2745 
f 2744/2744/2744 2745/2745/2745 2746/2746/2746 
f 2746/2746/2746 2745/2745/2745 2747/2747/2747 
f 2746/2746/2746 2747/2747/2747 2748/2748/2748 
f 2748/2748/2748 2747/2747/2747 2749/2749/2749 
f 2748/2748/2748 2749/2749/2749 2750/2750/2750 
f 2750/2750/2750 2749/2749/2749 2751/2751/2751 
f 2750/2750/2750 2751/2751/2751 2752/2752/2752 
f 2752/2752/2752 2751/2751/2751 2753/2753/2753 
f 2752/2752/2752 2753/2753/2753 2754/2754/2754 
f 2754/2754/2754 2753/2753/2753 2755/2755/2755 
f 2756/2756/2756 2758/2758/2758 2757/2757/2757 
f 2756/2756/2756 2759/2759/2759 2758/2758/2758 
f 2756/2756/2756 2760/2760/2760 2759/2759/2759 
f 2756/2756/2756 2761/2761/2761 2760/2760/2760 
f 2756/2756/2756 2762/2762/2762 2761/2761/2761 
f 2756/2756/2756 2763/2763/2763 2762/2762/2762 
f 2756/2756/2756 2765/2765/2765 2764/2764/2764 
f 2756/2756/2756 2766/2766/2766 2765/2765/2765 
f 2756/2756/2756 2767/2767/2767 2766/2766/2766 
f 2756/2756/2756 2768/2768/2768 2767/2767/2767 
f 2756/2756/2756 2769/2769/2769 2768/2768/2768 
f 2756/2756/2756 2770/2770/2770 2769/2769/2769 
f 2756/2756/2756 2772/2772/2772 2771/2771/2771 
f 2756/2756/2756 2773/2773/2773 2772/2772/2772 
f 2756/2756/2756 2774/2774/2774 2773/2773/2773 
f 2756/2756/2756 2775/2775/2775 2774/2774/2774 
f 2756/2756/2756 2776/2776/2776 2775/2775/2775 
f 2756/2756/2756 2777/2777/2777 2776/2776/2776 
f 2756/2756/2756 2779/2779/2779 2778/2778/2778 
f 2756/2756/2756 2780/2780/2780 2779/2779/2779 
f 2756/2756/2756 2781/2781/2781 2780/2780/2780 
f 2756/2756/2756 2782/2782/2782 2781/2781/2781 
f 2756/2756/2756 2783/2783/2783 2782/2782/2782 
f 2756/2756/2756 2784/2784/2784 2783/2783/2783 
f 2785/2785/2785 2786/2786/2786 2787/2787/2787 
f 2787/2787/2787 2786/2786/2786 2788/2788/2788 
f 2787/2787/2787 2788/2788/2788 2789/2789/2789 
f 2789/2789/2789 2788/2788/2788 2790/2790/2790 
f 2789/2789/2789 2790/2790/2790 2791/2791/2791 
f 2791/2791/2791 2790/2790/2790 2792/2792/2792 
f 2791/2791/2791 2792/2792/2792 2793/2793/2793 
f 2793/2793/2793 2792/2792/2792 2794/2794/2794 
f 2793/2793/2793 2794/2794/2794 2795/2795/2795 
f 2795/2795/2795 2794/2794/2794 2796/2796/2796 
f 2795/2795/2795 2796/2796/2796 2797/2797/2797 
f 2797/2797/2797 2796/2796/2796 2798/2798/2798 
f 2799/2799/2799 2800/2800/2800 2801/2801/2801 
f 2801/2801/2801 2800/2800/2800 2802/2802/2802 
f 2801/2801/2801 2802/2802/2802 2803/2803/2803 
f 2803/2803/2803 2802/2802/2802 2804/2804/2804 
f 2803/2803/2803 2804/2804/2804 2805/2805/2805 
f 2805/2805/2805 2804/2804/2804 2806/2806/2806 
f 2805/2805/2805 2806/2806/2806 2807/2807/2807 
f 2807/2807/2807 2806/2806/2806 2808/2808/2808 
f 2807/2807/2807 2808/2808/2808 2809/2809/2809 
f 2809/2809/2809 2808/2808/2808 2810/2810/2810 
f 2809/2809/2809 2810/2810/2810 2811/2811/2811 
f 2811/2811/2811 2810/2810/2810 2812/2812/2812 

g Triangleb348733098506933

v -34.8523 33.6669 -24.1685 
v -34.8523 33.6669 -24.1685 
v -34.8166 32.9957 -19.0117 
v -32.2713 33.5308 -21.9791 
v -34.8523 33.6669 -24.1685 
v -34.8638 33.8649 -24.1427 
v -32.2713 33.5308 -21.9791 
v -32.2827 33.7288 -21.9532 
v -34.8638 33.8649 -24.1427 
v -34.8638 33.8649 -24.1427 
v -32.2827 33.7288 -21.9532 
v -34.8281 33.1937 -18.9859 
v -34.8281 33.1937 -18.9859 
v -34.8166 32.9957 -19.0117 
v -32.2827 33.7288 -21.9532 
v -32.2713 33.5308 -21.9791 
v -34.8638 33.8649 -24.1427 
v -34.8523 33.6669 -24.1685 
v -34.8281 33.1937 -18.9859 
v -34.8166 32.9957 -19.0117 

vn 0.0551181 -0.992126 -0.125984 
vn 0.0551181 -0.992126 -0.125984 
vn 0.0551181 -0.992126 -0.125984 
vn 0.0551181 -0.992126 -0.125984 
vn 0.645669 0.133858 -0.755906 
vn 0.645669 0.133858 -0.755906 
vn 0.645669 0.133858 -0.755906 
vn 0.645669 0.133858 -0.755906 
vn -0.0551181 0.992126 0.125984 
vn -0.0551181 0.992126 0.125984 
vn -0.0551181 0.992126 0.125984 
vn -0.0551181 0.992126 0.125984 
vn 0.76378 -0.0393701 0.645669 
vn 0.76378 -0.0393701 0.645669 
vn 0.76378 -0.0393701 0.645669 
vn 0.76378 -0.0393701 0.645669 
vn -1 -0.0551181 0 
vn -1 -0.0551181 0 
vn -1 -0.0551181 0 
vn -1 -0.0551181 0 

vt 7.5 -1.5 
vt 7.5 -1.5 
vt 7.99324 -1.92342 
vt 7.5 -1.92342 
vt 7.525 -1.5 
vt 7.5 -1.5 
vt 7.525 -1.92342 
vt 7.5 -1.92342 
vt 7.99324 -1.5 
vt 7.99324 -1.5 
vt 7.99324 -1.92342 
vt 7.5 -1.92342 
vt 7.525 -1.5 
vt 7.5 -1.5 
vt 7.525 -1.99324 
vt 7.5 -1.99324 
vt 7.525 -1.5 
vt 7.5 -1.5 
vt 7.525 -2.15005 
vt 7.5 -2.15005 

usemtl Triangleb348733098506931Mtl

f 2813/2813/2813 2814/2814/2814 2815/2815/2815 
f 2815/2815/2815 2814/2814/2814 2816/2816/2816 
f 2817/2817/2817 2818/2818/2818 2819/2819/2819 
f 2819/2819/2819 2818/2818/2818 2820/2820/2820 
f 2821/2821/2821 2822/2822/2822 2823/2823/2823 
f 2823/2823/2823 2822/2822/2822 2824/2824/2824 
f 2825/2825/2825 2826/2826/2826 2827/2827/2827 
f 2827/2827/2827 2826/2826/2826 2828/2828/2828 
f 2829/2829/2829 2830/2830/2830 2831/2831/2831 
f 2831/2831/2831 2830/2830/2830 2832/2832/2832 

g Triangleb344591923713683

v -34.8961 33.8584 -24.157 
v -34.8961 33.8584 -24.157 
v -38.2982 32.51 -20.6989 
v -37.7195 32.6942 -24.6274 
v -34.8961 33.8584 -24.157 
v -34.8202 33.6734 -24.1545 
v -37.7195 32.6942 -24.6274 
v -37.6437 32.5092 -24.6249 
v -34.8202 33.6734 -24.1545 
v -34.8202 33.6734 -24.1545 
v -37.6437 32.5092 -24.6249 
v -38.2223 32.325 -20.6964 
v -38.2223 32.325 -20.6964 
v -38.2982 32.51 -20.6989 
v -37.6437 32.5092 -24.6249 
v -37.7195 32.6942 -24.6274 
v -34.8202 33.6734 -24.1545 
v -34.8961 33.8584 -24.157 
v -38.2223 32.325 -20.6964 
v -38.2982 32.51 -20.6989 

vn -0.377953 0.92126 -0.015748 
vn -0.377953 0.92126 -0.015748 
vn -0.377953 0.92126 -0.015748 
vn -0.377953 0.92126 -0.015748 
vn 0.141732 0.0472441 -0.992126 
vn 0.141732 0.0472441 -0.992126 
vn 0.141732 0.0472441 -0.992126 
vn 0.141732 0.0472441 -0.992126 
vn 0.377953 -0.92126 0.015748 
vn 0.377953 -0.92126 0.015748 
vn 0.377953 -0.92126 0.015748 
vn 0.377953 -0.92126 0.015748 
vn -0.913386 -0.377953 -0.149606 
vn -0.913386 -0.377953 -0.149606 
vn -0.913386 -0.377953 -0.149606 
vn -0.913386 -0.377953 -0.149606 
vn 0.629921 0.267717 0.724409 
vn 0.629921 0.267717 0.724409 
vn 0.629921 0.267717 0.724409 
vn 0.629921 0.267717 0.724409 

vt 6.75 -3 
vt 6.75 -3 
vt 7.24689 -3.38626 
vt 6.75 -3.38626 
vt 6.775 -3 
vt 6.75 -3 
vt 6.775 -3.38626 
vt 6.75 -3.38626 
vt 7.24689 -3 
vt 7.24689 -3 
vt 7.24689 -3.38626 
vt 6.75 -3.38626 
vt 6.775 -3 
vt 6.75 -3 
vt 6.775 -3.49689 
vt 6.75 -3.49689 
vt 6.775 -3 
vt 6.75 -3 
vt 6.775 -3.62936 
vt 6.75 -3.62936 

usemtl Triangleb348733098506931Mtl

f 2833/2833/2833 2834/2834/2834 2835/2835/2835 
f 2835/2835/2835 2834/2834/2834 2836/2836/2836 
f 2837/2837/2837 2838/2838/2838 2839/2839/2839 
f 2839/2839/2839 2838/2838/2838 2840/2840/2840 
f 2841/2841/2841 2842/2842/2842 2843/2843/2843 
f 2843/2843/2843 2842/2842/2842 2844/2844/2844 
f 2845/2845/2845 2846/2846/2846 2847/2847/2847 
f 2847/2847/2847 2846/2846/2846 2848/2848/2848 
f 2849/2849/2849 2850/2850/2850 2851/2851/2851 
f 2851/2851/2851 2850/2850/2850 2852/2852/2852 

g Triangleb341311666965483

v -38.2516 31.7325 -28.5892 
v -38.2516 31.7325 -28.5892 
v -34.1745 32.1141 -29.2291 
v -37.1244 32.4417 -27.1217 
v -38.2516 31.7325 -28.5892 
v -38.2235 31.5466 -28.521 
v -37.1244 32.4417 -27.1217 
v -37.0963 32.2559 -27.0535 
v -38.2235 31.5466 -28.521 
v -38.2235 31.5466 -28.521 
v -37.0963 32.2559 -27.0535 
v -34.1464 31.9282 -29.1609 
v -34.1464 31.9282 -29.1609 
v -34.1745 32.1141 -29.2291 
v -37.0963 32.2559 -27.0535 
v -37.1244 32.4417 -27.1217 
v -38.2235 31.5466 -28.521 
v -38.2516 31.7325 -28.5892 
v -34.1464 31.9282 -29.1609 
v -34.1745 32.1141 -29.2291 

vn -0.141732 0.929134 -0.338583 
vn -0.141732 0.929134 -0.338583 
vn -0.141732 0.929134 -0.338583 
vn -0.141732 0.929134 -0.338583 
vn -0.811024 0.0866142 0.582677 
vn -0.811024 0.0866142 0.582677 
vn -0.811024 0.0866142 0.582677 
vn -0.811024 0.0866142 0.582677 
vn 0.141732 -0.929134 0.338583 
vn 0.141732 -0.929134 0.338583 
vn 0.141732 -0.929134 0.338583 
vn 0.141732 -0.929134 0.338583 
vn 0.566929 0.354331 0.740157 
vn 0.566929 0.354331 0.740157 
vn 0.566929 0.354331 0.740157 
vn 0.566929 0.354331 0.740157 
vn -0.110236 -0.354331 -0.929134 
vn -0.110236 -0.354331 -0.929134 
vn -0.110236 -0.354331 -0.929134 
vn -0.110236 -0.354331 -0.929134 

vt 5 -3.75 
vt 5 -3.75 
vt 5.45502 -3.99771 
vt 5 -3.99771 
vt 5.025 -3.75 
vt 5 -3.75 
vt 5.025 -3.99771 
vt 5 -3.99771 
vt 5.45502 -3.75 
vt 5.45502 -3.75 
vt 5.45502 -3.99771 
vt 5 -3.99771 
vt 5.025 -3.75 
vt 5 -3.75 
vt 5.025 -4.20502 
vt 5 -4.20502 
vt 5.025 -3.75 
vt 5 -3.75 
vt 5.025 -4.26808 
vt 5 -4.26808 

usemtl Triangleb348733098506931Mtl

f 2853/2853/2853 2854/2854/2854 2855/2855/2855 
f 2855/2855/2855 2854/2854/2854 2856/2856/2856 
f 2857/2857/2857 2858/2858/2858 2859/2859/2859 
f 2859/2859/2859 2858/2858/2858 2860/2860/2860 
f 2861/2861/2861 2862/2862/2862 2863/2863/2863 
f 2863/2863/2863 2862/2862/2862 2864/2864/2864 
f 2865/2865/2865 2866/2866/2866 2867/2867/2867 
f 2867/2867/2867 2866/2866/2866 2868/2868/2868 
f 2869/2869/2869 2870/2870/2870 2871/2871/2871 
f 2871/2871/2871 2870/2870/2870 2872/2872/2872 

g Triangleb334486351490023

v -34.8532 33.8632 -24.1783 
v -34.8532 33.8632 -24.1783 
v -30.6358 32.8555 -27.5382 
v -30.5945 33.6386 -24.1783 
v -34.8532 33.8632 -24.1783 
v -34.8634 33.6687 -24.1329 
v -30.5945 33.6386 -24.1783 
v -30.6048 33.4441 -24.1329 
v -34.8634 33.6687 -24.1329 
v -34.8634 33.6687 -24.1329 
v -30.6048 33.4441 -24.1329 
v -30.6461 32.661 -27.4927 
v -30.6461 32.661 -27.4927 
v -30.6358 32.8555 -27.5382 
v -30.6048 33.4441 -24.1329 
v -30.5945 33.6386 -24.1783 
v -34.8634 33.6687 -24.1329 
v -34.8532 33.8632 -24.1783 
v -30.6461 32.661 -27.4927 
v -30.6358 32.8555 -27.5382 

vn 0.0551181 0.976378 -0.228346 
vn 0.0551181 0.976378 -0.228346 
vn 0.0551181 0.976378 -0.228346 
vn 0.0551181 0.976378 -0.228346 
vn 0.015748 0.228346 0.976378 
vn 0.015748 0.228346 0.976378 
vn 0.015748 0.228346 0.976378 
vn 0.015748 0.228346 0.976378 
vn -0.0551181 -0.976378 0.228346 
vn -0.0551181 -0.976378 0.228346 
vn -0.0551181 -0.976378 0.228346 
vn -0.0551181 -0.976378 0.228346 
vn 1 -0.0551181 0 
vn 1 -0.0551181 0 
vn 1 -0.0551181 0 
vn 1 -0.0551181 0 
vn -0.637795 -0.141732 -0.755906 
vn -0.637795 -0.141732 -0.755906 
vn -0.637795 -0.141732 -0.755906 
vn -0.637795 -0.141732 -0.755906 

vt 5.25 -5 
vt 5.25 -5 
vt 5.68127 -5.53307 
vt 5.25 -5.53307 
vt 5.275 -5 
vt 5.25 -5 
vt 5.275 -5.53307 
vt 5.25 -5.53307 
vt 5.68127 -5 
vt 5.68127 -5 
vt 5.68127 -5.53307 
vt 5.25 -5.53307 
vt 5.275 -5 
vt 5.25 -5 
vt 5.275 -5.43127 
vt 5.25 -5.43127 
vt 5.275 -5 
vt 5.25 -5 
vt 5.275 -5.68568 
vt 5.25 -5.68568 

usemtl Triangleb348733098506931Mtl

f 2873/2873/2873 2874/2874/2874 2875/2875/2875 
f 2875/2875/2875 2874/2874/2874 2876/2876/2876 
f 2877/2877/2877 2878/2878/2878 2879/2879/2879 
f 2879/2879/2879 2878/2878/2878 2880/2880/2880 
f 2881/2881/2881 2882/2882/2882 2883/2883/2883 
f 2883/2883/2883 2882/2882/2882 2884/2884/2884 
f 2885/2885/2885 2886/2886/2886 2887/2887/2887 
f 2887/2887/2887 2886/2886/2886 2888/2888/2888 
f 2889/2889/2889 2890/2890/2890 2891/2891/2891 
f 2891/2891/2891 2890/2890/2890 2892/2892/2892 

g Triangleb330586158752443

v -29.0234 33.5583 -24.1557 
v -29.0234 33.5583 -24.1557 
v -30.7112 33.6473 -20.6424 
v -30.7112 33.6473 -24.1557 
v -29.0234 33.5583 -24.1557 
v -29.0339 33.3586 -24.1557 
v -30.7112 33.6473 -24.1557 
v -30.7217 33.4476 -24.1557 
v -29.0339 33.3586 -24.1557 
v -29.0339 33.3586 -24.1557 
v -30.7217 33.4476 -24.1557 
v -30.7217 33.4476 -20.6424 
v -30.7217 33.4476 -20.6424 
v -30.7112 33.6473 -20.6424 
v -30.7217 33.4476 -24.1557 
v -30.7112 33.6473 -24.1557 
v -29.0339 33.3586 -24.1557 
v -29.0234 33.5583 -24.1557 
v -30.7217 33.4476 -20.6424 
v -30.7112 33.6473 -20.6424 

vn 0.0551181 1 0 
vn 0.0551181 1 0 
vn 0.0551181 1 0 
vn 0.0551181 1 0 
vn 0 0 -1 
vn 0 0 -1 
vn 0 0 -1 
vn 0 0 -1 
vn -0.0551181 -1 0 
vn -0.0551181 -1 0 
vn -0.0551181 -1 0 
vn -0.0551181 -1 0 
vn -1 0.0551181 0 
vn -1 0.0551181 0 
vn -1 0.0551181 0 
vn -1 0.0551181 0 
vn 0.897638 -0.0472441 0.433071 
vn 0.897638 -0.0472441 0.433071 
vn 0.897638 -0.0472441 0.433071 
vn 0.897638 -0.0472441 0.433071 

vt 0 -6 
vt 0 -6 
vt 0.439168 -6.21127 
vt 0 -6.21127 
vt 0.025 -6 
vt 0 -6 
vt 0.025 -6.21127 
vt 0 -6.21127 
vt 0.439168 -6 
vt 0.439168 -6 
vt 0.439168 -6.21127 
vt 2.98023e-08 -6.21127 
vt 0.025 -6 
vt 0 -6 
vt 0.025 -6.43917 
vt 0 -6.43917 
vt 0.025 -6 
vt 0 -6 
vt 0.025 -6.48734 
vt 0 -6.48734 

usemtl Triangleb330586158752441Mtl

f 2893/2893/2893 2894/2894/2894 2895/2895/2895 
f 2895/2895/2895 2894/2894/2894 2896/2896/2896 
f 2897/2897/2897 2898/2898/2898 2899/2899/2899 
f 2899/2899/2899 2898/2898/2898 2900/2900/2900 
f 2901/2901/2901 2902/2902/2902 2903/2903/2903 
f 2903/2903/2903 2902/2902/2902 2904/2904/2904 
f 2905/2905/2905 2906/2906/2906 2907/2907/2907 
f 2907/2907/2907 2906/2906/2906 2908/2908/2908 
f 2909/2909/2909 2910/2910/2910 2911/2911/2911 
f 2911/2911/2911 2910/2910/2910 2912/2912/2912 

g Triangleb319809564590453

v -30.637 32.664 -27.4823 
v -30.637 32.664 -27.4823 
v -34.1564 31.9269 -29.1619 
v -31.8223 32.9472 -26.5381 
v -30.637 32.664 -27.4823 
v -30.6449 32.8525 -27.5487 
v -31.8223 32.9472 -26.5381 
v -31.8301 33.1357 -26.6044 
v -30.6449 32.8525 -27.5487 
v -30.6449 32.8525 -27.5487 
v -31.8301 33.1357 -26.6044 
v -34.1642 32.1155 -29.2282 
v -34.1642 32.1155 -29.2282 
v -34.1564 31.9269 -29.1619 
v -31.8301 33.1357 -26.6044 
v -31.8223 32.9472 -26.5381 
v -30.6449 32.8525 -27.5487 
v -30.637 32.664 -27.4823 
v -34.1642 32.1155 -29.2282 
v -34.1564 31.9269 -29.1619 

vn 0.0393701 -0.944882 0.330709 
vn 0.0393701 -0.944882 0.330709 
vn 0.0393701 -0.944882 0.330709 
vn 0.0393701 -0.944882 0.330709 
vn 0.637795 0.275591 0.716535 
vn 0.637795 0.275591 0.716535 
vn 0.637795 0.275591 0.716535 
vn 0.637795 0.275591 0.716535 
vn -0.0393701 0.944882 -0.330709 
vn -0.0393701 0.944882 -0.330709 
vn -0.0393701 0.944882 -0.330709 
vn -0.0393701 0.944882 -0.330709 
vn -0.771654 0.181102 0.614173 
vn -0.771654 0.181102 0.614173 
vn -0.771654 0.181102 0.614173 
vn -0.771654 0.181102 0.614173 
vn 0.456693 -0.275591 -0.84252 
vn 0.456693 -0.275591 -0.84252 
vn 0.456693 -0.275591 -0.84252 
vn 0.456693 -0.275591 -0.84252 

vt 3.25 0 
vt 3.25 0 
vt 3.70712 -0.19271 
vt 3.25 -0.19271 
vt 3.275 0 
vt 3.25 0 
vt 3.275 -0.19271 
vt 3.25 -0.19271 
vt 3.70712 0 
vt 3.70712 0 
vt 3.70712 -0.19271 
vt 3.25 -0.19271 
vt 3.275 0 
vt 3.25 0 
vt 3.275 -0.457122 
vt 3.25 -0.457122 
vt 3.275 0 
vt 3.25 0 
vt 3.275 -0.496082 
vt 3.25 -0.496082 

usemtl Triangleb330586158752441Mtl

f 2913/2913/2913 2914/2914/2914 2915/2915/2915 
f 2915/2915/2915 2914/2914/2914 2916/2916/2916 
f 2917/2917/2917 2918/2918/2918 2919/2919/2919 
f 2919/2919/2919 2918/2918/2918 2920/2920/2920 
f 2921/2921/2921 2922/2922/2922 2923/2923/2923 
f 2923/2923/2923 2922/2922/2922 2924/2924/2924 
f 2925/2925/2925 2926/2926/2926 2927/2927/2927 
f 2927/2927/2927 2926/2926/2926 2928/2928/2928 
f 2929/2929/2929 2930/2930/2930 2931/2931/2931 
f 2931/2931/2931 2930/2930/2930 2932/2932/2932 

g Triangleb313428308486943

v -38.2022 31.5475 -28.5375 
v -38.2022 31.5475 -28.5375 
v -39.905 31.5784 -24.9848 
v -37.2504 32.1465 -27.2983 
v -38.2022 31.5475 -28.5375 
v -38.2723 31.7315 -28.5727 
v -37.2504 32.1465 -27.2983 
v -37.3204 32.3305 -27.3334 
v -38.2723 31.7315 -28.5727 
v -38.2723 31.7315 -28.5727 
v -37.3204 32.3305 -27.3334 
v -39.975 31.7624 -25.02 
v -39.975 31.7624 -25.02 
v -39.905 31.5784 -24.9848 
v -37.3204 32.3305 -27.3334 
v -37.2504 32.1465 -27.2983 
v -38.2723 31.7315 -28.5727 
v -38.2022 31.5475 -28.5375 
v -39.975 31.7624 -25.02 
v -39.905 31.5784 -24.9848 

vn 0.346457 -0.92126 0.173228 
vn 0.346457 -0.92126 0.173228 
vn 0.346457 -0.92126 0.173228 
vn 0.346457 -0.92126 0.173228 
vn 0.748031 0.15748 -0.645669 
vn 0.748031 0.15748 -0.645669 
vn 0.748031 0.15748 -0.645669 
vn 0.748031 0.15748 -0.645669 
vn -0.346457 0.92126 -0.173228 
vn -0.346457 0.92126 -0.173228 
vn -0.346457 0.92126 -0.173228 
vn -0.346457 0.92126 -0.173228 
vn 0.566929 0.354331 0.740157 
vn 0.566929 0.354331 0.740157 
vn 0.566929 0.354331 0.740157 
vn 0.566929 0.354331 0.740157 
vn -0.834646 -0.393701 -0.393701 
vn -0.834646 -0.393701 -0.393701 
vn -0.834646 -0.393701 -0.393701 
vn -0.834646 -0.393701 -0.393701 

vt 4.25 -6 
vt 4.25 -6 
vt 4.69584 -6.20918 
vt 4.25 -6.20918 
vt 4.275 -6 
vt 4.25 -6 
vt 4.275 -6.20918 
vt 4.25 -6.20918 
vt 4.69584 -6 
vt 4.69584 -6 
vt 4.69584 -6.20918 
vt 4.25 -6.20918 
vt 4.275 -6 
vt 4.25 -6 
vt 4.275 -6.44584 
vt 4.25 -6.44584 
vt 4.275 -6 
vt 4.25 -6 
vt 4.275 -6.49248 
vt 4.25 -6.49248 

usemtl Triangleb330586158752441Mtl

f 2933/2933/2933 2934/2934/2934 2935/2935/2935 
f 2935/2935/2935 2934/2934/2934 2936/2936/2936 
f 2937/2937/2937 2938/2938/2938 2939/2939/2939 
f 2939/2939/2939 2938/2938/2938 2940/2940/2940 
f 2941/2941/2941 2942/2942/2942 2943/2943/2943 
f 2943/2943/2943 2942/2942/2942 2944/2944/2944 
f 2945/2945/2945 2946/2946/2946 2947/2947/2947 
f 2947/2947/2947 2946/2946/2946 2948/2948/2948 
f 2949/2949/2949 2950/2950/2950 2951/2951/2951 
f 2951/2951/2951 2950/2950/2950 2952/2952/2952 

g Triangleb307557953834533

v -34.8477 33.1906 -18.9861 
v -34.8477 33.1906 -18.9861 
v -38.2856 32.5134 -20.6849 
v -34.8589 33.3998 -20.5933 
v -34.8477 33.1906 -18.9861 
v -34.7974 32.9987 -19.0115 
v -34.8589 33.3998 -20.5933 
v -34.8086 33.2079 -20.6186 
v -34.7974 32.9987 -19.0115 
v -34.7974 32.9987 -19.0115 
v -34.8086 33.2079 -20.6186 
v -38.2353 32.3215 -20.7102 
v -38.2353 32.3215 -20.7102 
v -38.2856 32.5134 -20.6849 
v -34.8086 33.2079 -20.6186 
v -34.8589 33.3998 -20.5933 
v -34.7974 32.9987 -19.0115 
v -34.8477 33.1906 -18.9861 
v -38.2353 32.3215 -20.7102 
v -38.2856 32.5134 -20.6849 

vn -0.251969 0.96063 0.125984 
vn -0.251969 0.96063 0.125984 
vn -0.251969 0.96063 0.125984 
vn -0.251969 0.96063 0.125984 
vn 0.968504 0.251969 0.023622 
vn 0.968504 0.251969 0.023622 
vn 0.968504 0.251969 0.023622 
vn 0.968504 0.251969 0.023622 
vn 0.251969 -0.96063 -0.125984 
vn 0.251969 -0.96063 -0.125984 
vn 0.251969 -0.96063 -0.125984 
vn 0.251969 -0.96063 -0.125984 
vn -0.00787402 0.125984 -0.992126 
vn -0.00787402 0.125984 -0.992126 
vn -0.00787402 0.125984 -0.992126 
vn -0.00787402 0.125984 -0.992126 
vn -0.393701 -0.220472 0.889764 
vn -0.393701 -0.220472 0.889764 
vn -0.393701 -0.220472 0.889764 
vn -0.393701 -0.220472 0.889764 

vt 0.5 -0.75 
vt 0.5 -0.75 
vt 0.942583 -0.952595 
vt 0.5 -0.952595 
vt 0.525 -0.75 
vt 0.5 -0.75 
vt 0.525 -0.952595 
vt 0.5 -0.952595 
vt 0.942583 -0.75 
vt 0.942583 -0.75 
vt 0.942583 -0.952595 
vt 0.5 -0.952595 
vt 0.525 -0.75 
vt 0.5 -0.75 
vt 0.525 -1.19258 
vt 0.5 -1.19258 
vt 0.525 -0.75 
vt 0.5 -0.75 
vt 0.525 -1.23675 
vt 0.5 -1.23675 

usemtl Triangleb330586158752441Mtl

f 2953/2953/2953 2954/2954/2954 2955/2955/2955 
f 2955/2955/2955 2954/2954/2954 2956/2956/2956 
f 2957/2957/2957 2958/2958/2958 2959/2959/2959 
f 2959/2959/2959 2958/2958/2958 2960/2960/2960 
f 2961/2961/2961 2962/2962/2962 2963/2963/2963 
f 2963/2963/2963 2962/2962/2962 2964/2964/2964 
f 2965/2965/2965 2966/2966/2966 2967/2967/2967 
f 2967/2967/2967 2966/2966/2966 2968/2968/2968 
f 2969/2969/2969 2970/2970/2970 2971/2971/2971 
f 2971/2971/2971 2970/2970/2970 2972/2972/2972 

g Trianglea348732688665393

v -30.7223 33.6465 -20.6295 
v -30.7223 33.6465 -20.6295 
v -34.8283 33.1937 -18.986 
v -32.283 33.7288 -21.9534 
v -30.7223 33.6465 -20.6295 
v -30.7108 33.4485 -20.6553 
v -32.283 33.7288 -21.9534 
v -32.2715 33.5308 -21.9792 
v -30.7108 33.4485 -20.6553 
v -30.7108 33.4485 -20.6553 
v -32.2715 33.5308 -21.9792 
v -34.8168 32.9957 -19.0119 
v -34.8168 32.9957 -19.0119 
v -34.8283 33.1937 -18.986 
v -32.2715 33.5308 -21.9792 
v -32.283 33.7288 -21.9534 
v -30.7108 33.4485 -20.6553 
v -30.7223 33.6465 -20.6295 
v -34.8168 32.9957 -19.0119 
v -34.8283 33.1937 -18.986 

vn -0.0551181 0.992126 0.125984 
vn -0.0551181 0.992126 0.125984 
vn -0.0551181 0.992126 0.125984 
vn -0.0551181 0.992126 0.125984 
vn 0.645669 0.133858 -0.755906 
vn 0.645669 0.133858 -0.755906 
vn 0.645669 0.133858 -0.755906 
vn 0.645669 0.133858 -0.755906 
vn 0.0551181 -0.992126 -0.125984 
vn 0.0551181 -0.992126 -0.125984 
vn 0.0551181 -0.992126 -0.125984 
vn 0.0551181 -0.992126 -0.125984 
vn -0.76378 0.0393701 -0.645669 
vn -0.76378 0.0393701 -0.645669 
vn -0.76378 0.0393701 -0.645669 
vn -0.76378 0.0393701 -0.645669 
vn 0.377953 -0.0944882 0.92126 
vn 0.377953 -0.0944882 0.92126 
vn 0.377953 -0.0944882 0.92126 
vn 0.377953 -0.0944882 0.92126 

vt 7 0.5 
vt 7 0.5 
vt 7.49324 0.243971 
vt 7 0.243971 
vt 7.025 0.5 
vt 7 0.5 
vt 7.025 0.243971 
vt 7 0.243971 
vt 7.49324 0.5 
vt 7.49324 0.5 
vt 7.49324 0.243971 
vt 7 0.243971 
vt 7.025 0.5 
vt 7 0.5 
vt 7.025 0.00676191 
vt 7 0.00676191 
vt 7.025 0.5 
vt 7 0.5 
vt 7.025 -0.0557289 
vt 7 -0.0557289 

usemtl Triangleb348733098506931Mtl

f 2973/2973/2973 2974/2974/2974 2975/2975/2975 
f 2975/2975/2975 2974/2974/2974 2976/2976/2976 
f 2977/2977/2977 2978/2978/2978 2979/2979/2979 
f 2979/2979/2979 2978/2978/2978 2980/2980/2980 
f 2981/2981/2981 2982/2982/2982 2983/2983/2983 
f 2983/2983/2983 2982/2982/2982 2984/2984/2984 
f 2985/2985/2985 2986/2986/2986 2987/2987/2987 
f 2987/2987/2987 2986/2986/2986 2988/2988/2988 
f 2989/2989/2989 2990/2990/2990 2991/2991/2991 
f 2991/2991/2991 2990/2990/2990 2992/2992/2992 

g Trianglea344591493129733

v -39.9022 31.578 -25.0012 
v -39.9022 31.578 -25.0012 
v -38.2224 32.325 -20.6964 
v -37.6437 32.5092 -24.6249 
v -39.9022 31.578 -25.0012 
v -39.9781 31.763 -25.0037 
v -37.6437 32.5092 -24.6249 
v -37.7196 32.6943 -24.6274 
v -39.9781 31.763 -25.0037 
v -39.9781 31.763 -25.0037 
v -37.7196 32.6943 -24.6274 
v -38.2983 32.51 -20.6989 
v -38.2983 32.51 -20.6989 
v -38.2224 32.325 -20.6964 
v -37.7196 32.6943 -24.6274 
v -37.6437 32.5092 -24.6249 
v -39.9781 31.763 -25.0037 
v -39.9022 31.578 -25.0012 
v -38.2983 32.51 -20.6989 
v -38.2224 32.325 -20.6964 

vn 0.377953 -0.92126 0.015748 
vn 0.377953 -0.92126 0.015748 
vn 0.377953 -0.92126 0.015748 
vn 0.377953 -0.92126 0.015748 
vn 0.141732 0.0472441 -0.992126 
vn 0.141732 0.0472441 -0.992126 
vn 0.141732 0.0472441 -0.992126 
vn 0.141732 0.0472441 -0.992126 
vn -0.377953 0.92126 -0.015748 
vn -0.377953 0.92126 -0.015748 
vn -0.377953 0.92126 -0.015748 
vn -0.377953 0.92126 -0.015748 
vn 0.913386 0.377953 0.149606 
vn 0.913386 0.377953 0.149606 
vn 0.913386 0.377953 0.149606 
vn 0.913386 0.377953 0.149606 
vn -0.850394 -0.346457 0.393701 
vn -0.850394 -0.346457 0.393701 
vn -0.850394 -0.346457 0.393701 
vn -0.850394 -0.346457 0.393701 

vt 7 -3.75 
vt 7 -3.75 
vt 7.49689 -4.05897 
vt 7 -4.05897 
vt 7.025 -3.75 
vt 7 -3.75 
vt 7.025 -4.05897 
vt 7 -4.05897 
vt 7.49689 -3.75 
vt 7.49689 -3.75 
vt 7.49689 -4.05897 
vt 7 -4.05897 
vt 7.025 -3.75 
vt 7 -3.75 
vt 7.025 -4.24689 
vt 7 -4.24689 
vt 7.025 -3.75 
vt 7 -3.75 
vt 7.025 -4.33512 
vt 7 -4.33512 

usemtl Triangleb348733098506931Mtl

f 2993/2993/2993 2994/2994/2994 2995/2995/2995 
f 2995/2995/2995 2994/2994/2994 2996/2996/2996 
f 2997/2997/2997 2998/2998/2998 2999/2999/2999 
f 2999/2999/2999 2998/2998/2998 3000/3000/3000 
f 3001/3001/3001 3002/3002/3002 3003/3003/3003 
f 3003/3003/3003 3002/3002/3002 3004/3004/3004 
f 3005/3005/3005 3006/3006/3006 3007/3007/3007 
f 3007/3007/3007 3006/3006/3006 3008/3008/3008 
f 3009/3009/3009 3010/3010/3010 3011/3011/3011 
f 3011/3011/3011 3010/3010/3010 3012/3012/3012 

g Trianglea34131129121783

v -34.8442 33.6729 -24.1215 
v -34.8442 33.6729 -24.1215 
v -34.1462 31.9282 -29.1609 
v -37.0962 32.2558 -27.0535 
v -34.8442 33.6729 -24.1215 
v -34.8723 33.8588 -24.1898 
v -37.0962 32.2558 -27.0535 
v -37.1243 32.4417 -27.1218 
v -34.8723 33.8588 -24.1898 
v -34.8723 33.8588 -24.1898 
v -37.1243 32.4417 -27.1218 
v -34.1743 32.1141 -29.2292 
v -34.1743 32.1141 -29.2292 
v -34.1462 31.9282 -29.1609 
v -37.1243 32.4417 -27.1218 
v -37.0962 32.2558 -27.0535 
v -34.8723 33.8588 -24.1898 
v -34.8442 33.6729 -24.1215 
v -34.1743 32.1141 -29.2292 
v -34.1462 31.9282 -29.1609 

vn 0.141732 -0.929134 0.338583 
vn 0.141732 -0.929134 0.338583 
vn 0.141732 -0.929134 0.338583 
vn 0.141732 -0.929134 0.338583 
vn -0.811024 0.0866142 0.582677 
vn -0.811024 0.0866142 0.582677 
vn -0.811024 0.0866142 0.582677 
vn -0.811024 0.0866142 0.582677 
vn -0.141732 0.929134 -0.338583 
vn -0.141732 0.929134 -0.338583 
vn -0.141732 0.929134 -0.338583 
vn -0.141732 0.929134 -0.338583 
vn -0.566929 -0.354331 -0.740157 
vn -0.566929 -0.354331 -0.740157 
vn -0.566929 -0.354331 -0.740157 
vn -0.566929 -0.354331 -0.740157 
vn 0.984252 0.173228 0.0787402 
vn 0.984252 0.173228 0.0787402 
vn 0.984252 0.173228 0.0787402 
vn 0.984252 0.173228 0.0787402 

vt 6 -2.75 
vt 6 -2.75 
vt 6.45502 -3.24491 
vt 6 -3.24491 
vt 6.025 -2.75 
vt 6 -2.75 
vt 6.025 -3.24491 
vt 6 -3.24491 
vt 6.45502 -2.75 
vt 6.45502 -2.75 
vt 6.45502 -3.24491 
vt 6 -3.24491 
vt 6.025 -2.75 
vt 6 -2.75 
vt 6.025 -3.20502 
vt 6 -3.20502 
vt 6.025 -2.75 
vt 6 -2.75 
vt 6.025 -3.42229 
vt 6 -3.42229 

usemtl Triangleb348733098506931Mtl

f 3013/3013/3013 3014/3014/3014 3015/3015/3015 
f 3015/3015/3015 3014/3014/3014 3016/3016/3016 
f 3017/3017/3017 3018/3018/3018 3019/3019/3019 
f 3019/3019/3019 3018/3018/3018 3020/3020/3020 
f 3021/3021/3021 3022/3022/3022 3023/3023/3023 
f 3023/3023/3023 3022/3022/3022 3024/3024/3024 
f 3025/3025/3025 3026/3026/3026 3027/3027/3027 
f 3027/3027/3027 3026/3026/3026 3028/3028/3028 
f 3029/3029/3029 3030/3030/3030 3031/3031/3031 
f 3031/3031/3031 3030/3030/3030 3032/3032/3032 

g Trianglea33448599195483

v -29.0338 33.3612 -24.1329 
v -29.0338 33.3612 -24.1329 
v -30.6461 32.661 -27.4927 
v -30.6048 33.4441 -24.1329 
v -29.0338 33.3612 -24.1329 
v -29.0236 33.5557 -24.1783 
v -30.6048 33.4441 -24.1329 
v -30.5945 33.6386 -24.1783 
v -29.0236 33.5557 -24.1783 
v -29.0236 33.5557 -24.1783 
v -30.5945 33.6386 -24.1783 
v -30.6358 32.8555 -27.5382 
v -30.6358 32.8555 -27.5382 
v -30.6461 32.661 -27.4927 
v -30.5945 33.6386 -24.1783 
v -30.6048 33.4441 -24.1329 
v -29.0236 33.5557 -24.1783 
v -29.0338 33.3612 -24.1329 
v -30.6358 32.8555 -27.5382 
v -30.6461 32.661 -27.4927 

vn -0.0551181 -0.976378 0.228346 
vn -0.0551181 -0.976378 0.228346 
vn -0.0551181 -0.976378 0.228346 
vn -0.0551181 -0.976378 0.228346 
vn 0.015748 0.228346 0.976378 
vn 0.015748 0.228346 0.976378 
vn 0.015748 0.228346 0.976378 
vn 0.015748 0.228346 0.976378 
vn 0.0551181 0.976378 -0.228346 
vn 0.0551181 0.976378 -0.228346 
vn 0.0551181 0.976378 -0.228346 
vn 0.0551181 0.976378 -0.228346 
vn -1 0.0551181 0 
vn -1 0.0551181 0 
vn -1 0.0551181 0 
vn -1 0.0551181 0 
vn 0.905512 -0.141732 -0.401575 
vn 0.905512 -0.141732 -0.401575 
vn 0.905512 -0.141732 -0.401575 
vn 0.905512 -0.141732 -0.401575 

vt 4.75 -1.5 
vt 4.75 -1.5 
vt 5.18127 -1.69664 
vt 4.75 -1.69664 
vt 4.775 -1.5 
vt 4.75 -1.5 
vt 4.775 -1.69664 
vt 4.75 -1.69664 
vt 5.18127 -1.5 
vt 5.18127 -1.5 
vt 5.18127 -1.69664 
vt 4.75 -1.69664 
vt 4.775 -1.5 
vt 4.75 -1.5 
vt 4.775 -1.93127 
vt 4.75 -1.93127 
vt 4.775 -1.5 
vt 4.75 -1.5 
vt 4.775 -1.97398 
vt 4.75 -1.97398 

usemtl Triangleb348733098506931Mtl

f 3033/3033/3033 3034/3034/3034 3035/3035/3035 
f 3035/3035/3035 3034/3034/3034 3036/3036/3036 
f 3037/3037/3037 3038/3038/3038 3039/3039/3039 
f 3039/3039/3039 3038/3038/3038 3040/3040/3040 
f 3041/3041/3041 3042/3042/3042 3043/3043/3043 
f 3043/3043/3043 3042/3042/3042 3044/3044/3044 
f 3045/3045/3045 3046/3046/3046 3047/3047/3047 
f 3047/3047/3047 3046/3046/3046 3048/3048/3048 
f 3049/3049/3049 3050/3050/3050 3051/3051/3051 
f 3051/3051/3051 3050/3050/3050 3052/3052/3052 

g Trianglea330585768938063

v -34.8635 33.666 -24.1556 
v -34.8635 33.666 -24.1556 
v -30.7217 33.4476 -20.6423 
v -30.7217 33.4476 -24.1556 
v -34.8635 33.666 -24.1556 
v -34.853 33.8657 -24.1556 
v -30.7217 33.4476 -24.1556 
v -30.7112 33.6473 -24.1556 
v -34.853 33.8657 -24.1556 
v -34.853 33.8657 -24.1556 
v -30.7112 33.6473 -24.1556 
v -30.7112 33.6473 -20.6423 
v -30.7112 33.6473 -20.6423 
v -30.7217 33.4476 -20.6423 
v -30.7112 33.6473 -24.1556 
v -30.7217 33.4476 -24.1556 
v -34.853 33.8657 -24.1556 
v -34.8635 33.666 -24.1556 
v -30.7112 33.6473 -20.6423 
v -30.7217 33.4476 -20.6423 

vn -0.0551181 -1 0 
vn -0.0551181 -1 0 
vn -0.0551181 -1 0 
vn -0.0551181 -1 0 
vn 0 0 -1 
vn 0 0 -1 
vn 0 0 -1 
vn 0 0 -1 
vn 0.0551181 1 0 
vn 0.0551181 1 0 
vn 0.0551181 1 0 
vn 0.0551181 1 0 
vn 1 -0.0551181 0 
vn 1 -0.0551181 0 
vn 1 -0.0551181 0 
vn 1 -0.0551181 0 
vn -0.645669 0.0314961 0.76378 
vn -0.645669 0.0314961 0.76378 
vn -0.645669 0.0314961 0.76378 
vn -0.645669 0.0314961 0.76378 

vt 1.75 -5 
vt 1.75 -5 
vt 2.18917 -5.51844 
vt 1.75 -5.51844 
vt 1.775 -5 
vt 1.75 -5 
vt 1.775 -5.51844 
vt 1.75 -5.51844 
vt 2.18917 -5 
vt 2.18917 -5 
vt 2.18917 -5.51844 
vt 1.75 -5.51844 
vt 1.775 -5 
vt 1.75 -5 
vt 1.775 -5.43917 
vt 1.75 -5.43917 
vt 1.775 -5 
vt 1.75 -5 
vt 1.775 -5.67945 
vt 1.75 -5.67945 

usemtl Triangleb330586158752441Mtl

f 3053/3053/3053 3054/3054/3054 3055/3055/3055 
f 3055/3055/3055 3054/3054/3054 3056/3056/3056 
f 3057/3057/3057 3058/3058/3058 3059/3059/3059 
f 3059/3059/3059 3058/3058/3058 3060/3060/3060 
f 3061/3061/3061 3062/3062/3062 3063/3063/3063 
f 3063/3063/3063 3062/3062/3062 3064/3064/3064 
f 3065/3065/3065 3066/3066/3066 3067/3067/3067 
f 3067/3067/3067 3066/3066/3066 3068/3068/3068 
f 3069/3069/3069 3070/3070/3070 3071/3071/3071 
f 3071/3071/3071 3070/3070/3070 3072/3072/3072 

g Trianglea319809214353563

v -34.8622 33.8601 -24.1888 
v -34.8622 33.8601 -24.1888 
v -34.1642 32.1154 -29.2282 
v -31.8301 33.1356 -26.6044 
v -34.8622 33.8601 -24.1888 
v -34.8544 33.6716 -24.1225 
v -31.8301 33.1356 -26.6044 
v -31.8223 32.9471 -26.538 
v -34.8544 33.6716 -24.1225 
v -34.8544 33.6716 -24.1225 
v -31.8223 32.9471 -26.538 
v -34.1564 31.9269 -29.1619 
v -34.1564 31.9269 -29.1619 
v -34.1642 32.1154 -29.2282 
v -31.8223 32.9471 -26.538 
v -31.8301 33.1356 -26.6044 
v -34.8544 33.6716 -24.1225 
v -34.8622 33.8601 -24.1888 
v -34.1564 31.9269 -29.1619 
v -34.1642 32.1154 -29.2282 

vn -0.0393701 0.944882 -0.330709 
vn -0.0393701 0.944882 -0.330709 
vn -0.0393701 0.944882 -0.330709 
vn -0.0393701 0.944882 -0.330709 
vn 0.637795 0.275591 0.716535 
vn 0.637795 0.275591 0.716535 
vn 0.637795 0.275591 0.716535 
vn 0.637795 0.275591 0.716535 
vn 0.0393701 -0.944882 0.330709 
vn 0.0393701 -0.944882 0.330709 
vn 0.0393701 -0.944882 0.330709 
vn 0.0393701 -0.944882 0.330709 
vn 0.771654 -0.181102 -0.614173 
vn 0.771654 -0.181102 -0.614173 
vn 0.771654 -0.181102 -0.614173 
vn 0.771654 -0.181102 -0.614173 
vn -0.992126 -0.0787402 -0.110236 
vn -0.992126 -0.0787402 -0.110236 
vn -0.992126 -0.0787402 -0.110236 
vn -0.992126 -0.0787402 -0.110236 

vt 1 -4.5 
vt 1 -4.5 
vt 1.45712 -4.99297 
vt 1 -4.99297 
vt 1.025 -4.5 
vt 1 -4.5 
vt 1.025 -4.99297 
vt 1 -4.99297 
vt 1.45712 -4.5 
vt 1.45712 -4.5 
vt 1.45712 -4.99297 
vt 1 -4.99297 
vt 1.025 -4.5 
vt 1 -4.5 
vt 1.025 -4.95712 
vt 1 -4.95712 
vt 1.025 -4.5 
vt 1 -4.5 
vt 1.025 -5.17229 
vt 1 -5.17229 

usemtl Triangleb330586158752441Mtl

f 3073/3073/3073 3074/3074/3074 3075/3075/3075 
f 3075/3075/3075 3074/3074/3074 3076/3076/3076 
f 3077/3077/3077 3078/3078/3078 3079/3079/3079 
f 3079/3079/3079 3078/3078/3078 3080/3080/3080 
f 3081/3081/3081 3082/3082/3082 3083/3083/3083 
f 3083/3083/3083 3082/3082/3082 3084/3084/3084 
f 3085/3085/3085 3086/3086/3086 3087/3087/3087 
f 3087/3087/3087 3086/3086/3086 3088/3088/3088 
f 3089/3089/3089 3090/3090/3090 3091/3091/3091 
f 3091/3091/3091 3090/3090/3090 3092/3092/3092 

g Trianglea313427897930153

v -34.8932 33.8579 -24.1732 
v -34.8932 33.8579 -24.1732 
v -39.9751 31.7624 -25.02 
v -37.3205 32.3305 -27.3334 
v -34.8932 33.8579 -24.1732 
v -34.8232 33.6739 -24.138 
v -37.3205 32.3305 -27.3334 
v -37.2505 32.1465 -27.2983 
v -34.8232 33.6739 -24.138 
v -34.8232 33.6739 -24.138 
v -37.2505 32.1465 -27.2983 
v -39.9051 31.5784 -24.9848 
v -39.9051 31.5784 -24.9848 
v -39.9751 31.7624 -25.02 
v -37.2505 32.1465 -27.2983 
v -37.3205 32.3305 -27.3334 
v -34.8232 33.6739 -24.138 
v -34.8932 33.8579 -24.1732 
v -39.9051 31.5784 -24.9848 
v -39.9751 31.7624 -25.02 

vn -0.346457 0.92126 -0.173228 
vn -0.346457 0.92126 -0.173228 
vn -0.346457 0.92126 -0.173228 
vn -0.346457 0.92126 -0.173228 
vn 0.748031 0.15748 -0.645669 
vn 0.748031 0.15748 -0.645669 
vn 0.748031 0.15748 -0.645669 
vn 0.748031 0.15748 -0.645669 
vn 0.346457 -0.92126 0.173228 
vn 0.346457 -0.92126 0.173228 
vn 0.346457 -0.92126 0.173228 
vn 0.346457 -0.92126 0.173228 
vn -0.566929 -0.354331 -0.740157 
vn -0.566929 -0.354331 -0.740157 
vn -0.566929 -0.354331 -0.740157 
vn -0.566929 -0.354331 -0.740157 
vn -0.204724 0.110236 0.976378 
vn -0.204724 0.110236 0.976378 
vn -0.204724 0.110236 0.976378 
vn -0.204724 0.110236 0.976378 

vt 1.5 0.75 
vt 1.5 0.75 
vt 1.94584 0.216559 
vt 1.5 0.216559 
vt 1.525 0.75 
vt 1.5 0.75 
vt 1.525 0.216559 
vt 1.5 0.216559 
vt 1.94584 0.75 
vt 1.94584 0.75 
vt 1.94584 0.216559 
vt 1.5 0.216559 
vt 1.525 0.75 
vt 1.5 0.75 
vt 1.525 0.304159 
vt 1.5 0.304159 
vt 1.525 0.75 
vt 1.5 0.75 
vt 1.525 0.0547776 
vt 1.5 0.0547776 

usemtl Triangleb330586158752441Mtl

f 3093/3093/3093 3094/3094/3094 3095/3095/3095 
f 3095/3095/3095 3094/3094/3094 3096/3096/3096 
f 3097/3097/3097 3098/3098/3098 3099/3099/3099 
f 3099/3099/3099 3098/3098/3098 3100/3100/3100 
f 3101/3101/3101 3102/3102/3102 3103/3103/3103 
f 3103/3103/3103 3102/3102/3102 3104/3104/3104 
f 3105/3105/3105 3106/3106/3106 3107/3107/3107 
f 3107/3107/3107 3106/3106/3106 3108/3108/3108 
f 3109/3109/3109 3110/3110/3110 3111/3111/3111 
f 3111/3111/3111 3110/3110/3110 3112/3112/3112 

g Trianglea307557596206673

v -34.833 33.6699 -24.1684 
v -34.833 33.6699 -24.1684 
v -38.2351 32.3215 -20.7103 
v -34.8084 33.2079 -20.6187 
v -34.833 33.6699 -24.1684 
v -34.8833 33.8618 -24.143 
v -34.8084 33.2079 -20.6187 
v -34.8587 33.3998 -20.5934 
v -34.8833 33.8618 -24.143 
v -34.8833 33.8618 -24.143 
v -34.8587 33.3998 -20.5934 
v -38.2854 32.5134 -20.685 
v -38.2854 32.5134 -20.685 
v -38.2351 32.3215 -20.7103 
v -34.8587 33.3998 -20.5934 
v -34.8084 33.2079 -20.6187 
v -34.8833 33.8618 -24.143 
v -34.833 33.6699 -24.1684 
v -38.2854 32.5134 -20.685 
v -38.2351 32.3215 -20.7103 

vn 0.251969 -0.96063 -0.125984 
vn 0.251969 -0.96063 -0.125984 
vn 0.251969 -0.96063 -0.125984 
vn 0.251969 -0.96063 -0.125984 
vn 0.968504 0.251969 0.023622 
vn 0.968504 0.251969 0.023622 
vn 0.968504 0.251969 0.023622 
vn 0.968504 0.251969 0.023622 
vn -0.251969 0.96063 0.125984 
vn -0.251969 0.96063 0.125984 
vn -0.251969 0.96063 0.125984 
vn -0.251969 0.96063 0.125984 
vn 0.00787402 -0.125984 0.992126 
vn 0.00787402 -0.125984 0.992126 
vn 0.00787402 -0.125984 0.992126 
vn 0.00787402 -0.125984 0.992126 
vn -0.692913 -0.0866142 -0.716535 
vn -0.692913 -0.0866142 -0.716535 
vn -0.692913 -0.0866142 -0.716535 
vn -0.692913 -0.0866142 -0.716535 

vt 5.25 0.5 
vt 5.25 0.5 
vt 5.69258 0.0525428 
vt 5.25 0.0525428 
vt 5.275 0.5 
vt 5.25 0.5 
vt 5.275 0.0525428 
vt 5.25 0.0525428 
vt 5.69258 0.5 
vt 5.69258 0.5 
vt 5.69258 0.0525428 
vt 5.25 0.0525428 
vt 5.275 0.5 
vt 5.25 0.5 
vt 5.275 0.0574175 
vt 5.25 0.0574175 
vt 5.275 0.5 
vt 5.25 0.5 
vt 5.275 -0.129363 
vt 5.25 -0.129363 

usemtl Triangleb330586158752441Mtl

f 3113/3113/3113 3114/3114/3114 3115/3115/3115 
f 3115/3115/3115 3114/3114/3114 3116/3116/3116 
f 3117/3117/3117 3118/3118/3118 3119/3119/3119 
f 3119/3119/3119 3118/3118/3118 3120/3120/3120 
f 3121/3121/3121 3122/3122/3122 3123/3123/3123 
f 3123/3123/3123 3122/3122/3122 3124/3124/3124 
f 3125/3125/3125 3126/3126/3126 3127/3127/3127 
f 3127/3127/3127 3126/3126/3126 3128/3128/3128 
f 3129/3129/3129 3130/3130/3130 3131/3131/3131 
f 3131/3131/3131 3130/3130/3130 3132/3132/3132 

g Part84

v -33.721 25.5358 -23.4289 
v -33.5851 25.5497 -23.4775 
v -33.5969 25.5458 -23.5033 
v -33.6204 25.5399 -23.5332 
v -33.658 25.5325 -23.5594 
v -33.7021 25.5254 -23.5723 
v -33.7402 25.5203 -23.5718 
v -33.7678 25.5172 -23.5649 
v -33.7678 25.5172 -23.5649 
v -33.7935 25.5149 -23.5527 
v -33.8236 25.513 -23.5288 
v -33.8502 25.5128 -23.4906 
v -33.8635 25.515 -23.4462 
v -33.8634 25.5185 -23.4078 
v -33.8569 25.5218 -23.3802 
v -33.8569 25.5218 -23.3802 
v -33.8451 25.5257 -23.3545 
v -33.8216 25.5316 -23.3246 
v -33.784 25.539 -23.2983 
v -33.7399 25.5461 -23.2855 
v -33.7018 25.5512 -23.286 
v -33.6742 25.5543 -23.2929 
v -33.6742 25.5543 -23.2929 
v -33.6485 25.5567 -23.3051 
v -33.6184 25.5586 -23.329 
v -33.5918 25.5587 -23.3671 
v -33.5785 25.5565 -23.4116 
v -33.5786 25.553 -23.4499 
v -33.5851 25.5497 -23.4775 
v -34.7825 33.7871 -24.0336 
v -33.6742 25.5543 -23.2929 
v -34.7567 33.7894 -24.0458 
v -33.6485 25.5567 -23.3051 
v -34.7267 33.7913 -24.0698 
v -33.6184 25.5586 -23.329 
v -34.7001 33.7915 -24.1079 
v -33.5918 25.5587 -23.3671 
v -34.6868 33.7893 -24.1523 
v -33.5785 25.5565 -23.4116 
v -34.6869 33.7858 -24.1907 
v -33.5786 25.553 -23.4499 
v -34.6934 33.7824 -24.2183 
v -33.5851 25.5497 -23.4775 
v -33.6742 25.5543 -23.2929 
v -34.7825 33.7871 -24.0336 
v -33.7018 25.5512 -23.286 
v -34.81 33.784 -24.0267 
v -33.7399 25.5461 -23.2855 
v -34.8482 33.7789 -24.0262 
v -33.784 25.539 -23.2983 
v -34.8923 33.7718 -24.0391 
v -33.8216 25.5316 -23.3246 
v -34.9299 33.7644 -24.0653 
v -33.8451 25.5257 -23.3545 
v -34.9533 33.7585 -24.0952 
v -33.8569 25.5218 -23.3802 
v -34.9652 33.7546 -24.121 
v -34.8293 33.7685 -24.1696 
v -34.7825 33.7871 -24.0336 
v -34.81 33.784 -24.0267 
v -34.8482 33.7789 -24.0262 
v -34.8923 33.7718 -24.0391 
v -34.9299 33.7644 -24.0653 
v -34.9533 33.7585 -24.0952 
v -34.9652 33.7546 -24.121 
v -34.9652 33.7546 -24.121 
v -34.9717 33.7513 -24.1486 
v -34.9717 33.7478 -24.1869 
v -34.9585 33.7456 -24.2314 
v -34.9319 33.7457 -24.2695 
v -34.9018 33.7476 -24.2934 
v -34.8761 33.75 -24.3056 
v -34.8761 33.75 -24.3056 
v -34.8485 33.7531 -24.3125 
v -34.8104 33.7582 -24.313 
v -34.7663 33.7653 -24.3002 
v -34.7287 33.7727 -24.274 
v -34.7052 33.7785 -24.244 
v -34.6934 33.7824 -24.2183 
v -34.6934 33.7824 -24.2183 
v -34.6869 33.7858 -24.1907 
v -34.6868 33.7893 -24.1523 
v -34.7001 33.7915 -24.1079 
v -34.7267 33.7913 -24.0698 
v -34.7567 33.7894 -24.0458 
v -34.7825 33.7871 -24.0336 
v -34.8761 33.75 -24.3056 
v -33.7678 25.5172 -23.5649 
v -34.9018 33.7476 -24.2934 
v -33.7935 25.5149 -23.5527 
v -34.9319 33.7457 -24.2695 
v -33.8236 25.513 -23.5288 
v -34.9585 33.7456 -24.2314 
v -33.8502 25.5128 -23.4906 
v -34.9717 33.7478 -24.1869 
v -33.8635 25.515 -23.4462 
v -34.9717 33.7513 -24.1486 
v -33.8634 25.5185 -23.4078 
v -34.9652 33.7546 -24.121 
v -33.8569 25.5218 -23.3802 
v -34.6934 33.7824 -24.2183 
v -33.5851 25.5497 -23.4775 
v -34.7052 33.7785 -24.244 
v -33.5969 25.5458 -23.5033 
v -34.7287 33.7727 -24.274 
v -33.6204 25.5399 -23.5332 
v -34.7663 33.7653 -24.3002 
v -33.658 25.5325 -23.5594 
v -34.8104 33.7582 -24.313 
v -33.7021 25.5254 -23.5723 
v -34.8485 33.7531 -24.3125 
v -33.7402 25.5203 -23.5718 
v -34.8761 33.75 -24.3056 
v -33.7678 25.5172 -23.5649 

vn 0.133858 -0.984252 0.0866142 
vn 0.133858 -0.984252 0.0866142 
vn 0.133858 -0.984252 0.0866142 
vn 0.133858 -0.984252 0.0866142 
vn 0.133858 -0.984252 0.0866142 
vn 0.133858 -0.984252 0.0866142 
vn 0.133858 -0.984252 0.0866142 
vn 0.133858 -0.984252 0.0866142 
vn 0.133858 -0.984252 0.0866142 
vn 0.133858 -0.984252 0.0866142 
vn 0.133858 -0.984252 0.0866142 
vn 0.133858 -0.984252 0.0866142 
vn 0.133858 -0.984252 0.0866142 
vn 0.133858 -0.984252 0.0866142 
vn 0.133858 -0.984252 0.0866142 
vn 0.133858 -0.984252 0.0866142 
vn 0.133858 -0.984252 0.0866142 
vn 0.133858 -0.984252 0.0866142 
vn 0.133858 -0.984252 0.0866142 
vn 0.133858 -0.984252 0.0866142 
vn 0.133858 -0.984252 0.0866142 
vn 0.133858 -0.984252 0.0866142 
vn 0.133858 -0.984252 0.0866142 
vn 0.133858 -0.984252 0.0866142 
vn 0.133858 -0.984252 0.0866142 
vn 0.133858 -0.984252 0.0866142 
vn 0.133858 -0.984252 0.0866142 
vn 0.133858 -0.984252 0.0866142 
vn 0.133858 -0.984252 0.0866142 
vn 0.322835 0.125984 0.937008 
vn 0.322835 0.125984 0.937008 
vn 0.503937 0.141732 0.850394 
vn 0.503937 0.141732 0.850394 
vn 0.708661 0.15748 0.685039 
vn 0.708661 0.15748 0.685039 
vn 0.889764 0.15748 0.425197 
vn 0.889764 0.15748 0.425197 
vn 0.984252 0.141732 0.11811 
vn 0.984252 0.141732 0.11811 
vn 0.984252 0.11811 -0.141732 
vn 0.984252 0.11811 -0.141732 
vn 0.937008 0.0944882 -0.338583 
vn 0.937008 0.0944882 -0.338583 
vn 0.322835 0.125984 0.937008 
vn 0.322835 0.125984 0.937008 
vn 0.133858 0.110236 0.984252 
vn 0.133858 0.110236 0.984252 
vn -0.133858 0.0708661 0.992126 
vn -0.133858 0.0708661 0.992126 
vn -0.433071 0.023622 0.897638 
vn -0.433071 0.023622 0.897638 
vn -0.692913 -0.0314961 0.716535 
vn -0.692913 -0.0314961 0.716535 
vn -0.858268 -0.0708661 0.511811 
vn -0.858268 -0.0708661 0.511811 
vn -0.937008 -0.0944882 0.338583 
vn -0.937008 -0.0944882 0.338583 
vn -0.133858 0.984252 -0.0866142 
vn -0.133858 0.984252 -0.0866142 
vn -0.133858 0.984252 -0.0866142 
vn -0.133858 0.984252 -0.0866142 
vn -0.133858 0.984252 -0.0866142 
vn -0.133858 0.984252 -0.0866142 
vn -0.133858 0.984252 -0.0866142 
vn -0.133858 0.984252 -0.0866142 
vn -0.133858 0.984252 -0.0866142 
vn -0.133858 0.984252 -0.0866142 
vn -0.133858 0.984252 -0.0866142 
vn -0.133858 0.984252 -0.0866142 
vn -0.133858 0.984252 -0.0866142 
vn -0.133858 0.984252 -0.0866142 
vn -0.133858 0.984252 -0.0866142 
vn -0.133858 0.984252 -0.0866142 
vn -0.133858 0.984252 -0.0866142 
vn -0.133858 0.984252 -0.0866142 
vn -0.133858 0.984252 -0.0866142 
vn -0.133858 0.984252 -0.0866142 
vn -0.133858 0.984252 -0.0866142 
vn -0.133858 0.984252 -0.0866142 
vn -0.133858 0.984252 -0.0866142 
vn -0.133858 0.984252 -0.0866142 
vn -0.133858 0.984252 -0.0866142 
vn -0.133858 0.984252 -0.0866142 
vn -0.133858 0.984252 -0.0866142 
vn -0.133858 0.984252 -0.0866142 
vn -0.133858 0.984252 -0.0866142 
vn -0.322835 -0.125984 -0.937008 
vn -0.322835 -0.125984 -0.937008 
vn -0.503937 -0.141732 -0.850394 
vn -0.503937 -0.141732 -0.850394 
vn -0.708661 -0.15748 -0.685039 
vn -0.708661 -0.15748 -0.685039 
vn -0.889764 -0.15748 -0.425197 
vn -0.889764 -0.15748 -0.425197 
vn -0.984252 -0.141732 -0.11811 
vn -0.984252 -0.141732 -0.11811 
vn -0.984252 -0.11811 0.141732 
vn -0.984252 -0.11811 0.141732 
vn -0.937008 -0.0944882 0.338583 
vn -0.937008 -0.0944882 0.338583 
vn 0.937008 0.0944882 -0.338583 
vn 0.937008 0.0944882 -0.338583 
vn 0.858268 0.0708661 -0.511811 
vn 0.858268 0.0708661 -0.511811 
vn 0.692913 0.0314961 -0.716535 
vn 0.692913 0.0314961 -0.716535 
vn 0.433071 -0.023622 -0.897638 
vn 0.433071 -0.023622 -0.897638 
vn 0.133858 -0.0708661 -0.992126 
vn 0.133858 -0.0708661 -0.992126 
vn -0.133858 -0.110236 -0.984252 
vn -0.133858 -0.110236 -0.984252 
vn -0.322835 -0.125984 -0.937008 
vn -0.322835 -0.125984 -0.937008 

vt 6.26813 -5.51813 
vt 6.28094 -5.53094 
vt 6.27818 -5.53321 
vt 6.27386 -5.53532 
vt 6.26813 -5.53625 
vt 6.26239 -5.53532 
vt 6.25807 -5.53321 
vt 6.25531 -5.53094 
vt 6.25531 -5.53094 
vt 6.25304 -5.52818 
vt 6.25093 -5.52386 
vt 6.25 -5.51813 
vt 6.25093 -5.51239 
vt 6.25304 -5.50807 
vt 6.25531 -5.50531 
vt 6.25531 -5.50531 
vt 6.25807 -5.50304 
vt 6.26239 -5.50093 
vt 6.26813 -5.5 
vt 6.27386 -5.50093 
vt 6.27818 -5.50304 
vt 6.28094 -5.50531 
vt 6.28094 -5.50531 
vt 6.28321 -5.50807 
vt 6.28532 -5.51239 
vt 6.28625 -5.51813 
vt 6.28532 -5.52386 
vt 6.28321 -5.52818 
vt 6.28094 -5.53094 
vt 13.5425 -12 
vt 12.5 -12 
vt 13.5425 -12.006 
vt 12.5 -12.006 
vt 13.5425 -12.0121 
vt 12.5 -12.0121 
vt 13.5425 -12.0181 
vt 12.5 -12.0181 
vt 13.5425 -12.0242 
vt 12.5 -12.0242 
vt 13.5425 -12.0302 
vt 12.5 -12.0302 
vt 13.5425 -12.0362 
vt 12.5 -12.0362 
vt 13.5425 -12 
vt 12.5 -12 
vt 13.5425 -12.006 
vt 12.5 -12.006 
vt 13.5425 -12.0121 
vt 12.5 -12.0121 
vt 13.5425 -12.0181 
vt 12.5 -12.0181 
vt 13.5425 -12.0242 
vt 12.5 -12.0242 
vt 13.5425 -12.0302 
vt 12.5 -12.0302 
vt 13.5425 -12.0362 
vt 12.5 -12.0362 
vt 6.26813 -5.51813 
vt 6.25531 -5.50531 
vt 6.25807 -5.50304 
vt 6.26239 -5.50093 
vt 6.26813 -5.5 
vt 6.27386 -5.50093 
vt 6.27818 -5.50304 
vt 6.28094 -5.50531 
vt 6.28094 -5.50531 
vt 6.28321 -5.50807 
vt 6.28532 -5.51239 
vt 6.28625 -5.51813 
vt 6.28532 -5.52386 
vt 6.28321 -5.52818 
vt 6.28094 -5.53094 
vt 6.28094 -5.53094 
vt 6.27818 -5.53321 
vt 6.27386 -5.53532 
vt 6.26813 -5.53625 
vt 6.26239 -5.53532 
vt 6.25807 -5.53321 
vt 6.25531 -5.53094 
vt 6.25531 -5.53094 
vt 6.25304 -5.52818 
vt 6.25093 -5.52386 
vt 6.25 -5.51813 
vt 6.25093 -5.51239 
vt 6.25304 -5.50807 
vt 6.25531 -5.50531 
vt 13.5425 -12 
vt 12.5 -12 
vt 13.5425 -12.006 
vt 12.5 -12.006 
vt 13.5425 -12.0121 
vt 12.5 -12.0121 
vt 13.5425 -12.0181 
vt 12.5 -12.0181 
vt 13.5425 -12.0242 
vt 12.5 -12.0242 
vt 13.5425 -12.0302 
vt 12.5 -12.0302 
vt 13.5425 -12.0362 
vt 12.5 -12.0362 
vt 13.5425 -12 
vt 12.5 -12 
vt 13.5425 -12.006 
vt 12.5 -12.006 
vt 13.5425 -12.0121 
vt 12.5 -12.0121 
vt 13.5425 -12.0181 
vt 12.5 -12.0181 
vt 13.5425 -12.0242 
vt 12.5 -12.0242 
vt 13.5425 -12.0302 
vt 12.5 -12.0302 
vt 13.5425 -12.0362 
vt 12.5 -12.0362 

usemtl Part82Mtl

f 3133/3133/3133 3135/3135/3135 3134/3134/3134 
f 3133/3133/3133 3136/3136/3136 3135/3135/3135 
f 3133/3133/3133 3137/3137/3137 3136/3136/3136 
f 3133/3133/3133 3138/3138/3138 3137/3137/3137 
f 3133/3133/3133 3139/3139/3139 3138/3138/3138 
f 3133/3133/3133 3140/3140/3140 3139/3139/3139 
f 3133/3133/3133 3142/3142/3142 3141/3141/3141 
f 3133/3133/3133 3143/3143/3143 3142/3142/3142 
f 3133/3133/3133 3144/3144/3144 3143/3143/3143 
f 3133/3133/3133 3145/3145/3145 3144/3144/3144 
f 3133/3133/3133 3146/3146/3146 3145/3145/3145 
f 3133/3133/3133 3147/3147/3147 3146/3146/3146 
f 3133/3133/3133 3149/3149/3149 3148/3148/3148 
f 3133/3133/3133 3150/3150/3150 3149/3149/3149 
f 3133/3133/3133 3151/3151/3151 3150/3150/3150 
f 3133/3133/3133 3152/3152/3152 3151/3151/3151 
f 3133/3133/3133 3153/3153/3153 3152/3152/3152 
f 3133/3133/3133 3154/3154/3154 3153/3153/3153 
f 3133/3133/3133 3156/3156/3156 3155/3155/3155 
f 3133/3133/3133 3157/3157/3157 3156/3156/3156 
f 3133/3133/3133 3158/3158/3158 3157/3157/3157 
f 3133/3133/3133 3159/3159/3159 3158/3158/3158 
f 3133/3133/3133 3160/3160/3160 3159/3159/3159 
f 3133/3133/3133 3161/3161/3161 3160/3160/3160 
f 3162/3162/3162 3163/3163/3163 3164/3164/3164 
f 3164/3164/3164 3163/3163/3163 3165/3165/3165 
f 3164/3164/3164 3165/3165/3165 3166/3166/3166 
f 3166/3166/3166 3165/3165/3165 3167/3167/3167 
f 3166/3166/3166 3167/3167/3167 3168/3168/3168 
f 3168/3168/3168 3167/3167/3167 3169/3169/3169 
f 3168/3168/3168 3169/3169/3169 3170/3170/3170 
f 3170/3170/3170 3169/3169/3169 3171/3171/3171 
f 3170/3170/3170 3171/3171/3171 3172/3172/3172 
f 3172/3172/3172 3171/3171/3171 3173/3173/3173 
f 3172/3172/3172 3173/3173/3173 3174/3174/3174 
f 3174/3174/3174 3173/3173/3173 3175/3175/3175 
f 3176/3176/3176 3177/3177/3177 3178/3178/3178 
f 3178/3178/3178 3177/3177/3177 3179/3179/3179 
f 3178/3178/3178 3179/3179/3179 3180/3180/3180 
f 3180/3180/3180 3179/3179/3179 3181/3181/3181 
f 3180/3180/3180 3181/3181/3181 3182/3182/3182 
f 3182/3182/3182 3181/3181/3181 3183/3183/3183 
f 3182/3182/3182 3183/3183/3183 3184/3184/3184 
f 3184/3184/3184 3183/3183/3183 3185/3185/3185 
f 3184/3184/3184 3185/3185/3185 3186/3186/3186 
f 3186/3186/3186 3185/3185/3185 3187/3187/3187 
f 3186/3186/3186 3187/3187/3187 3188/3188/3188 
f 3188/3188/3188 3187/3187/3187 3189/3189/3189 
f 3190/3190/3190 3192/3192/3192 3191/3191/3191 
f 3190/3190/3190 3193/3193/3193 3192/3192/3192 
f 3190/3190/3190 3194/3194/3194 3193/3193/3193 
f 3190/3190/3190 3195/3195/3195 3194/3194/3194 
f 3190/3190/3190 3196/3196/3196 3195/3195/3195 
f 3190/3190/3190 3197/3197/3197 3196/3196/3196 
f 3190/3190/3190 3199/3199/3199 3198/3198/3198 
f 3190/3190/3190 3200/3200/3200 3199/3199/3199 
f 3190/3190/3190 3201/3201/3201 3200/3200/3200 
f 3190/3190/3190 3202/3202/3202 3201/3201/3201 
f 3190/3190/3190 3203/3203/3203 3202/3202/3202 
f 3190/3190/3190 3204/3204/3204 3203/3203/3203 
f 3190/3190/3190 3206/3206/3206 3205/3205/3205 
f 3190/3190/3190 3207/3207/3207 3206/3206/3206 
f 3190/3190/3190 3208/3208/3208 3207/3207/3207 
f 3190/3190/3190 3209/3209/3209 3208/3208/3208 
f 3190/3190/3190 3210/3210/3210 3209/3209/3209 
f 3190/3190/3190 3211/3211/3211 3210/3210/3210 
f 3190/3190/3190 3213/3213/3213 3212/3212/3212 
f 3190/3190/3190 3214/3214/3214 3213/3213/3213 
f 3190/3190/3190 3215/3215/3215 3214/3214/3214 
f 3190/3190/3190 3216/3216/3216 3215/3215/3215 
f 3190/3190/3190 3217/3217/3217 3216/3216/3216 
f 3190/3190/3190 3218/3218/3218 3217/3217/3217 
f 3219/3219/3219 3220/3220/3220 3221/3221/3221 
f 3221/3221/3221 3220/3220/3220 3222/3222/3222 
f 3221/3221/3221 3222/3222/3222 3223/3223/3223 
f 3223/3223/3223 3222/3222/3222 3224/3224/3224 
f 3223/3223/3223 3224/3224/3224 3225/3225/3225 
f 3225/3225/3225 3224/3224/3224 3226/3226/3226 
f 3225/3225/3225 3226/3226/3226 3227/3227/3227 
f 3227/3227/3227 3226/3226/3226 3228/3228/3228 
f 3227/3227/3227 3228/3228/3228 3229/3229/3229 
f 3229/3229/3229 3228/3228/3228 3230/3230/3230 
f 3229/3229/3229 3230/3230/3230 3231/3231/3231 
f 3231/3231/3231 3230/3230/3230 3232/3232/3232 
f 3233/3233/3233 3234/3234/3234 3235/3235/3235 
f 3235/3235/3235 3234/3234/3234 3236/3236/3236 
f 3235/3235/3235 3236/3236/3236 3237/3237/3237 
f 3237/3237/3237 3236/3236/3236 3238/3238/3238 
f 3237/3237/3237 3238/3238/3238 3239/3239/3239 
f 3239/3239/3239 3238/3238/3238 3240/3240/3240 
f 3239/3239/3239 3240/3240/3240 3241/3241/3241 
f 3241/3241/3241 3240/3240/3240 3242/3242/3242 
f 3241/3241/3241 3242/3242/3242 3243/3243/3243 
f 3243/3243/3243 3242/3242/3242 3244/3244/3244 
f 3243/3243/3243 3244/3244/3244 3245/3245/3245 
f 3245/3245/3245 3244/3244/3244 3246/3246/3246 

